block_id,cluster_id,is_anomaly,anomaly_score
blk_38865049064139660,1,False,1.919119119644165
blk_-6952295868487656571,1,False,2.014585256576538
blk_7128370237687728475,2,False,1.4245612621307373
blk_8229193803249955061,1,True,2.0866973400115967
blk_-6670958622368987959,1,False,1.885023832321167
blk_3050920587428079149,2,False,1.4405536651611328
blk_7888946331804732825,2,False,1.5585745573043823
blk_2377150260128098806,2,False,1.5962368249893188
blk_572492839287299681,1,False,1.9141528606414795
blk_3587508140051953248,-1,False,1.4218900203704834
blk_5402003568334525940,8,False,1.4537557363510132
blk_5792489080791696128,7,False,1.5727736949920654
blk_1724757848743533110,7,False,1.601126790046692
blk_8015913224713045110,2,False,1.4897912740707397
blk_-5623176793330377570,7,False,1.5952479839324951
blk_-1727475099218615100,6,False,1.6778836250305176
blk_5017373558217225674,1,False,1.8415107727050781
blk_9212264480425680329,8,False,1.3869035243988037
blk_-7878121102358435702,6,False,1.6630042791366577
blk_4568434182693165548,2,False,1.4141823053359985
blk_-5704899712662113150,8,False,1.3667079210281372
blk_-4794867979917102672,2,False,1.4544498920440674
blk_8763662564934652249,2,False,1.5810203552246094
blk_-5861636720645142679,8,False,1.3047714233398438
blk_7453815855294711849,2,False,1.5495010614395142
blk_-28342503914935090,7,False,1.5853816270828247
blk_8291449241650212794,8,False,1.3288514614105225
blk_-5319073033164653435,6,False,1.6243035793304443
blk_-4980916519894289629,-1,False,1.7286145687103271
blk_-5974833545991408899,8,False,1.2859798669815063
blk_-5009020203888190378,7,False,1.558233618736267
blk_6921674711959888070,8,False,1.415549397468567
blk_5165786360127153975,2,False,1.5352245569229126
blk_2937758977269298350,7,False,1.5799527168273926
blk_673825774073966710,2,False,1.5347756147384644
blk_-7526945448667194862,8,False,1.353718638420105
blk_-2094397855762091248,8,False,1.3278449773788452
blk_-8523968015014407246,8,False,1.3286399841308594
blk_8181993091797661153,2,False,1.4243409633636475
blk_-6276023454199613372,7,False,1.6659952402114868
blk_4755566011267050000,8,False,1.374519944190979
blk_-3909548841543565741,-1,False,1.2488821744918823
blk_-6809181994368905854,7,False,1.5625684261322021
blk_8829027411458566099,8,False,1.3462945222854614
blk_-29548654251973735,2,False,1.5660468339920044
blk_-5073870177832699716,1,False,1.8297687768936157
blk_-8241093737585222406,8,False,1.347179889678955
blk_-2480595760294717232,2,False,1.5537934303283691
blk_7791237942696729620,1,False,1.9134100675582886
blk_2113880130496815041,2,False,1.5075294971466064
blk_1064470652608359218,8,False,1.4174275398254395
blk_-1661553043410372067,2,False,1.5301966667175293
blk_-1527267659500322006,1,False,1.999388337135315
blk_4886940526690879848,1,False,1.8766709566116333
blk_-2452477352812192142,-1,False,1.3195065259933472
blk_-4229375751333894621,1,False,1.8584392070770264
blk_-774267833966018354,7,False,1.5611040592193604
blk_2513940824125131775,6,False,1.6960238218307495
blk_-1282453782148343691,6,False,1.648800253868103
blk_-518701095493827363,8,False,1.3706711530685425
blk_-2530087534157630851,2,False,1.397784948348999
blk_427714267500527780,2,False,1.61896812915802
blk_-967145856473901804,8,False,1.3494280576705933
blk_8408125361497769001,8,False,1.3630210161209106
blk_-1614641487214609125,8,False,1.362170934677124
blk_7577595658377008671,8,False,1.5665236711502075
blk_3777400576053320362,8,False,1.4066611528396606
blk_-5852844080027817147,1,True,2.0436758995056152
blk_-2129171714384027465,8,False,1.432668685913086
blk_-2827716238972737794,-1,False,1.5804049968719482
blk_-3509323198988774369,7,False,1.5833890438079834
blk_9093049293972551787,1,False,1.9678210020065308
blk_1781953582842324563,4,False,1.7227779626846313
blk_-7724713468912166542,7,False,1.7347638607025146
blk_-3358448553918665902,7,False,1.6658616065979004
blk_-5341992729755584578,7,False,1.7560698986053467
blk_3166960787499091856,7,False,1.7309659719467163
blk_-2918118818249673980,0,False,1.7192188501358032
blk_8376667364205250596,0,False,1.7332861423492432
blk_-2794533871450434534,-1,False,1.6104382276535034
blk_3763728533434719668,0,False,1.7649253606796265
blk_6241141267506413726,0,False,1.796061396598816
blk_-6520030462660619051,7,False,1.7206791639328003
blk_8466246428293623262,0,False,1.6384925842285156
blk_-3140754468249228022,0,False,1.7764025926589966
blk_3441699978641526775,0,False,1.688795804977417
blk_5739119717322549945,7,False,1.804622769355774
blk_-305633040016166849,0,False,1.7669034004211426
blk_-6290631608800952376,0,False,1.686349630355835
blk_8787656642683881295,-1,False,1.639689326286316
blk_-4841792440390267307,0,False,1.7988423109054565
blk_5126469776250053435,0,False,1.668455719947815
blk_-2032740670708110312,0,False,1.716043472290039
blk_-62891505109755100,0,False,1.6966052055358887
blk_2244903517044280975,0,False,1.7701114416122437
blk_5905933788014151041,0,False,1.8195327520370483
blk_6296828743242110158,7,False,1.7839552164077759
blk_2969087638814291714,0,False,1.7301512956619263
blk_2879780987351022871,0,False,1.5305181741714478
blk_4934527196392001803,0,False,1.7232645750045776
blk_7517964792804498202,0,False,1.7283321619033813
blk_7940316270494947483,0,False,1.784155011177063
blk_7154985168984871115,0,False,1.7673704624176025
blk_-6867873931012347356,8,False,1.3783406019210815
blk_6093743385844975689,2,False,1.577103853225708
blk_8692428775973608797,7,False,1.540441632270813
blk_-6837050820114491742,1,False,2.016669988632202
blk_-5195432543794777448,8,False,1.326820969581604
blk_1636660629634995787,2,False,1.5221021175384521
blk_467589865104023338,2,False,1.5794422626495361
blk_7929144620252342335,8,False,1.38375723361969
blk_-1798958443298220150,7,False,1.6197429895401
blk_-54240672253074715,1,False,1.8742098808288574
blk_-7172347691639518373,7,False,1.5624358654022217
blk_-6412155847905320411,7,False,1.578554630279541
blk_699651392443620263,7,False,1.556891918182373
blk_-8788032532930439012,7,False,1.581635594367981
blk_-3455521536483250153,8,False,1.260411024093628
blk_-7017553867379051457,2,False,1.5609718561172485
blk_-1259190292740306590,7,False,1.6128462553024292
blk_-6620182933895093708,6,False,1.6569905281066895
blk_2028803850179311599,1,False,2.016817569732666
blk_-8562334328670278932,7,False,1.5434460639953613
blk_-8108913101671416218,1,False,1.914381504058838
blk_-7640601843607665080,1,False,1.747462511062622
blk_7654726977769174867,7,False,1.5394586324691772
blk_8320088109701056055,1,False,1.8708770275115967
blk_4585055992495043771,2,False,1.6013258695602417
blk_-4330512786228504138,8,False,1.329219937324524
blk_4628142183191390143,2,False,1.5198832750320435
blk_-6766351519628312408,1,False,1.9190698862075806
blk_-476906696485288376,2,False,1.459535002708435
blk_-7436749154361133879,1,True,2.0684239864349365
blk_7061131805920430446,7,False,1.6723629236221313
blk_-684595390732854503,8,False,1.3408591747283936
blk_-6956067134432991406,2,False,1.4267576932907104
blk_549647953114643908,1,False,1.9526524543762207
blk_559204981722276126,6,False,1.7029576301574707
blk_-165500353496111884,1,False,1.9570980072021484
blk_-7105305952901940477,6,False,1.6692993640899658
blk_-9103764593642564543,7,False,1.552008867263794
blk_3160319368100972992,1,False,1.8954263925552368
blk_-562725280853087685,8,False,1.4308897256851196
blk_4568377692254637284,1,False,1.8338676691055298
blk_-5217146995455608468,7,False,1.5777051448822021
blk_7481361125021302112,2,False,1.5789705514907837
blk_-71429470616906355,8,False,1.3018888235092163
blk_-522892190802801712,7,False,1.5688163042068481
blk_-3249711809227781266,2,False,1.635553002357483
blk_-6329494504520216748,7,False,1.5054590702056885
blk_-207775976836691685,6,False,1.6507648229599
blk_5114010683183383297,2,False,1.5351179838180542
blk_-7656610147924319419,1,True,2.25347900390625
blk_2096692261399680562,6,False,1.6585909128189087
blk_-6500549130351529113,1,False,1.994496464729309
blk_-8255732027871411321,7,False,1.5718340873718262
blk_-2896670847306153652,1,False,1.9745458364486694
blk_-8856628810470361280,7,False,1.5862151384353638
blk_3463540868626173125,8,False,1.3834474086761475
blk_-5309211894896608429,8,False,1.3418009281158447
blk_-1055254430948037872,2,False,1.5345203876495361
blk_3962600675982666210,7,False,1.6411865949630737
blk_-730776401372551814,1,True,2.042863607406616
blk_-7553009628768897700,1,False,1.9047244787216187
blk_3068335169639013019,8,False,1.3874592781066895
blk_-9069971851590882719,2,False,1.5562041997909546
blk_-8924134715029713489,2,False,1.5373743772506714
blk_278357163850888,2,False,1.5165446996688843
blk_-5135777574223073423,7,False,1.5876696109771729
blk_-1148756466197125339,1,False,1.841140866279602
blk_9074030793567748915,1,False,1.8780754804611206
blk_-4067446915270471579,-1,False,1.5491547584533691
blk_3259872359515191972,1,False,1.9996845722198486
blk_5963816136267066159,1,False,1.826468586921692
blk_-210021574616486609,6,False,1.6902486085891724
blk_-1547954353065580372,-1,False,1.6415176391601562
blk_-8524274644018377752,7,False,1.5719197988510132
blk_-2015110815660478655,7,False,1.6618309020996094
blk_7484759945731484842,8,False,1.489366888999939
blk_-4110733372292809607,2,False,1.4988250732421875
blk_-7152190882826520998,8,False,1.1977511644363403
blk_-6543889749770222531,7,False,1.5485782623291016
blk_8772892713521115147,8,False,1.3328098058700562
blk_-6979800421545566530,8,False,1.3317749500274658
blk_8935202950442998446,6,False,1.7151224613189697
blk_-4799092443170733505,1,False,1.8320177793502808
blk_-3010126661650043258,6,False,1.6864819526672363
blk_-5215520749152394224,1,False,1.954694390296936
blk_397848436489409658,1,True,2.049438714981079
blk_-9181958042427679309,2,False,1.4020156860351562
blk_-5124326558394984439,8,False,1.2952537536621094
blk_-4741127506068309449,2,False,1.3898066282272339
blk_-4937215748597091532,1,False,1.9936001300811768
blk_541463031152673662,2,False,1.5487802028656006
blk_-7514806214244798312,8,False,1.330808162689209
blk_-7007208336332784130,8,False,1.4280980825424194
blk_6996194389878584395,-1,False,1.7112337350845337
blk_-6836642008179678048,2,False,1.529866337776184
blk_8060713381303305129,1,False,1.8830177783966064
blk_5760391051658436046,7,False,1.5854499340057373
blk_-7866582011201618766,6,False,1.704843282699585
blk_-7555801584297376435,2,False,1.5446853637695312
blk_-5949883083428548093,2,False,1.3809847831726074
blk_-9162090767925303921,6,False,1.6912785768508911
blk_-4196449318426994195,1,False,1.8197059631347656
blk_4238127626194855481,7,False,1.5784715414047241
blk_-3805070405372551730,8,False,1.352305293083191
blk_-2013946318750925538,-1,False,1.3676916360855103
blk_3278280638950561822,1,False,1.8627560138702393
blk_-26568864070436835,1,True,2.2439215183258057
blk_-9161369067334198861,1,False,1.8558218479156494
blk_-1094025072435547068,8,False,1.3148367404937744
blk_6534693994677948144,8,False,1.3792126178741455
blk_7672124247291403094,7,False,1.5650354623794556
blk_-5569558931000121451,1,False,1.8198374509811401
blk_-4566099704755845087,1,False,1.9491629600524902
blk_-8093500164295459838,1,False,1.931911826133728
blk_-3787594914477940893,8,False,1.3365919589996338
blk_426381928692704514,8,False,1.3942878246307373
blk_-7413910507260978729,6,False,1.644081711769104
blk_4774656339381154282,1,False,1.8837605714797974
blk_-8227485321105019293,7,False,1.5604125261306763
blk_5210211633167259832,2,False,1.5516709089279175
blk_2917692073041583988,1,False,1.9222922325134277
blk_-8558845834445970595,2,False,1.3978707790374756
blk_3852281952649038166,8,False,1.357692837715149
blk_-5442040196315589272,1,True,2.156374454498291
blk_-6486714614940767660,7,False,1.6233078241348267
blk_755689327380778318,1,False,1.9180428981781006
blk_-8847552694913526632,8,False,1.3271899223327637
blk_7736147489540456118,8,False,1.3731027841567993
blk_-3677956642639780952,8,False,1.3547552824020386
blk_3073404534069578592,2,False,1.5727652311325073
blk_1498192967843651378,8,False,1.4555037021636963
blk_148513789886825227,7,False,1.5624864101409912
blk_7229716389774599497,7,False,1.540845513343811
blk_4741107979793372752,1,False,2.0145697593688965
blk_691517018986659607,7,False,1.592248558998108
blk_6002109944224710483,2,False,1.5410383939743042
blk_5095897972833086609,2,False,1.4088698625564575
blk_-3802183646922512795,1,False,1.8751749992370605
blk_9072829105973334075,2,False,1.5335873365402222
blk_4841101867353115844,-1,True,2.273898124694824
blk_1997668456720275587,1,True,2.066061019897461
blk_3304535870056962597,8,False,1.3826080560684204
blk_-4853183643928986291,1,True,2.205815315246582
blk_6828121630547887549,2,False,1.5414758920669556
blk_3084588477220583373,8,False,1.4483898878097534
blk_-653434419514937486,1,False,1.944305181503296
blk_1104376461837247304,6,False,1.6933631896972656
blk_-5511630179413516751,2,False,1.5076602697372437
blk_4404895858852856851,1,True,2.0304484367370605
blk_-591552904934794824,6,False,1.6685566902160645
blk_-8408087700903896282,6,False,1.6681253910064697
blk_-5404881839098659470,2,False,1.5019811391830444
blk_703046261120042821,1,True,2.267845392227173
blk_-488298625688742454,6,False,1.65921151638031
blk_6465095458973828118,1,False,1.8297592401504517
blk_-9110604833387121363,1,False,1.9254695177078247
blk_5977008528949258706,7,False,1.5770297050476074
blk_3781645897486585075,1,True,2.03999662399292
blk_-1635752698830216319,2,False,1.379887342453003
blk_3070718541088657475,1,False,1.7845534086227417
blk_-1674094254141559552,6,False,1.6786155700683594
blk_6080034782037237879,2,False,1.512832760810852
blk_-8645365827804358878,6,False,1.6478976011276245
blk_3291173852929756766,6,False,1.7161365747451782
blk_892900079071425422,8,False,1.3981889486312866
blk_2243777557693112935,1,False,1.9107357263565063
blk_-8192956077351896648,8,False,1.364713191986084
blk_5250287988089075029,8,False,1.409602403640747
blk_446513188203036714,2,False,1.576249599456787
blk_-2020273862360001901,-1,False,1.2642430067062378
blk_3338047823148530794,1,False,1.9326632022857666
blk_4210124392039605712,6,False,1.731068730354309
blk_-6330812010936261924,2,False,1.5126416683197021
blk_-8380267327243110056,6,False,1.6469975709915161
blk_-8077373411465716253,2,False,1.48477303981781
blk_-9198375937828232046,1,False,1.9465057849884033
blk_9107849594802857322,1,True,2.035623788833618
blk_271142976916798281,7,False,1.5596827268600464
blk_4029732570544915384,8,False,1.3816484212875366
blk_679168189072909208,1,False,1.852718710899353
blk_6285161494041403917,2,False,1.5280077457427979
blk_-5306443381473737599,8,False,1.3387314081192017
blk_-2466006073687914843,1,False,1.9714438915252686
blk_-6995454028444097802,2,False,1.546005129814148
blk_344934934043642744,2,False,1.5277177095413208
blk_4984720043834039361,2,False,1.552458643913269
blk_6398122733993275620,7,False,1.541324496269226
blk_325981833999429148,2,False,1.5939525365829468
blk_2568309208894455676,3,False,1.4988596439361572
blk_1078000656626961731,7,False,1.8491690158843994
blk_-6900989714336081087,0,False,1.7145941257476807
blk_-8306714721294235181,7,False,1.6460989713668823
blk_-8023826090828946372,0,False,1.7318531274795532
blk_-1367876730256254709,0,False,1.6022526025772095
blk_-3860894070657427592,7,False,1.780731439590454
blk_-7983508786213002472,0,False,1.6374869346618652
blk_5454332143498402824,7,False,1.7147921323776245
blk_-3384560576963801177,7,False,1.725699782371521
blk_-2901225370888235702,7,False,1.7442030906677246
blk_3963698556744744747,-1,False,1.7732222080230713
blk_2039230511363331616,7,False,1.736002802848816
blk_8482111101480751895,7,False,1.7323853969573975
blk_-5919767990596301121,7,False,1.7039945125579834
blk_8457344665564381337,7,False,1.7094758749008179
blk_2986720270598512615,7,False,1.7020397186279297
blk_-5719934513583495857,7,False,1.7285995483398438
blk_-7680599654910200999,0,False,1.7426148653030396
blk_-6050976999174805557,7,False,1.7503299713134766
blk_1598414622053793245,7,False,1.5771645307540894
blk_-7837339190764609698,7,False,1.7020153999328613
blk_-8187008844253719581,-1,False,1.5739847421646118
blk_4081177399275502985,7,False,1.7680429220199585
blk_3515154079719300106,7,False,1.7499374151229858
blk_5547569777499890340,0,False,1.6602450609207153
blk_5385121219895615240,7,False,1.729386806488037
blk_-7658293778087733436,0,False,1.7461860179901123
blk_3169060243663461885,0,False,1.6849936246871948
blk_3087787567144441647,-1,False,1.5544774532318115
blk_-3657665801189425193,7,False,1.7408032417297363
blk_-3457731723401426942,7,False,1.7416595220565796
blk_6105506155797750768,7,False,1.6838892698287964
blk_-8522942048313632858,0,False,1.7488124370574951
blk_365496398062338141,7,False,1.7552894353866577
blk_3979872751691718643,7,False,1.778229832649231
blk_-272707591443354058,0,False,1.7337819337844849
blk_-8679916835272129336,0,False,1.6913163661956787
blk_6106884317961925960,0,False,1.6644946336746216
blk_6332892729727950039,0,False,1.6348023414611816
blk_6655622109568310643,7,False,1.71649169921875
blk_-5935642747315643391,0,False,1.6746940612792969
blk_-20269367189114433,0,False,1.617074966430664
blk_-7364557883931785608,7,False,1.6108794212341309
blk_2322432806134104317,7,False,1.7652332782745361
blk_4848669047361069041,7,False,1.746956706047058
blk_-1851265222873801714,0,False,1.7696527242660522
blk_-8495670552887053546,0,False,1.7205640077590942
blk_-7372087176866857012,0,False,1.7816846370697021
blk_4357276972386184626,0,False,1.6867663860321045
blk_-4590972095204776122,0,False,1.7480816841125488
blk_-8277873627721528374,7,False,1.71941077709198
blk_3797494971676497497,7,False,1.7325632572174072
blk_805587860540600864,-1,False,1.758895754814148
blk_3141363517520802396,-1,False,1.7278448343276978
blk_-1383276859207001328,-1,False,1.7156484127044678
blk_-4117999745005013424,-1,False,1.732275366783142
blk_4524198807982839635,0,False,1.605683445930481
blk_7505828172725463922,0,False,1.7866986989974976
blk_424255210146453297,0,False,1.6419841051101685
blk_666713934549639791,-1,False,1.7396564483642578
blk_-2975629975082443857,7,False,1.6922073364257812
blk_1686195200514944346,0,False,1.870030164718628
blk_4355450627202483068,7,False,1.7671797275543213
blk_5952254363678329024,7,False,1.773861050605774
blk_-667933171485085225,0,False,1.6563957929611206
blk_9188832735514090334,-1,False,1.6670138835906982
blk_2273334621242106674,7,False,1.7091845273971558
blk_3790492230047189408,0,False,1.6152749061584473
blk_-2285729896739318683,7,False,1.7022640705108643
blk_-1233005817943453613,3,False,1.3647323846817017
blk_-8736461628840265232,3,False,1.362289547920227
blk_166171721314010075,5,False,1.6706242561340332
blk_-3362838757940877177,5,False,1.6925932168960571
blk_-8026264173633579073,5,False,1.6994671821594238
blk_8350646254685996250,5,False,1.707990050315857
blk_-4702684774678057084,3,False,1.3647434711456299
blk_434034567989619521,3,False,1.4751160144805908
blk_413552235254424009,5,False,1.5150692462921143
blk_7177118590277025973,3,False,1.4443367719650269
blk_2576408434603492552,3,False,1.4481292963027954
blk_356592557993755459,3,False,1.3670231103897095
blk_9111860234027679206,3,False,1.3492438793182373
blk_5178539130945718870,5,False,1.6648813486099243
blk_-1331750856499198500,3,False,1.390809178352356
blk_-3792836284792472725,3,False,1.426177740097046
blk_6031076349976322578,3,False,1.3071318864822388
blk_4438674026376140804,5,False,1.90130615234375
blk_1777689952069868672,3,False,1.463572382926941
blk_-3275788837420923000,3,False,1.380956768989563
blk_-6056336045486998577,5,False,1.5432870388031006
blk_-5368528328022648701,5,False,1.605725884437561
blk_-9056276727170871967,3,False,1.3806445598602295
blk_-6289001686128460561,5,False,1.5608150959014893
blk_6855535886504612774,5,False,1.5315802097320557
blk_-6477590833521072407,3,False,1.3596374988555908
blk_865453227320668516,3,False,1.4350436925888062
blk_2149728827322918746,5,False,1.6075918674468994
blk_6324712740029479576,5,False,1.7021903991699219
blk_6763863888784019261,5,False,1.6287997961044312
blk_1543605971733759530,5,False,1.7379565238952637
blk_-6114220623980201749,5,False,1.6303900480270386
blk_-945770324989341170,3,False,1.3797320127487183
blk_-5145886774827574591,3,False,1.3487904071807861
blk_3598904881888399067,3,False,1.4544522762298584
blk_-6255015379143356507,5,False,1.6335951089859009
blk_8247499802516177421,5,False,1.6308220624923706
blk_-8403618945096094999,3,False,1.3753700256347656
blk_-2012430628930443984,3,False,1.302075982093811
blk_7819984111120374407,3,False,1.4066466093063354
blk_4499140370762613763,5,False,1.5688518285751343
blk_2304296078821316612,3,False,1.420295000076294
blk_358331073189608564,5,False,1.6356465816497803
blk_8404604116961181201,5,False,1.714918851852417
blk_-3582070652284403613,3,False,1.3697128295898438
blk_-4954795063440871977,5,False,1.6377123594284058
blk_-6640779266188771131,3,False,1.3536264896392822
blk_3858015337960682724,3,False,1.4162869453430176
blk_570916157110129687,3,False,1.427686095237732
blk_-7418499425236853516,3,False,1.3942738771438599
blk_-7894824934989391122,5,False,1.5371432304382324
blk_-5005618994659797504,5,False,1.6454083919525146
blk_7932704730736035192,3,False,1.3603191375732422
blk_-2834195813213005328,3,False,1.3501908779144287
blk_-5972745462629982078,3,False,1.4168847799301147
blk_-7111788899695387329,5,False,1.4510993957519531
blk_-1110880362999960078,5,False,1.6440287828445435
blk_6489659315944341351,3,False,1.4081828594207764
blk_7324196727355442810,5,False,1.784403681755066
blk_-2589662411410634043,5,False,1.6667333841323853
blk_8602496359012842630,5,False,1.5668632984161377
blk_-133919539232421451,5,False,1.5283775329589844
blk_-6136511938931864993,5,False,1.5433424711227417
blk_8871064397020855320,5,False,1.6311737298965454
blk_8483848473254499625,4,False,1.8160816431045532
blk_-9188933731705791676,8,False,1.3262187242507935
blk_-8898274302731129139,4,False,1.7902756929397583
blk_-8014701913801168461,4,False,1.752671480178833
blk_-8775602795571523802,-1,False,1.446785569190979
blk_-7928230000822317050,4,False,1.878074049949646
blk_8303413189200230139,4,False,1.8487251996994019
blk_-9038475355621289969,4,False,1.8161364793777466
blk_4263664068073345850,8,False,1.4396897554397583
blk_-8848810702648406400,4,False,1.7494767904281616
blk_-6997219177553478996,1,True,2.264853000640869
blk_-2230892279625104430,6,False,1.6748127937316895
blk_-7515058933811567980,4,False,1.8235461711883545
blk_-8484827087450439270,4,False,1.7886662483215332
blk_-8144387882075572886,4,False,1.8529658317565918
blk_-8383503596684323017,4,False,1.7183725833892822
blk_-8796256534683400159,4,False,1.861799955368042
blk_4098532420907418423,8,False,1.4678012132644653
blk_-4368236874477798428,4,False,1.7516523599624634
blk_-4223625526513535681,4,False,1.8231079578399658
blk_-6400421658804613208,4,False,1.8908084630966187
blk_-5880591395067598620,4,False,1.832878589630127
blk_-7096508472270520039,4,False,1.7807936668395996
blk_-1939956833921604216,4,False,1.8235790729522705
blk_-3860035787700398391,4,False,1.8035030364990234
blk_-6008397446568765070,4,False,1.8245502710342407
blk_-2425070029518924403,4,False,1.8077447414398193
blk_826351419727053015,-1,False,1.4501140117645264
blk_-3437475890798229344,4,False,1.8332488536834717
blk_-1492402439215451727,4,False,1.7948098182678223
blk_-4298255715894292387,4,False,1.7835047245025635
blk_-4295805058711840933,4,False,1.8419781923294067
blk_830855781964014378,4,False,1.8287783861160278
blk_8291708741145026623,4,False,1.79696786403656
blk_-921231092429668424,4,False,1.7969516515731812
blk_-1581605246928123722,4,False,1.7854384183883667
blk_-2445347158368483245,4,False,1.747983455657959
blk_-1897524391075610396,4,False,1.8538023233413696
blk_-8588908000680498,4,False,1.7801045179367065
blk_561417755647618727,4,False,1.788059115409851
blk_-6127741703501838658,4,False,1.8859407901763916
blk_-3636681193077858741,4,False,1.8651340007781982
blk_-643763844763678010,4,False,1.74079430103302
blk_-2826763604408365998,4,False,1.7904855012893677
blk_2278708746675870163,4,False,1.7340964078903198
blk_153508158653341141,-1,False,1.4893605709075928
blk_-1775264355226395799,4,False,1.736628770828247
blk_-1599621098605751235,4,False,1.822353720664978
blk_-1111344660779690782,4,False,1.781023621559143
blk_3585588704565901062,4,False,1.742435097694397
blk_2756799797410851893,4,False,1.8065104484558105
blk_7323287581932922676,-1,False,1.4915845394134521
blk_-4935573595350235765,8,False,1.357438325881958
blk_496376132244907301,6,False,1.6994991302490234
blk_2731617036199392057,4,False,1.768534541130066
blk_7190156588310412626,4,False,1.772274374961853
blk_8189008752707332487,4,False,1.7630407810211182
blk_6828263829429857572,4,False,1.7058539390563965
blk_8492196963764530259,4,False,1.722591757774353
blk_7942183449206967755,4,False,1.8165392875671387
blk_6223504502438507199,4,False,1.829858660697937
blk_7519257846502835091,4,False,1.9373129606246948
blk_5272005015837990021,4,False,1.8460869789123535
blk_7090935285617451450,4,False,1.7889496088027954
blk_8145984793403459836,4,False,1.7681578397750854
blk_7603278760520020831,4,False,1.7761420011520386
blk_9169945668827621796,4,False,1.7961937189102173
blk_-5668584889663038916,8,False,1.3327943086624146
blk_5277338321835341602,2,False,1.5451871156692505
blk_6973321719929905054,4,False,1.7813491821289062
blk_5948455948626091880,4,False,1.7976549863815308
blk_-3684613761619321001,2,False,1.5505893230438232
blk_6497260538939100482,4,False,1.857607364654541
blk_-6991853982611346454,1,True,2.06675124168396
blk_6140788650991100539,6,False,1.6964386701583862
blk_7754477838724397551,-1,False,1.5455962419509888
blk_-3452734573703603740,1,False,1.9572426080703735
blk_-4034227974316905164,8,False,1.3647866249084473
blk_-2016403519138424998,6,False,1.704760193824768
blk_2972699288862031202,7,False,1.5846073627471924
blk_-4956232013010963754,7,False,1.5669379234313965
blk_8894334107354324777,2,False,1.5729974508285522
blk_-6035642070260562886,1,False,1.9949671030044556
blk_4802366409699286298,2,False,1.3938469886779785
blk_-1753161039594546561,7,False,1.6055344343185425
blk_859668537217019080,1,False,1.8161261081695557
blk_-2073265102548439691,6,False,1.6613153219223022
blk_3083630442630693250,8,False,1.4945930242538452
blk_-4624597753370705281,1,False,1.8644239902496338
blk_-5236578579938215340,8,False,1.174486756324768
blk_-6592952246351162022,2,False,1.615032434463501
blk_-3329473910909732817,2,False,1.5813319683074951
blk_-1347057913082589493,4,False,1.760109543800354
blk_-8198423074054354279,7,False,1.545619249343872
blk_391813102554451063,1,False,1.8876116275787354
blk_-6449891932967810179,2,False,1.5224474668502808
blk_-8563999607069929505,7,False,1.5617443323135376
blk_-4304240611296196935,4,False,1.8393027782440186
blk_-3663004104512304532,2,False,1.567253828048706
blk_-6909607053783233975,6,False,1.6673082113265991
blk_-2141627858612526069,8,False,1.3612873554229736
blk_5272731391668336674,7,False,1.5674519538879395
blk_5491101910066444061,2,False,1.532423734664917
blk_5075966182561035053,4,False,1.8462642431259155
blk_-5421365489363678155,8,False,1.320726752281189
blk_2294700909811950327,8,False,1.443981647491455
blk_7224257732880626802,8,False,1.4315733909606934
blk_-8049908920306758342,8,False,1.3070197105407715
blk_-6582383997201802925,2,False,1.357191801071167
blk_6746178639682808096,-1,False,1.5196154117584229
blk_-5363213609331400263,2,False,1.4380263090133667
blk_-5586529360624346565,8,False,1.3339163064956665
blk_2063252936853409868,8,False,1.353601098060608
blk_8752665860595246441,7,False,1.618714690208435
blk_2974262690755997396,1,False,1.791311264038086
blk_-7030770677241078854,2,False,1.4324119091033936
blk_3318864983801406136,1,False,1.9195430278778076
blk_-5255262711039499896,6,False,1.6625710725784302
blk_-3612946656596896413,7,False,1.5851597785949707
blk_8751697793900992450,8,False,1.4341239929199219
blk_5816171803790152026,7,False,1.5515822172164917
blk_-6068587951382721748,2,False,1.5552020072937012
blk_5782729236964719738,6,False,1.7062832117080688
blk_-2856928563366064757,8,False,1.3185045719146729
blk_8348114876238571434,1,True,2.035046100616455
blk_1744485040428751334,7,False,1.5760802030563354
blk_-7592643790414500555,6,False,1.6842901706695557
blk_-5960135894031733009,8,False,1.3215028047561646
blk_8952177028039691517,2,False,1.5550460815429688
blk_939695665085237271,2,False,1.5532721281051636
blk_6374836031306809839,6,False,1.6955527067184448
blk_1394107495884949139,7,False,1.5971674919128418
blk_-1751996688557225241,1,False,1.937030553817749
blk_-3990317238913332296,2,False,1.3790247440338135
blk_7837529475466774167,1,False,1.870103120803833
blk_1057763407402503745,7,False,1.5536894798278809
blk_8988793695103110546,2,False,1.5817993879318237
blk_-5340841684362207777,8,False,1.32301926612854
blk_-2600305892036631113,2,False,1.475740909576416
blk_-2144263949276079479,2,False,1.5719361305236816
blk_-6927870228542972281,7,False,1.5900380611419678
blk_6610244864386894422,1,False,2.004406690597534
blk_774612454978154966,-1,False,1.6255115270614624
blk_6672666770563118759,7,False,1.5676649808883667
blk_4783621682384104986,7,False,1.5327504873275757
blk_-1387034299358896632,1,False,1.999192714691162
blk_-5012639079435860269,2,False,1.566562533378601
blk_5600017220681756254,8,False,1.392747163772583
blk_8235751201501175836,7,False,1.5713800191879272
blk_-8838161455213213548,7,False,1.5459351539611816
blk_-3741526967786688540,8,False,1.3194907903671265
blk_120277101968534224,8,False,1.3727526664733887
blk_7535677865140289610,7,False,1.6204876899719238
blk_-5814328448485070742,8,False,1.3197386264801025
blk_1021828391502582165,2,False,1.556362509727478
blk_3202507081359904616,2,False,1.510600209236145
blk_102441832197223997,7,False,1.5826070308685303
blk_3242229894054064344,8,False,1.3908164501190186
blk_-7601381921195183756,4,False,1.8013911247253418
blk_2157471834570224881,8,False,1.3328537940979004
blk_-7029628814943626474,-1,False,1.7656238079071045
blk_-931590117143327078,7,False,1.592523455619812
blk_4967492069970766092,1,False,1.831842064857483
blk_-1485317050914225917,1,False,1.9620040655136108
blk_1727371778357941761,7,False,1.5841251611709595
blk_-2402036602753320612,2,False,1.594947338104248
blk_-1849105860762445186,8,False,1.4222285747528076
blk_-7820996703068538967,7,False,1.58191978931427
blk_4984150784048864430,6,False,1.6993615627288818
blk_1646909113279517647,8,False,1.391865611076355
blk_-8145226289286457574,2,False,1.5113705396652222
blk_5809900021002850724,2,False,1.5585612058639526
blk_2735034460607366827,7,False,1.5877597332000732
blk_-7486746679002157277,7,False,1.5784755945205688
blk_-8876879715755468215,7,False,1.5635416507720947
blk_-4139299269696044017,6,False,1.6810930967330933
blk_591323161994959677,7,False,1.5665757656097412
blk_-5828360070550196756,1,True,2.205974578857422
blk_-7683667795522321323,1,False,1.9165897369384766
blk_7733243482102436613,7,False,1.5463382005691528
blk_2980964138205299397,7,False,1.5613149404525757
blk_1589878256898761558,2,False,1.5569056272506714
blk_-2746863406163228797,7,False,1.5416158437728882
blk_3067558337579347170,7,False,1.5677390098571777
blk_8992894896370738220,7,False,1.5784722566604614
blk_-7230947007726948080,7,False,1.5837675333023071
blk_1869228153483717375,7,False,1.6230676174163818
blk_-3949633496933134307,2,False,1.4273545742034912
blk_-8745453424063341007,1,False,1.929950475692749
blk_-2117066166574895060,8,False,1.3077027797698975
blk_512039711533506696,2,False,1.5837644338607788
blk_6017354285686373326,1,False,1.9118750095367432
blk_5176855630425795751,2,False,1.528201937675476
blk_-4433556521525567493,8,False,1.2470953464508057
blk_-5321676321043683563,1,False,1.8647559881210327
blk_-357695136519539363,1,False,1.9812930822372437
blk_-7603740654202748654,2,False,1.4619742631912231
blk_1279439901767890758,1,False,1.921648621559143
blk_8942969309743886844,7,False,1.5911411046981812
blk_469871968689793326,8,False,1.3383673429489136
blk_2847401988110989655,6,False,1.650950312614441
blk_4307207852226914003,2,False,1.6147242784500122
blk_3506875694435075421,2,False,1.5540610551834106
blk_-4945182943709543868,2,False,1.3994816541671753
blk_7550266985912909372,6,False,1.7138923406600952
blk_-4619809198345103330,2,False,1.3820348978042603
blk_4614530673206341566,7,False,1.6507922410964966
blk_6125469222540396851,2,False,1.536690592765808
blk_6868050965297613251,7,False,1.5781534910202026
blk_-7266711648018793699,7,False,1.5971477031707764
blk_9146254623576405494,7,False,1.584022045135498
blk_-6966935672736779591,8,False,1.3269810676574707
blk_-7411687001739959508,7,False,1.5989691019058228
blk_6514181997629420906,1,False,1.9973174333572388
blk_-4434479572312007079,7,False,1.5867770910263062
blk_-3339018122410311668,1,True,2.0536069869995117
blk_5272761429354463572,2,False,1.563774585723877
blk_-1680563440028826904,1,False,1.8958641290664673
blk_-5671206752084326639,8,False,1.321829915046692
blk_1649162819905816843,-1,False,1.5888416767120361
blk_-2541428592126088938,6,False,1.6280885934829712
blk_6547729596040509998,2,False,1.491859793663025
blk_-3673133694834392576,7,False,1.5886306762695312
blk_48742413802609430,8,False,1.4777806997299194
blk_6085274723649229095,7,False,1.5799411535263062
blk_-227411387418683230,8,False,1.3652697801589966
blk_3079488924320077240,2,False,1.5683929920196533
blk_692184983396207285,8,False,1.4016900062561035
blk_-5009274684359267777,2,False,1.5651257038116455
blk_2599050023684318911,8,False,1.3576385974884033
blk_3911263675181899748,2,False,1.6255561113357544
blk_5641239200978828454,7,False,1.600415825843811
blk_-8852638972311349374,7,False,1.5866813659667969
blk_-719498947487451844,7,False,1.5787510871887207
blk_-3170270010972115378,2,False,1.4885293245315552
blk_6988110707613820142,7,False,1.5878101587295532
blk_-1490623381339215624,1,True,2.2063050270080566
blk_-2192382893903170466,7,False,1.554357647895813
blk_-6247364168500873179,2,False,1.4015952348709106
blk_4234385041723406944,2,False,1.5853573083877563
blk_8968608251219902913,8,False,1.3994807004928589
blk_-8502460962248995911,2,False,1.359277606010437
blk_-1201318815778694289,8,False,1.3360488414764404
blk_-9089815063425241739,8,False,1.3829103708267212
blk_1389634598105954660,2,False,1.5809813737869263
blk_557803157214911261,8,False,1.3752862215042114
blk_-1435656632270396446,2,False,1.5230166912078857
blk_7345322407792942877,1,False,1.7571990489959717
blk_-8939321760994370713,1,False,1.8050366640090942
blk_3958940914408609637,1,False,1.925665259361267
blk_5106303344783117537,6,False,1.699507236480713
blk_6628512193350164674,7,False,1.545525074005127
blk_-5587827566367944828,1,False,1.9809222221374512
blk_-743349875664670637,7,False,1.6853110790252686
blk_4581070264530964999,0,False,1.7531242370605469
blk_2139707931694085102,0,False,1.722946286201477
blk_-3056652732896088330,0,False,1.7273025512695312
blk_73389299186801686,0,False,1.6240543127059937
blk_4963214289850966664,0,False,1.6082981824874878
blk_-8082428389627750477,0,False,1.5957428216934204
blk_6338761369201338121,7,False,1.7225092649459839
blk_7489155602821840025,0,False,1.623439073562622
blk_2038610753592374847,-1,False,1.533998966217041
blk_2101007907134483259,0,False,1.7520880699157715
blk_3848747149919646864,0,False,1.775761365890503
blk_8059204889272489644,0,False,1.6821078062057495
blk_1683075246463470765,0,False,1.7433054447174072
blk_9216955386716663841,-1,False,1.5527468919754028
blk_4048438071314937575,0,False,1.793500304222107
blk_-1432303681669932458,7,False,1.742105484008789
blk_1910039736720341651,0,False,1.7601712942123413
blk_1646534811870220828,0,False,1.735761284828186
blk_-4984504651603069357,-1,False,1.7139227390289307
blk_424461424221613461,0,False,1.677482008934021
blk_7297060562345904886,7,False,1.7472748756408691
blk_-7391656937286046074,0,False,1.8297744989395142
blk_387577766066135394,6,False,1.6820074319839478
blk_6107935679779418195,7,False,1.5577560663223267
blk_3584162266158512993,1,False,1.9552514553070068
blk_-2591043665372016488,1,True,2.2459511756896973
blk_-1732662141253491971,6,False,1.669386386871338
blk_4959462704623252283,7,False,1.6334213018417358
blk_4553790855855864497,2,False,1.565492868423462
blk_-3261177124784025140,7,False,1.5607751607894897
blk_7501235595045510958,8,False,1.4723358154296875
blk_-3486808304671603275,7,False,1.5886863470077515
blk_6563909003697001371,7,False,1.534294843673706
blk_4068667188725811395,1,True,2.069692373275757
blk_-7355153279766988632,7,False,1.681392788887024
blk_-4854562124894030819,7,False,1.5713236331939697
blk_1828089683746536118,8,False,1.4396007061004639
blk_1345503778930512538,7,False,1.6017740964889526
blk_4318179566727871532,2,False,1.5808018445968628
blk_727000711161641724,1,True,2.267367124557495
blk_-2916658835497879256,2,False,1.4439421892166138
blk_7227035060836018780,8,False,1.3767733573913574
blk_4069436988023676023,2,False,1.5505222082138062
blk_-3981735565440284420,8,False,1.3557792901992798
blk_728165942214842306,7,False,1.5919095277786255
blk_-3157541550945505354,7,False,1.6331313848495483
blk_7838843222458775811,2,False,1.5000003576278687
blk_3088175971503531298,1,False,1.9072022438049316
blk_-3620767662957963389,8,False,1.3407745361328125
blk_-5078186985701364847,7,False,1.5855199098587036
blk_7193551490488433552,7,False,1.6187025308609009
blk_-8022986908643041177,2,False,1.5648421049118042
blk_-5003122231679852524,7,False,1.5761375427246094
blk_-3276232266876914214,8,False,1.3498809337615967
blk_-7667417209393167541,6,False,1.6544097661972046
blk_-5400783031085008882,2,False,1.5665595531463623
blk_-1197396592032418307,1,False,1.8612433671951294
blk_7533949673910842243,1,False,1.979045033454895
blk_8842097432176169457,1,True,2.0989558696746826
blk_560063894682806537,8,False,1.4612441062927246
blk_2652444451422301232,8,False,1.3725963830947876
blk_7016884347337429710,8,False,1.436255693435669
blk_-4174618838156947380,2,False,1.4717695713043213
blk_-3402248757106237109,1,False,1.8238450288772583
blk_-8915123233040672605,7,False,1.6030094623565674
blk_-5633587983998853189,8,False,1.3484636545181274
blk_2570966823909513791,1,True,2.054731845855713
blk_-6168484338203583997,8,False,1.2967307567596436
blk_-3172594752427649592,7,False,1.5814266204833984
blk_8285441926344578159,1,False,1.796197772026062
blk_7415823309220171667,2,False,1.511867642402649
blk_6749232449432458524,6,False,1.6913098096847534
blk_-5427918313707752877,2,False,1.4128692150115967
blk_-4673509946769671609,7,False,1.5919872522354126
blk_-7803343374223161433,-1,False,1.5161850452423096
blk_-3275237990609680332,2,False,1.3887885808944702
blk_-8584158329012779023,7,False,1.5509780645370483
blk_-4468166796563085237,-1,False,1.40904700756073
blk_-463998587096565542,6,False,1.6852809190750122
blk_578261619176233743,2,False,1.5708149671554565
blk_-3897674589140998025,2,False,1.4478874206542969
blk_-3573208405519699182,2,False,1.678027629852295
blk_4154740411570608045,2,False,1.4785099029541016
blk_8188837227311063557,2,False,1.3705685138702393
blk_-4208396523159735354,2,False,1.5821359157562256
blk_7572868180557515526,7,False,1.5781673192977905
blk_-1733803097614960767,1,True,2.2259371280670166
blk_-7603795308074215276,6,False,1.6527761220932007
blk_-2004529166303428909,6,False,1.703342080116272
blk_-5817942497672492100,7,False,1.4744107723236084
blk_-7512746652453970810,1,True,2.05111026763916
blk_2618566506268332756,2,False,1.505020260810852
blk_-265588615173040885,8,False,1.325075387954712
blk_5971534893446541111,2,False,1.4461878538131714
blk_4742178675580222210,7,False,1.5918601751327515
blk_-900229825899812461,1,True,2.233041286468506
blk_300967862449910205,2,False,1.5698387622833252
blk_2059389709317340334,2,False,1.5449494123458862
blk_-6865167803683277211,1,False,2.006631374359131
blk_1321799290531408498,7,False,1.5841361284255981
blk_-8507209254958698084,-1,False,1.6659761667251587
blk_-7716943410942322104,8,False,1.3190085887908936
blk_-6884056342993438262,7,False,1.5633372068405151
blk_-4092973201423074374,2,False,1.548402190208435
blk_5240632065631390212,7,False,1.7069286108016968
blk_-8907436477337775860,7,False,1.7426656484603882
blk_-5340885607150360719,0,False,1.7212157249450684
blk_6702054389824523327,0,False,1.6847152709960938
blk_7703498406755483188,7,False,1.7527071237564087
blk_2904134648927436267,-1,False,1.6407462358474731
blk_-7125370327234065733,0,False,1.709863305091858
blk_-5086369325828333421,7,False,1.6264147758483887
blk_8478683141242372735,0,False,1.7688748836517334
blk_668295516093167045,7,False,1.747631549835205
blk_-4737948505610037427,0,False,1.777414083480835
blk_1584196996810164915,-1,False,1.6779807806015015
blk_1150231966878829887,-1,False,1.713330864906311
blk_2967299761311489673,0,False,1.6554726362228394
blk_9095955277706686312,0,False,1.7552436590194702
blk_-8558281124275910849,0,False,1.708244800567627
blk_6552418180158772377,7,False,1.7235876321792603
blk_-3572295706132449090,0,False,1.7483043670654297
blk_-1442905060580014339,7,False,1.7153648138046265
blk_7760079751081658559,0,False,1.6182135343551636
blk_798664047382151445,7,False,1.7354644536972046
blk_8591104451552720112,7,False,1.7566131353378296
blk_-531469051872229488,5,False,1.6176735162734985
blk_-4657423175636611807,3,False,1.3834631443023682
blk_-6117917602803602155,3,False,1.4829415082931519
blk_-7584542530081657301,5,False,1.6018794775009155
blk_4640277741339926850,3,False,1.3061856031417847
blk_-7285565997486715015,3,False,1.4530606269836426
blk_3652427357251545055,3,False,1.3775076866149902
blk_5163387277374142808,3,False,1.3309906721115112
blk_-1342669964196815853,3,False,1.4341164827346802
blk_-424018194735922479,3,False,1.4084769487380981
blk_-3754029959138975487,5,False,1.552284598350525
blk_-4149539113118855204,3,False,1.405535340309143
blk_5868517220927475394,5,False,1.6273274421691895
blk_6093858391888371854,5,False,1.6515789031982422
blk_7048740572660501729,5,False,1.6572849750518799
blk_-2025578204394955498,3,False,1.428195595741272
blk_-795209964982424254,3,False,1.41001558303833
blk_7606019272539977822,3,False,1.4659982919692993
blk_1960893136630391966,3,False,1.4481457471847534
blk_-8632488927959646482,5,False,1.5645923614501953
blk_1302893891174665780,3,False,1.4206349849700928
blk_-490230821467544285,5,False,1.5833584070205688
blk_4713968111267226537,3,False,1.4533309936523438
blk_7473411975130090672,5,False,1.5587540864944458
blk_753559000954836892,3,False,1.4518561363220215
blk_9085898147979939648,5,False,1.741273045539856
blk_-5403209762224435166,3,False,1.3963857889175415
blk_-6932221506331060207,3,False,1.3820394277572632
blk_-7693277678281547790,3,False,1.420899510383606
blk_3792448673967861371,-1,False,1.4598177671432495
blk_5496448884081025648,5,False,1.568022608757019
blk_1102735311308675356,3,False,1.440109372138977
blk_7094265091490664593,5,False,1.688059687614441
blk_-1271403908410292619,5,False,1.6198307275772095
blk_-2439225174716664723,3,False,1.4216514825820923
blk_-9220604860626391374,3,False,1.331801176071167
blk_-2557432794238860908,7,False,1.7267873287200928
blk_-8214089520956286311,8,False,1.3005297183990479
blk_-8949548167466276130,4,False,1.799481987953186
blk_-4831379247767940447,7,False,1.5856963396072388
blk_-7548149518969960333,4,False,1.8429458141326904
blk_-7353572928777348242,4,False,1.787581205368042
blk_7206839389762980382,4,False,1.804168701171875
blk_-9171803179611497035,4,False,1.7877850532531738
blk_-4598246018559857954,4,False,1.8670790195465088
blk_-6901909114834172466,4,False,1.7955337762832642
blk_-6075803209168884005,4,False,1.8103106021881104
blk_-8617088607862430908,4,False,1.748561978340149
blk_7347539858784653625,7,False,1.5982719659805298
blk_7855353385462032387,4,False,1.829630732536316
blk_3733339790842827121,4,False,1.843048334121704
blk_-9017308542351369260,4,False,1.7533303499221802
blk_-3734839878416656496,8,False,1.3300732374191284
blk_-8360774680830158225,4,False,1.7965410947799683
blk_-6942784423611603919,4,False,1.810730218887329
blk_-5603192027616633151,4,False,1.7725194692611694
blk_-7854501109698465657,4,False,1.8012499809265137
blk_-4551689611865410817,4,False,1.8933919668197632
blk_-1750007847201154657,4,False,1.793822169303894
blk_-3564493590065542578,4,False,1.7658120393753052
blk_-2929627680703662712,-1,False,1.6086170673370361
blk_2708206493147801743,4,False,1.8123341798782349
blk_-4110699195744660699,4,False,1.8625977039337158
blk_7721951162137927252,4,False,1.7723873853683472
blk_-1535908830476495455,4,False,1.7908731698989868
blk_1184972950286241114,4,False,1.7784996032714844
blk_-3396836569886642130,4,False,1.8285081386566162
blk_22457656256024207,4,False,1.7486809492111206
blk_5905689738251144455,4,False,1.7282074689865112
blk_-2210703755506918304,4,False,1.7801203727722168
blk_773599351835388127,4,False,1.836228847503662
blk_3921292580505776296,4,False,1.8199609518051147
blk_4162832865986721185,4,False,1.8331867456436157
blk_2156262111024914941,4,False,1.7699123620986938
blk_4658551441818960395,4,False,1.87881338596344
blk_3076992299328673559,4,False,1.791915774345398
blk_6085442148007558065,4,False,1.6124763488769531
blk_1746384029810476219,4,False,1.8141937255859375
blk_4939101994162863442,4,False,1.8679710626602173
blk_1144571179430079218,4,False,1.8583143949508667
blk_8693774866554287286,4,False,1.7543619871139526
blk_6695517786834913217,4,False,1.7522666454315186
blk_70980361971054326,4,False,1.7725638151168823
blk_6499414220139660338,4,False,1.821881890296936
blk_8598135237831029828,4,False,1.7388414144515991
blk_7108974241330205218,4,False,1.8662000894546509
blk_8929806114713265094,-1,False,1.5692356824874878
blk_6445339027653789144,4,False,1.798291802406311
blk_3235988328669699941,7,False,1.5602225065231323
blk_8699831307500970779,4,False,1.8046448230743408
blk_3221204570666147236,4,False,1.868476152420044
blk_-5808893254440551816,7,False,1.5548306703567505
blk_3940282600163903101,1,True,2.132417917251587
blk_4233013542759682998,7,False,1.5917823314666748
blk_7360639743953947587,4,False,1.7775629758834839
blk_4182287230523664560,8,False,1.4248178005218506
blk_995094303184954394,7,False,1.5980582237243652
blk_3585424189730250601,2,False,1.5182863473892212
blk_-5680441982827916621,1,True,2.0401952266693115
blk_2089955821703690032,1,False,1.9799050092697144
blk_1151012386083696649,2,False,1.5764490365982056
blk_4149909442914612270,7,False,1.6081596612930298
blk_2282833575688432184,1,False,1.874177098274231
blk_3960527526103274525,8,False,1.4574588537216187
blk_-852118157909078164,-1,False,1.5119857788085938
blk_4292382298896622412,-1,False,1.5780434608459473
blk_-185994527242886002,8,False,1.3912631273269653
blk_8761786041973172187,2,False,1.620476484298706
blk_-5471660287004025096,2,False,1.5285913944244385
blk_3755116621101133849,1,False,1.9658894538879395
blk_-5542336029922582303,2,False,1.5608654022216797
blk_165707910410871749,1,False,1.8631528615951538
blk_2957756905007569214,1,True,2.040706157684326
blk_4884219613602801814,1,True,2.0427138805389404
blk_6698851413708497072,8,False,1.4591995477676392
blk_6730979070070986233,8,False,1.4271608591079712
blk_-468830939205980722,4,False,1.801964282989502
blk_-7056746602297676104,8,False,1.374106764793396
blk_8473858691873523269,7,False,1.5630539655685425
blk_6686361711974377273,-1,False,1.2944670915603638
blk_-6442394521537090621,2,False,1.4481648206710815
blk_-5140072410813878235,-1,False,1.8498256206512451
blk_6039898256291822367,2,False,1.6017142534255981
blk_-7988596544606686086,6,False,1.680126667022705
blk_5729560286355779655,1,False,1.9724279642105103
blk_-989798817617753264,2,False,1.48989999294281
blk_-2242088550278361724,8,False,1.2905311584472656
blk_5602895463700536678,8,False,1.3309401273727417
blk_7580930377559819562,7,False,1.597765564918518
blk_429279891070363457,1,True,2.3040125370025635
blk_-9132218772786220159,1,False,2.0028700828552246
blk_-2901266958756042716,7,False,1.5569812059402466
blk_6323743466920239525,8,False,1.3269950151443481
blk_-7948158002985968470,1,True,2.041121244430542
blk_-8974021306351083168,7,False,1.602783203125
blk_-4917866339076366459,1,False,1.8359806537628174
blk_8063831442998721547,2,False,1.4707932472229004
blk_-4468645577339843974,6,False,1.628727674484253
blk_9121519145462575118,7,False,1.6028436422348022
blk_-6773301007994789531,1,False,1.9608750343322754
blk_-878226404201600469,-1,False,1.6147581338882446
blk_-6031720401337601269,8,False,1.306793451309204
blk_-5159573936338473350,2,False,1.4235756397247314
blk_-703436021914343546,1,True,2.079099655151367
blk_-8641647081502666269,8,False,1.3026930093765259
blk_3542047035353248258,7,False,1.5506885051727295
blk_-736188013503336717,1,False,1.920643925666809
blk_1188202922232921994,8,False,1.3929444551467896
blk_-9049344623659872649,2,False,1.5871620178222656
blk_4575129504644372394,1,False,1.9566437005996704
blk_8574493302165689212,7,False,1.5477569103240967
blk_5574898547439146021,2,False,1.5310348272323608
blk_2474460483915499078,8,False,1.4076215028762817
blk_7851643274522055587,8,False,1.3726789951324463
blk_8097409435735325492,8,False,1.4237730503082275
blk_-966013175018359901,1,False,1.958809494972229
blk_-6802153775367591521,6,False,1.659034252166748
blk_-3300851862683571086,8,False,1.3344390392303467
blk_-2035996502664501008,2,False,1.4907188415527344
blk_8222237992861447018,7,False,1.579673171043396
blk_6556854018013706836,7,False,1.5224024057388306
blk_8302956190102508375,8,False,1.3430405855178833
blk_-2583370070230800221,7,False,1.6183732748031616
blk_392347292517057138,7,False,1.6367789506912231
blk_1639683981444528748,1,False,1.8857200145721436
blk_5525607749827896334,7,False,1.618004560470581
blk_6809155287484296510,1,False,1.8885716199874878
blk_-5908283405801966540,1,True,2.1384365558624268
blk_-4654885003331291932,6,False,1.663827657699585
blk_-8923698979247229952,8,False,1.231258749961853
blk_-2321016155994168744,2,False,1.4539399147033691
blk_-2151458111813215098,8,False,1.2199815511703491
blk_-1733154814375651491,1,False,1.8499172925949097
blk_-3187293586306086277,7,False,1.5421351194381714
blk_-7914996925059840931,7,False,1.5940804481506348
blk_5379939266348893280,8,False,1.3430746793746948
blk_8981795097778421111,3,False,1.383823037147522
blk_1979447750586388860,3,False,1.4294781684875488
blk_3332848207645320273,5,False,1.6159721612930298
blk_6881216037013929188,3,False,1.3619369268417358
blk_7541621664406141215,5,False,1.6996283531188965
blk_-1680175975862749862,5,False,1.6409449577331543
blk_5176179471361959897,3,False,1.4002509117126465
blk_-4385347171136037814,3,False,1.3223899602890015
blk_8384329882986724706,5,False,1.5888806581497192
blk_6392434729242722288,3,False,1.4717411994934082
blk_1714886759174770356,3,False,1.3469488620758057
blk_7400944190976416273,5,False,1.6274267435073853
blk_8442157310069672329,3,False,1.3997879028320312
blk_-5624558200776510955,5,False,1.5561442375183105
blk_1481009974400305784,3,False,1.4544472694396973
blk_355286618997526877,5,False,1.6060969829559326
blk_-7369651436133452001,5,False,1.5783547163009644
blk_-8353423262983821010,3,False,1.426013708114624
blk_7017399031777870797,3,False,1.3541662693023682
blk_-6891122177443047531,4,False,1.8806648254394531
blk_641646158310569454,6,False,1.6604665517807007
blk_-9171930401624803515,4,False,1.7345069646835327
blk_5938666289587069744,2,False,1.5562330484390259
blk_-8294986551316947211,4,False,1.8290011882781982
blk_-5718504625725408070,4,False,1.8928171396255493
blk_-1941312615450572331,6,False,1.710180401802063
blk_2353918919834315845,4,False,1.8127224445343018
blk_391507259220628397,4,False,1.8138538599014282
blk_-1263913006422225885,4,False,1.7766451835632324
blk_6542592144596063478,4,False,1.802140712738037
blk_-4473277914543734578,7,False,1.5819878578186035
blk_1689772850125323349,4,False,1.8531368970870972
blk_8615522912610884162,4,False,1.786954641342163
blk_107727140948970996,4,False,1.9989832639694214
blk_-1598760065436384831,4,False,1.7654633522033691
blk_8950932638808086257,4,False,1.794370174407959
blk_-8835758154471700679,8,False,1.3590035438537598
blk_323887415551221572,7,False,1.5861693620681763
blk_231502148921342925,8,False,1.340980887413025
blk_1349228381785843634,1,False,2.0050175189971924
blk_-6754647973871368247,6,False,1.662817120552063
blk_-7539658633533020967,7,False,1.5867475271224976
blk_6406847509870023726,8,False,1.4340425729751587
blk_-7893636450787030202,2,False,1.5376362800598145
blk_-5777981614298940026,8,False,1.3446729183197021
blk_4231049049582051919,8,False,1.4382561445236206
blk_8048594464172649365,-1,False,1.8805960416793823
blk_4414644179961808738,7,False,1.6049970388412476
blk_7661189768086976193,7,False,1.5942894220352173
blk_-7170175035335391571,1,False,1.8235564231872559
blk_4992622607400168655,2,False,1.5629686117172241
blk_8971893898579544235,1,False,1.902117133140564
blk_-7418372263556457716,7,False,1.601676344871521
blk_-3417101330634563680,7,False,1.582587480545044
blk_4294115716822011564,8,False,1.3915767669677734
blk_1865953191447352631,2,False,1.5962401628494263
blk_2147212041377545584,7,False,1.559648036956787
blk_708101772844351082,1,True,2.0234131813049316
blk_-5610308397633191834,1,False,1.99740731716156
blk_-7159695919045792245,1,False,1.91715669631958
blk_8850044049297409379,2,False,1.595670223236084
blk_8561332122820208519,6,False,1.685628890991211
blk_-8393060055740236791,2,False,1.4538997411727905
blk_-5861348317118763621,2,False,1.3842231035232544
blk_5174461779237739025,8,False,1.3968584537506104
blk_1463530401988623658,7,False,1.6312204599380493
blk_-8377763431920892140,8,False,1.293627381324768
blk_-1728983474612515818,7,False,1.5859849452972412
blk_8007544297333060851,7,False,1.5615260601043701
blk_6238543795209416553,2,False,1.6114094257354736
blk_4599950495841528213,7,False,1.615991473197937
blk_-8524952715666214329,8,False,1.2880890369415283
blk_-5882295985950637419,2,False,1.5896022319793701
blk_-1485109068671160157,8,False,1.3211756944656372
blk_3586596428873150919,8,False,1.3719100952148438
blk_-7815259387557421424,7,False,1.5838485956192017
blk_3358274959811806117,7,False,1.6387909650802612
blk_-5927343391895571936,2,False,1.4556431770324707
blk_8907528844412790999,7,False,1.6352769136428833
blk_5262186175243998904,1,False,1.975752353668213
blk_-1704027189958470814,2,False,1.4276444911956787
blk_-337665304078248571,7,False,1.5932238101959229
blk_-2023442822091562967,2,False,1.5369725227355957
blk_1779145401405339993,2,False,1.5728942155838013
blk_7705518309270121951,2,False,1.5891602039337158
blk_-9120005470237070778,1,False,1.8735650777816772
blk_3849239820458663566,2,False,1.5513782501220703
blk_-1657856234642335063,7,False,1.5780329704284668
blk_6490003020931145707,8,False,1.3242111206054688
blk_6048652012880073760,1,False,1.9096856117248535
blk_5648034804629064273,8,False,1.3743890523910522
blk_5912213716795619450,1,True,2.0815269947052
blk_-5534560875087182998,8,False,1.3335307836532593
blk_3376391218693716925,6,False,1.672497034072876
blk_2691304991047255190,1,True,2.294119358062744
blk_8708862520108736953,6,False,1.7223268747329712
blk_-5718873743060788176,2,False,1.459389328956604
blk_-2989288139685694818,7,False,1.5800896883010864
blk_6245594177708848366,7,False,1.560186743736267
blk_4433676399725693167,8,False,1.4028394222259521
blk_-5644397018622018109,8,False,1.3131550550460815
blk_-6986311820863339652,8,False,1.272491216659546
blk_207875475387433291,2,False,1.5469753742218018
blk_-7115635482536854135,2,False,1.4130994081497192
blk_-1956140031907143783,8,False,1.4860433340072632
blk_7534378757788640871,8,False,1.4255038499832153
blk_8196657927516481490,6,False,1.7105863094329834
blk_-5029807829679779067,7,False,1.603108525276184
blk_-3657751236932275338,7,False,1.589402437210083
blk_1594026090263820445,2,False,1.5795308351516724
blk_3894335463008345041,-1,False,1.6618328094482422
blk_-6299730951392868297,2,False,1.5127699375152588
blk_157913239647511296,1,True,2.035900831222534
blk_-6454539193224916125,1,False,1.9508470296859741
blk_-3575568207121859434,2,False,1.5261156558990479
blk_-4325209272072286951,1,True,2.332319498062134
blk_-5739126205963920408,2,False,1.4380137920379639
blk_-9056865861421808370,1,True,2.247131109237671
blk_-6934248664959947757,1,False,1.9173516035079956
blk_-2082401934988378573,8,False,1.3748376369476318
blk_7627900514276120558,1,False,1.8454704284667969
blk_-1250775350296476256,1,False,1.9342316389083862
blk_2389216938154332862,1,True,2.0836527347564697
blk_7430820184211246929,2,False,1.4439796209335327
blk_-608202790716579401,3,False,1.3381050825119019
blk_-1335063409877429524,3,False,1.4283146858215332
blk_-5236655516146555545,7,False,1.7522902488708496
blk_2262752117989012641,0,False,1.6210229396820068
blk_-4181768899028058192,0,False,1.7701622247695923
blk_-7990763409688650846,7,False,1.7480144500732422
blk_-2656323385657954732,7,False,1.6939343214035034
blk_8711213005689112399,7,False,1.738967776298523
blk_-3696162841836791939,7,False,1.740010142326355
blk_-8915491531889006304,7,False,1.7079641819000244
blk_-657087263710195616,-1,False,1.6264455318450928
blk_-1125621902344947014,7,False,1.6991193294525146
blk_481857539063371482,0,False,1.6540160179138184
blk_1200136320542454615,7,False,1.7898685932159424
blk_-8083036675630459841,0,False,1.7265030145645142
blk_-1508527605812345693,0,False,1.7940531969070435
blk_3905759687686730625,-1,False,1.7718929052352905
blk_342378162324355732,7,False,1.724562406539917
blk_-8674089929114017279,7,False,1.7827342748641968
blk_-3140031507252212554,0,False,1.74177086353302
blk_-309134958179110212,7,False,1.7122992277145386
blk_-3134225108208373949,7,False,1.7090816497802734
blk_-8887373200836701910,3,False,1.3648489713668823
blk_-1162676743264290624,5,False,1.710573434829712
blk_-5513640508500780385,5,False,1.6915452480316162
blk_-7767902948513849386,5,False,1.5798147916793823
blk_-5382946262718129284,5,False,1.6047210693359375
blk_5668137923110942035,5,False,1.6059517860412598
blk_7197514030988119866,5,False,1.5882488489151
blk_-5362598472846558076,3,False,1.3334770202636719
blk_-4269939382058952254,5,False,1.6408284902572632
blk_-6978845808078082463,3,False,1.322863221168518
blk_-1071115021179995772,3,False,1.4278614521026611
blk_7336636250384047238,5,False,1.6063529253005981
blk_8493856762887493521,5,False,1.6299307346343994
blk_1043487525777829194,5,False,1.7467049360275269
blk_-3225035678192156905,5,False,1.558174967765808
blk_5572208681898881669,3,False,1.3573589324951172
blk_-2225353020301959077,5,False,1.5582200288772583
blk_3946183108430554053,3,False,1.3342612981796265
blk_-3681974396824196300,5,False,1.611489176750183
blk_2736251498135196075,5,False,1.6681703329086304
blk_1275198635723397883,3,False,1.3791850805282593
blk_3428998332517532825,3,False,1.4033094644546509
blk_-7106479503467535906,4,False,1.6935970783233643
blk_-7411858598798393933,4,False,1.890785813331604
blk_-5429479049793046826,4,False,1.7410606145858765
blk_-6431101765137189231,4,False,1.7966101169586182
blk_-2923662094689783995,4,False,1.7975660562515259
blk_-664656559337730574,7,False,1.728542685508728
blk_3224393364314749254,8,False,1.4148997068405151
blk_1483582953997932733,4,False,1.7954939603805542
blk_-3607708283707030582,4,False,1.7283401489257812
blk_4365203784873840210,4,False,1.8727566003799438
blk_1920931690498309324,4,False,1.8080155849456787
blk_2731746367139956284,4,False,1.803332805633545
blk_3312198496468502316,4,False,1.8991249799728394
blk_-626413149556394155,4,False,1.8091099262237549
blk_1350741653957819140,4,False,1.8445686101913452
blk_6675564098604634452,4,False,1.8530175685882568
blk_1692958087244489888,4,False,1.9412938356399536
blk_5528471097481810388,4,False,2.0144455432891846
blk_797263375273454863,4,False,1.780841588973999
blk_5209577451013188921,4,False,1.8497081995010376
blk_4713539908695785630,4,False,1.7676410675048828
blk_6148201552996212693,4,False,1.8429204225540161
blk_9014154925388243050,4,False,1.8171149492263794
blk_8761138012128091849,4,False,1.8476630449295044
blk_-4071286774767564790,8,False,1.3822535276412964
blk_2866275036574950116,7,False,1.704696536064148
blk_-6811519872198278365,8,False,1.3092007637023926
blk_6748710057489679257,2,False,1.4981223344802856
blk_1833093108290599780,2,False,1.5735359191894531
blk_9163807899833139121,2,False,1.6058272123336792
blk_3941798034503185737,7,False,1.6258416175842285
blk_6894918622505820383,-1,False,1.2976104021072388
blk_6491424745418112176,7,False,1.5470187664031982
blk_-17685631368401548,6,False,1.6468231678009033
blk_8924207394547472950,6,False,1.7330925464630127
blk_-4526931594457272384,7,False,1.5495086908340454
blk_5390763359901143305,2,False,1.5256154537200928
blk_-11867600358649678,7,False,1.55547034740448
blk_2430417102497887445,2,False,1.6112278699874878
blk_-747046374856916711,2,False,1.6256701946258545
blk_5062112794659861146,8,False,1.4281450510025024
blk_-116589515245909549,7,False,1.5742156505584717
blk_4628975089896927394,1,False,1.8189188241958618
blk_-764747190320632607,7,False,1.5702087879180908
blk_-8015797075596093783,8,False,1.3247352838516235
blk_-1675768179383804109,2,False,1.4618911743164062
blk_1155029843511109085,1,False,1.9308173656463623
blk_9060964400089016309,2,False,1.4889066219329834
blk_-1417908110808566576,2,False,1.4998104572296143
blk_-7483426835701512490,1,False,1.935894250869751
blk_-3752135158991310104,7,False,1.5635168552398682
blk_-8649503431827393598,7,False,1.5406594276428223
blk_-6883339133893273874,1,True,2.2146873474121094
blk_3695169334833427187,1,False,2.0085041522979736
blk_6055109613223910610,1,False,1.9552217721939087
blk_-1868325377308234190,7,False,1.6048861742019653
blk_-6338549285508312302,2,False,1.5253022909164429
blk_-900758580041645081,2,False,1.3608267307281494
blk_1756478622414930264,2,False,1.6183310747146606
blk_-6555060221133060529,2,False,1.5199642181396484
blk_9076677650086747187,7,False,1.616369605064392
blk_-4165562468976768862,1,False,1.8791309595108032
blk_-3295982945091621137,1,False,1.9867700338363647
blk_-7637577152926063076,2,False,1.5412724018096924
blk_3181161977343808286,7,False,1.5638607740402222
blk_6807535563873595117,7,False,1.5623449087142944
blk_7513976340045981966,7,False,1.5957257747650146
blk_-749176535135404637,6,False,1.6704134941101074
blk_-7909610753867924116,2,False,1.5886493921279907
blk_-7247291679155656679,8,False,1.3586596250534058
blk_-6369730481066968769,1,True,2.1008403301239014
blk_7780461223860192433,7,False,1.5583370923995972
blk_2084123600915946046,6,False,1.6739693880081177
blk_92273823183917102,7,False,1.5431492328643799
blk_-1141332313413855099,8,False,1.3190852403640747
blk_3016571528120363023,7,False,1.6390070915222168
blk_-7678242108759603056,7,False,1.607703685760498
blk_-7526023914950151999,7,False,1.684082269668579
blk_-6380328072112550668,7,False,1.5719884634017944
blk_3222673463853349950,2,False,1.571746826171875
blk_-3183355402229300197,1,True,2.2042346000671387
blk_-5963475042722370536,2,False,1.5274680852890015
blk_-7527506469734664572,6,False,1.6833773851394653
blk_9072486569292195232,8,False,1.403067708015442
blk_-4455205822455130625,2,False,1.5331203937530518
blk_3777399812922072863,8,False,1.3773664236068726
blk_-4633546693082073737,1,False,1.8913973569869995
blk_6799391641508508235,-1,False,1.4051061868667603
blk_1002945451269828722,1,True,2.1932520866394043
blk_566413670355737377,8,False,1.4016579389572144
blk_2819581679409796253,1,False,1.9000717401504517
blk_1512923509505250283,2,False,1.4425753355026245
blk_285336326661214154,6,False,1.6903972625732422
blk_5955377624764578810,2,False,1.547249436378479
blk_-7458279618877678162,6,False,1.6945692300796509
blk_5018765878120211503,1,True,2.0465757846832275
blk_313888672758374538,7,False,1.6271393299102783
blk_3764801892187716497,2,False,1.5757774114608765
blk_-3491385689517593364,8,False,1.3265652656555176
blk_-2243784245784480521,8,False,1.2287112474441528
blk_-4052810234606327693,2,False,1.5505973100662231
blk_-6695620358347030339,1,False,1.8717690706253052
blk_-5102453487463005287,1,True,2.0340020656585693
blk_7924393760966842810,7,False,1.6326786279678345
blk_5915244038969911075,8,False,1.385269284248352
blk_3243316191092266549,2,False,1.5144695043563843
blk_8229768485681546149,1,True,2.039090633392334
blk_3206064173813164493,2,False,1.5989078283309937
blk_-1957299792594627113,1,False,1.8848536014556885
blk_-1690784932539647416,7,False,1.5657238960266113
blk_6745520736924802462,1,False,1.9410014152526855
blk_-1525964299678787959,5,False,1.6057337522506714
blk_7045475543362904558,3,False,1.417138934135437
blk_-6802124772693111025,3,False,1.4200235605239868
blk_-5205950257901523262,4,False,1.7759406566619873
blk_-1649239999940418046,1,True,2.119185209274292
blk_6880728743505526406,8,False,1.4288917779922485
blk_5256716488526744434,7,False,1.5343703031539917
blk_6928449948805597176,2,False,1.5619895458221436
blk_2529569087635823495,1,True,2.1911706924438477
blk_3764836840384130740,6,False,1.6990666389465332
blk_3020717811556957482,7,False,1.5998570919036865
blk_-577659324269246113,8,False,1.3487454652786255
blk_6137960563260046065,1,True,2.225346565246582
blk_-6909400912794057067,2,False,1.375152349472046
blk_8249475180346179102,2,False,1.561995029449463
blk_-5045144756510626150,8,False,1.3381022214889526
blk_752365829198406123,8,False,1.3859444856643677
blk_5663417083925711869,1,True,2.19716477394104
blk_-2014243777892518956,1,True,2.244818687438965
blk_-8123824094195108685,7,False,1.5338358879089355
blk_2080318574920472813,7,False,1.6058357954025269
blk_-290874442865281380,8,False,1.2254211902618408
blk_5953577136151423920,2,False,1.4915350675582886
blk_-2780312306380730204,1,False,1.825495958328247
blk_-633826175832239328,1,True,2.2385575771331787
blk_-6540455811923725840,2,False,1.5278700590133667
blk_6308888821787547357,2,False,1.5708197355270386
blk_4638603954320058978,1,False,1.9051926136016846
blk_-4651707530079874243,2,False,1.5573651790618896
blk_5115892145206906855,1,False,1.9555611610412598
blk_-2421414377433740760,1,False,1.9691917896270752
blk_-420564586555502239,8,False,1.3443751335144043
blk_-3091906986951252347,6,False,1.673014521598816
blk_-4068751061953213467,1,False,1.7494317293167114
blk_-3025440686907267472,1,False,1.9321074485778809
blk_-420818767915591010,2,False,1.4608412981033325
blk_8422946850755720617,1,True,2.075514078140259
blk_-5646228903161999640,7,False,1.5932660102844238
blk_-7024895786822269814,1,False,1.929633617401123
blk_-4430291708660291878,1,True,2.1908602714538574
blk_-6250368566161066085,7,False,1.491628885269165
blk_-6213380972217661202,7,False,1.5878238677978516
blk_3813891701916249413,8,False,1.4172483682632446
blk_903961454948542202,1,True,2.4025003910064697
blk_3954386352306480748,2,False,1.5354578495025635
blk_4812792845864526586,2,False,1.5199872255325317
blk_5570475465835003801,2,False,1.6073188781738281
blk_-9190864897806028230,8,False,1.2891110181808472
blk_-4342304152206614489,2,False,1.4614779949188232
blk_-190773840747023361,1,False,1.975304365158081
blk_-5580048401594934039,2,False,1.5528265237808228
blk_6640583412927022083,2,False,1.5622512102127075
blk_-1332315107905285608,2,False,1.4142838716506958
blk_3550669278239526374,8,False,1.3728846311569214
blk_4873550540813847659,1,False,1.9839400053024292
blk_-1133573997287815203,7,False,1.5537071228027344
blk_2740792916077430444,2,False,1.5579644441604614
blk_2851869865185325732,1,False,1.983428955078125
blk_-1842096107468319932,1,True,2.0500950813293457
blk_-8965508153794244104,8,False,1.342810034751892
blk_1074754942323612586,7,False,1.6794270277023315
blk_-7727864185516010230,7,False,1.5716025829315186
blk_-4779205255695723216,1,True,2.2170801162719727
blk_2261089810991980611,1,False,1.9179109334945679
blk_5335498635665743905,7,False,1.5527727603912354
blk_-5144503768267321004,7,False,1.566887617111206
blk_1927336911952959118,1,False,1.9305952787399292
blk_-2332150303475653460,-1,False,1.4423577785491943
blk_2111886617384066018,1,True,2.2728755474090576
blk_-2506231977021079951,7,False,1.5805442333221436
blk_4330492872922862223,2,False,1.5517399311065674
blk_6918427074195439966,1,False,1.9963127374649048
blk_4284688617983009262,7,False,1.6064051389694214
blk_5813361416484537967,2,False,1.5568537712097168
blk_-2313277713021896570,7,False,1.5676274299621582
blk_-7778922135767840250,1,False,1.944901704788208
blk_-7350482598011027441,7,False,1.5977972745895386
blk_-3607860197409267245,8,False,1.3474935293197632
blk_4178945095089206682,1,False,1.9892815351486206
blk_-3363550789841756902,1,True,2.215494394302368
blk_345577139488306634,7,False,1.546571135520935
blk_4577632468651859430,2,False,1.5932427644729614
blk_-2051219911597308805,6,False,1.6448332071304321
blk_-2680500627064966252,1,False,1.955815076828003
blk_-9092685890953655332,7,False,1.5990815162658691
blk_-4473020641607592551,7,False,1.5585306882858276
blk_-524128780228307052,2,False,1.452517032623291
blk_4443043493758564822,8,False,1.4300175905227661
blk_5118390778403008591,8,False,1.4051222801208496
blk_2737505352081488746,7,False,1.613546371459961
blk_-9013487557842539661,8,False,1.4064325094223022
blk_-8638442557570632582,1,False,1.8420109748840332
blk_111759050707136656,2,False,1.4963301420211792
blk_2259206517962925438,5,False,1.621578335762024
blk_-3854777877236596649,5,False,1.6431456804275513
blk_-4265150363959543078,5,False,1.5618269443511963
blk_3729730843466061623,5,False,1.603341817855835
blk_3876184938151091897,5,False,1.6600139141082764
blk_-1227720343537039835,5,False,1.6010193824768066
blk_-6921441628286995043,3,False,1.3746098279953003
blk_3539852484771802299,3,False,1.460519552230835
blk_2341651676737321162,5,False,1.5922751426696777
blk_-765820154946060546,5,False,1.5448380708694458
blk_-2492400942012223395,3,False,1.4612236022949219
blk_-8351015090014570293,5,False,1.577608585357666
blk_-328970571549408286,3,False,1.341623067855835
blk_-8130925109202184099,3,False,1.343515396118164
blk_-3242342105286997235,5,False,1.5912190675735474
blk_2468407162668753567,3,False,1.4527866840362549
blk_7841365850685201915,5,False,1.7388454675674438
blk_-6160667975382232149,-1,False,1.7190672159194946
blk_2426255659473300323,3,False,1.4685590267181396
blk_5203504995927133832,5,False,1.6537374258041382
blk_815809455641029563,5,False,1.6258872747421265
blk_6413710007211667486,3,False,1.3146363496780396
blk_-2907776069874917892,3,False,1.3828893899917603
blk_-5802915611610989626,3,False,1.3890490531921387
blk_-7668075074035173978,3,False,1.3520545959472656
blk_-1573544581830458089,5,False,1.602864146232605
blk_-1180596628202464893,4,False,1.7165638208389282
blk_1407935810673971357,7,False,1.5834108591079712
blk_-8167717961644709843,4,False,1.7706122398376465
blk_-7464161062429228045,4,False,1.7513984441757202
blk_-5934436507161953485,4,False,1.7805919647216797
blk_-3922743468150895472,8,False,1.3692160844802856
blk_-7832937837605180330,4,False,1.7155357599258423
blk_-8547071368131084410,4,False,1.7256770133972168
blk_-5429042599096020592,4,False,1.7915102243423462
blk_-6350492516478706425,4,False,1.7915265560150146
blk_-6053005391233809507,4,False,1.7906513214111328
blk_-1522998827901549925,8,False,1.3360555171966553
blk_-4311652947826112510,4,False,1.8735153675079346
blk_-1754204887541031211,-1,False,1.5600229501724243
blk_-4165176068096983220,4,False,1.7505542039871216
blk_4863571548336254624,4,False,1.7335463762283325
blk_-4844505495441326897,4,False,1.8515146970748901
blk_-7513928662244669476,-1,False,1.64786696434021
blk_-5014786445735476734,4,False,1.8077691793441772
blk_-1046472716157313227,4,False,1.8558233976364136
blk_-1281276222788579863,4,False,1.7998791933059692
blk_449049393237281194,4,False,1.814220666885376
blk_352185875883785141,4,False,1.819155216217041
blk_-2890295200276774269,4,False,1.8978883028030396
blk_1379455396847512711,4,False,1.9453977346420288
blk_2180875151184358991,4,False,1.8335243463516235
blk_-8879979113392880065,7,False,1.5788841247558594
blk_1553688227908800900,-1,False,1.4941730499267578
blk_6138894560185644209,4,False,1.7801648378372192
blk_-1368324087589035770,4,False,1.7774581909179688
blk_3274968259628929519,4,False,1.7259974479675293
blk_5736622945587812309,4,False,1.8142098188400269
blk_9142114171015520823,4,False,1.8237706422805786
blk_8556592730481313831,4,False,1.7374037504196167
blk_6147898566868510104,4,False,1.867095708847046
blk_-4334868513923498900,7,False,1.5722101926803589
blk_9081834782322008396,4,False,1.8019453287124634
blk_8962411947457130719,4,False,1.843948245048523
blk_2312679955495839894,2,False,1.5882856845855713
blk_7434237665308221519,2,False,1.5404502153396606
blk_2380775154966815858,-1,False,1.6402853727340698
blk_3777389444004341563,8,False,1.464684247970581
blk_-4578850505370039622,1,True,2.2665083408355713
blk_4893049344332234616,2,False,1.5537312030792236
blk_9131004320470011870,7,False,1.5760949850082397
blk_1253515519191706153,6,False,1.6769444942474365
blk_-9056748866943837167,2,False,1.541469931602478
blk_-8298519990603402919,2,False,1.4437052011489868
blk_-337972286882621518,8,False,1.372670292854309
blk_-4411589101766563890,-1,False,1.4086955785751343
blk_-8838632285969241889,7,False,1.5631643533706665
blk_-8225435781013159573,1,True,2.2178759574890137
blk_-7985144765168396303,2,False,1.5297118425369263
blk_-6841570414687342011,6,False,1.6606734991073608
blk_3924177422736829493,8,False,1.3860931396484375
blk_9074726164158535746,7,False,1.6046971082687378
blk_-5773244829531118765,2,False,1.5424494743347168
blk_-8923923031063738809,2,False,1.5569621324539185
blk_-8703611999267892995,7,False,1.6000003814697266
blk_-5352085087037370841,2,False,1.481320858001709
blk_1411218759880637753,8,False,1.3879832029342651
blk_-2268450354164990110,1,False,1.849821925163269
blk_-3622135859810774312,2,False,1.5495277643203735
blk_-2667669005094349452,7,False,1.5946766138076782
blk_-2935178173527646581,8,False,1.3131688833236694
blk_5781791720343455145,2,False,1.5569957494735718
blk_49420377461855719,8,False,1.4203264713287354
blk_-805262942087665153,1,False,1.9658222198486328
blk_8323519561483823145,2,False,1.4074722528457642
blk_2208589726473895860,7,False,1.5951741933822632
blk_-6618090096819679591,7,False,1.5936684608459473
blk_-3253005280055520211,2,False,1.4999619722366333
blk_-6832799704680039005,8,False,1.3854047060012817
blk_4777657900314457675,2,False,1.5495020151138306
blk_-6464892000340112134,8,False,1.3262656927108765
blk_-8435779070374485499,1,True,2.057675361633301
blk_8993862241777591326,8,False,1.4195747375488281
blk_8452214765874767801,7,False,1.559048056602478
blk_-2281067667503210140,2,False,1.5238865613937378
blk_-4424971182856566289,1,False,1.739092469215393
blk_2040222317555585426,1,False,1.8848693370819092
blk_-663653551898848389,7,False,1.6285929679870605
blk_-5836693155656083066,7,False,1.5552271604537964
blk_-7228803354694123939,7,False,1.555197834968567
blk_2953550760670423417,1,True,2.404454469680786
blk_5348548743130215090,7,False,1.6749330759048462
blk_7413830214932763926,8,False,1.3463804721832275
blk_6329639726609402522,8,False,1.2944774627685547
blk_6601059760261449131,6,False,1.7221437692642212
blk_-5439682406172672049,7,False,1.5956097841262817
blk_-7492294065771709299,7,False,1.5910052061080933
blk_1526403491950199810,2,False,1.5697933435440063
blk_8902425017314766082,8,False,1.4608675241470337
blk_6400082566804273401,-1,False,1.4767746925354004
blk_4989329877491629543,8,False,1.4053325653076172
blk_-6608350831463251448,7,False,1.556423544883728
blk_-5580322334454533924,1,True,2.2045698165893555
blk_7500282100357271699,1,False,1.9111570119857788
blk_8087142318511408355,7,False,1.5567924976348877
blk_-997605125898553536,8,False,1.3730565309524536
blk_-4510259260131940043,2,False,1.542072057723999
blk_2270593866672608129,8,False,1.4391733407974243
blk_6685663454079607598,-1,False,1.288091778755188
blk_-4347054230277727863,2,False,1.5890365839004517
blk_-1067234447809438340,1,False,1.9106069803237915
blk_-1096621677333075077,1,False,1.819846272468567
blk_-8657800226489501791,2,False,1.5169509649276733
blk_2151150262081352617,1,False,1.8666614294052124
blk_3280859030919654043,5,False,1.6321358680725098
blk_-6811828069408410657,1,False,1.9661319255828857
blk_4967370797322420259,-1,False,1.4694684743881226
blk_-719178972315562824,2,False,1.4588872194290161
blk_9093176996492793041,2,False,1.5908949375152588
blk_-7200400342436668240,1,False,1.985935926437378
blk_7213990003235926706,8,False,1.4622262716293335
blk_-2125743956855238111,2,False,1.457193374633789
blk_-4875138366845786590,2,False,1.5016863346099854
blk_2508619583759354778,1,False,1.8975365161895752
blk_6095704128062577668,2,False,1.4551056623458862
blk_6123232805286187512,1,False,1.755852222442627
blk_6413965758113058023,7,False,1.552863597869873
blk_7275457888263057111,2,False,1.5800920724868774
blk_6818232325322327288,1,False,1.9228510856628418
blk_-5954527587435406374,8,False,1.331550121307373
blk_-4358842839092719327,8,False,1.2013880014419556
blk_1489031087420498797,8,False,1.4662638902664185
blk_-615578808743808725,1,False,1.9325331449508667
blk_4588471931728384541,8,False,1.3779664039611816
blk_7720864196601815614,6,False,1.7112312316894531
blk_-9098645110390099509,1,True,2.0276987552642822
blk_1129715194117079802,2,False,1.5509315729141235
blk_6690143611140381289,6,False,1.7412840127944946
blk_7463248820468902190,8,False,1.415420651435852
blk_3961831045048378097,8,False,1.4615728855133057
blk_-6220821375880228145,1,True,2.198376417160034
blk_-4405302133414008227,2,False,1.5204424858093262
blk_8854625173826438305,1,False,1.8784717321395874
blk_8699194381234371727,8,False,1.397802472114563
blk_-8389657728641837382,1,False,1.7959238290786743
blk_-5145508449157510071,7,False,1.567247986793518
blk_6675543598756975559,2,False,1.5672518014907837
blk_-8364400144313355814,1,True,2.197449207305908
blk_6108023147232847992,7,False,1.5774562358856201
blk_-1932467763723526131,2,False,1.474634051322937
blk_-8834022217832819265,7,False,1.5947381258010864
blk_5872617224009342667,6,False,1.703424096107483
blk_4877808040461609832,1,False,1.9118988513946533
blk_3049351456771045311,8,False,1.3817851543426514
blk_1247599917761164561,8,False,1.3538447618484497
blk_2616961363639592748,8,False,1.3692127466201782
blk_-826920518336899809,6,False,1.6602370738983154
blk_-3436382429367583573,8,False,1.2804816961288452
blk_2824047463816148563,7,False,1.675164818763733
blk_-9211699406261033878,8,False,1.3408979177474976
blk_-5961895238114806886,2,False,1.538553237915039
blk_-2654726224018724510,2,False,1.4620072841644287
blk_-3955287039966096707,2,False,1.5738331079483032
blk_-1379379987510648393,2,False,1.5823529958724976
blk_1858805942071850133,6,False,1.7051554918289185
blk_5183831565578080242,6,False,1.712105631828308
blk_3248835454898465560,7,False,1.5542628765106201
blk_3776895047834644694,6,False,1.6990532875061035
blk_8521306385156958668,2,False,1.5089988708496094
blk_1606295458729964667,7,False,1.5453550815582275
blk_-7282356322111075290,2,False,1.5159419775009155
blk_-5330522460969948971,2,False,1.451261281967163
blk_1077394056781488,1,False,1.9903509616851807
blk_6054235487623373096,6,False,1.7060962915420532
blk_-7256345477493725857,1,False,1.8441181182861328
blk_3480684347183600958,8,False,1.403808832168579
blk_9034993982993401678,6,False,1.6991409063339233
blk_-1821104627978106102,2,False,1.484972596168518
blk_8116683912654412228,7,False,1.5615596771240234
blk_-8329840785892216949,1,False,1.8225871324539185
blk_8254500345987409515,1,True,2.170231819152832
blk_-4657886075935807358,7,False,1.5707385540008545
blk_8201813022998766557,7,False,1.5765197277069092
blk_-4438918035940270891,5,False,1.6002793312072754
blk_5616920288053661280,5,False,1.6640053987503052
blk_1815340037591016775,3,False,1.4818300008773804
blk_2154193600525549460,5,False,1.599973440170288
blk_5580254744888391593,3,False,1.4034631252288818
blk_-1641081065757890722,3,False,1.4100677967071533
blk_5505696082121135363,3,False,1.393093466758728
blk_5689009809369418749,3,False,1.349945306777954
blk_8155177385081669900,3,False,1.4069095849990845
blk_247452006316846355,5,False,1.519245982170105
blk_2657997043417110888,3,False,1.3999181985855103
blk_-323838382557775734,3,False,1.397904634475708
blk_-719470845056640928,5,False,1.5304943323135376
blk_-7999375661905777727,3,False,1.3454135656356812
blk_-2451769929123196359,5,False,1.566520094871521
blk_3231389654886008065,3,False,1.3715789318084717
blk_3637945019239882309,5,False,1.5946413278579712
blk_-7423574498760490375,4,False,1.7403432130813599
blk_-1067866602168873257,-1,False,1.9365801811218262
blk_-9169228974826183399,4,False,1.7830322980880737
blk_-6759123807563555545,-1,False,1.8862203359603882
blk_5406084276349645828,8,False,1.42420494556427
blk_2016964533702776852,1,False,1.9943076372146606
blk_-1306900105984505600,4,False,1.7964856624603271
blk_-1312981516354612257,4,False,1.7909873723983765
blk_-2658615574293326723,4,False,1.7381194829940796
blk_2107487634698646045,4,False,1.8299858570098877
blk_-253282915050290778,4,False,1.7401535511016846
blk_1587615395786683981,4,False,1.7719846963882446
blk_3706543205492061794,4,False,1.7781153917312622
blk_3862032846413436284,4,False,1.8303526639938354
blk_4632283243694149854,4,False,1.7899702787399292
blk_1018961650823645078,4,False,1.832326889038086
blk_1213582438865696738,4,False,1.7314095497131348
blk_2473550781612396886,4,False,1.7213400602340698
blk_8102707766842966459,4,False,1.8382866382598877
blk_-352190670750948803,1,True,2.1839399337768555
blk_6491888411266994867,4,False,1.8786581754684448
blk_3336810835691486095,4,False,1.8614122867584229
blk_4367982328407767477,4,False,1.8767610788345337
blk_6943254721518837570,4,False,1.8393365144729614
blk_6077744985764117617,4,False,1.7452865839004517
blk_6975937964598933356,1,False,1.946522831916809
blk_5771906433100975293,4,False,1.7293193340301514
blk_-3884471885525630813,-1,False,1.3618509769439697
blk_8596624696139957935,-1,False,1.4471733570098877
blk_-8483420270408348004,2,False,1.3829820156097412
blk_4506604798892399878,4,False,1.847791314125061
blk_1832308388558480,6,False,1.7013378143310547
blk_2247786307216183697,8,False,1.3778499364852905
blk_-4289592006812254261,1,False,1.8298263549804688
blk_5989505185938770383,7,False,1.5478121042251587
blk_3134656542322449478,2,False,1.5393741130828857
blk_-8050165297538775793,-1,False,1.5041357278823853
blk_-3184700311670257792,2,False,1.5463111400604248
blk_5114572025256210948,1,False,1.8108817338943481
blk_-8744988583359134013,6,False,1.684650182723999
blk_4225726256421431188,6,False,1.7340749502182007
blk_1060814796407897179,8,False,1.4669947624206543
blk_-1496429201748767714,2,False,1.5245778560638428
blk_-4684475480143348818,1,False,1.9463160037994385
blk_608957629753483727,6,False,1.6722311973571777
blk_-7937864120968665564,1,False,1.7374961376190186
blk_-4427507243535536615,2,False,1.4455198049545288
blk_7830067201550857864,8,False,1.456525206565857
blk_-2194976790278647102,8,False,1.3176647424697876
blk_8459274965060101250,1,True,2.031517744064331
blk_1561008813520212225,8,False,1.4102543592453003
blk_5963655886023015963,2,False,1.5532405376434326
blk_2377944115560974127,7,False,1.6492985486984253
blk_6030936529326346827,1,False,1.9220390319824219
blk_3322875843051058970,7,False,1.5822077989578247
blk_-7269672042149855641,1,False,1.8228565454483032
blk_-5214060566378896158,2,False,1.552051305770874
blk_-4801855948459616884,6,False,1.668999433517456
blk_-4846710336436578833,8,False,1.311768651008606
blk_-1522107359378428427,8,False,1.373119831085205
blk_-1846853350696018836,8,False,1.2390854358673096
blk_-500534246236005335,6,False,1.675733208656311
blk_-1236077201457689973,8,False,1.3102320432662964
blk_8474920544984206742,8,False,1.466240644454956
blk_-6464763289185102366,2,False,1.5079902410507202
blk_-7646004878694144580,7,False,1.5556061267852783
blk_-41928108292416895,1,True,2.030221462249756
blk_-7389979618829759505,7,False,1.5964418649673462
blk_2096030750186708493,1,False,1.9700816869735718
blk_-2345355483730155757,2,False,1.3670296669006348
blk_5834218936335592624,8,False,1.355639934539795
blk_-5504500392858491441,1,True,2.22084379196167
blk_4385764838827095986,2,False,1.4605717658996582
blk_-3710747952520609225,1,True,2.1834943294525146
blk_707166530951154301,2,False,1.4842312335968018
blk_2241654010576170013,1,True,2.128148078918457
blk_-8475679647841427708,7,False,1.5768177509307861
blk_-7794786562417612249,2,False,1.504746675491333
blk_-2068111211565768713,1,False,1.9723620414733887
blk_-7238035741206373733,7,False,1.5463755130767822
blk_5708405953850477535,6,False,1.6676576137542725
blk_2253084440592362960,8,False,1.3497025966644287
blk_-8127580564011467092,2,False,1.5109293460845947
blk_-8568673600040025636,1,False,1.7762044668197632
blk_621685330749869453,2,False,1.5322251319885254
blk_8663640697928077697,2,False,1.601377248764038
blk_1508705816376906895,1,False,1.9764065742492676
blk_-6441360440068187612,8,False,1.3288336992263794
blk_2128110944185709079,1,True,2.3231849670410156
blk_871974742726663441,1,False,1.9747651815414429
blk_8049943837789435742,1,False,1.7740229368209839
blk_-8246207776580662770,1,True,2.199545383453369
blk_3406384548372443486,2,False,1.5030254125595093
blk_2460145905812664251,2,False,1.5527757406234741
blk_-7207514537719465756,8,False,1.306728720664978
blk_5216491057643255876,7,False,1.5447211265563965
blk_4641147544753118391,2,False,1.515909194946289
blk_-85872290979354091,1,False,1.924615502357483
blk_-8310554294841246175,8,False,1.330889105796814
blk_-7293871043749246063,7,False,1.5604593753814697
blk_3107521534415119817,8,False,1.4057964086532593
blk_7194943883245628915,8,False,1.4003627300262451
blk_-3816036740130815667,-1,False,1.32631516456604
blk_-5450224419450631495,8,False,1.3366819620132446
blk_5881782374981838094,7,False,1.5948257446289062
blk_7078766226078740026,1,False,1.8366745710372925
blk_-7380871572601322244,8,False,1.3867489099502563
blk_3846795603907041885,7,False,1.580108642578125
blk_7922331746517419368,8,False,1.388240933418274
blk_155320394753274773,8,False,1.3644275665283203
blk_-5722491454804415982,1,False,1.8812345266342163
blk_-3482997549732691785,8,False,1.3567917346954346
blk_6417614801998326532,7,False,1.5521502494812012
blk_-1090213273274684471,8,False,1.442370057106018
blk_-3738901473077208093,7,False,1.5804487466812134
blk_-4312777901444596370,6,False,1.6777396202087402
blk_6178964531181542074,6,False,1.7461085319519043
blk_8550326614414622861,1,True,2.052243232727051
blk_-6525012344542022819,1,True,2.2119436264038086
blk_8861349372992394289,6,False,1.685859203338623
blk_-1049340855430710153,1,False,1.9727485179901123
blk_703049809255765647,1,True,2.0738070011138916
blk_-7460532841070848624,-1,False,1.5530242919921875
blk_-7623732795385061487,7,False,1.5802489519119263
blk_-7367386750462511488,6,False,1.6651273965835571
blk_-1237539644269634790,2,False,1.482459545135498
blk_7713504868233504097,7,False,1.547349452972412
blk_8005746184358076390,2,False,1.5495768785476685
blk_955083461510572332,-1,False,1.460450291633606
blk_283922378823540530,1,False,1.9142547845840454
blk_4471044334742081825,5,False,1.6151539087295532
blk_-3671953658029337449,5,False,1.565790057182312
blk_-75893538967225087,5,False,1.6268342733383179
blk_805187982300776163,5,False,1.6123123168945312
blk_4631777956354958682,3,False,1.5176783800125122
blk_-7595375726951801956,3,False,1.3974361419677734
blk_-4681205519208992498,3,False,1.3103086948394775
blk_5702487846232575705,3,False,1.45082426071167
blk_4834069779372284635,5,False,1.552812933921814
blk_3735517274901501821,3,False,1.3583667278289795
blk_5018797996887008111,5,False,1.6483591794967651
blk_-566178736644429906,5,False,1.7004731893539429
blk_-8121498678081035000,3,False,1.3866279125213623
blk_7996616083434301906,7,False,1.5953816175460815
blk_6888300867578983331,4,False,1.818069338798523
blk_7625391056418655045,1,False,1.7741570472717285
blk_-8443921001690182522,4,False,1.7735674381256104
blk_706826531153199550,7,False,1.6821647882461548
blk_-7446091384471755694,4,False,1.8533858060836792
blk_-4352313989800650828,4,False,1.786731243133545
blk_-6292499669518281202,4,False,1.8056747913360596
blk_-4582442491366282435,1,False,1.934635043144226
blk_-6750694665033046901,4,False,1.7982770204544067
blk_-6131345369657245178,4,False,1.8273717164993286
blk_-3575718350717794894,4,False,1.8075934648513794
blk_-4380385204018751771,4,False,1.8529831171035767
blk_-3594701313167635091,4,False,1.7516999244689941
blk_-1693418636466747515,4,False,1.8106379508972168
blk_5806397523737304814,4,False,1.8057340383529663
blk_-1345585044778938153,4,False,1.8472384214401245
blk_2489882700357182381,4,False,1.850426435470581
blk_-1800458850981311953,4,False,1.7350928783416748
blk_6373260430960091026,4,False,1.908532738685608
blk_-1278725622357466169,4,False,1.7629350423812866
blk_4513772639980123655,4,False,1.7439786195755005
blk_1838564958520120941,4,False,1.7979404926300049
blk_7985460426680885040,4,False,1.8486968278884888
blk_2215517976324634098,4,False,1.7881137132644653
blk_5453150794205420798,4,False,1.8054277896881104
blk_-7522572236891389139,2,False,1.5520743131637573
blk_6163400028286940197,4,False,1.8650892972946167
blk_7583807825342916938,4,False,1.7224304676055908
blk_-5957060034695163774,7,False,1.5849846601486206
blk_-2250942073136893488,7,False,1.601981282234192
blk_-3693786175267111588,8,False,1.3796252012252808
blk_8384967715738359346,4,False,1.7907962799072266
blk_-1948505589144820414,2,False,1.6012362241744995
blk_-6224982681533811277,2,False,1.529915690422058
blk_-2843780069100181052,2,False,1.3800760507583618
blk_8083872765147994327,7,False,1.612773060798645
blk_-6502143621885580798,8,False,1.3299564123153687
blk_-8323785930877970805,7,False,1.5520169734954834
blk_-7587189852169913514,1,False,2.0081300735473633
blk_7439201509602018752,2,False,1.4640508890151978
blk_3224184805694764748,8,False,1.441291332244873
blk_-7571492020523929240,-1,False,1.4549635648727417
blk_1119272693889755844,2,False,1.5256527662277222
blk_1600228140214754078,8,False,1.3659392595291138
blk_1473949624670719319,8,False,1.451839804649353
blk_-7227576651324043655,7,False,1.59413743019104
blk_-7606467001548719462,4,False,1.8488651514053345
blk_2771018387166611008,8,False,1.3933120965957642
blk_-2852294661215451806,2,False,1.3999061584472656
blk_7891129742741763034,7,False,1.5585743188858032
blk_8512974147315737844,2,False,1.548133373260498
blk_427477290315080955,8,False,1.4441227912902832
blk_-7630699912570186723,8,False,1.3818323612213135
blk_1512136249403454074,7,False,1.5869368314743042
blk_8655748951361667770,8,False,1.3744444847106934
blk_8487226415276391460,1,False,1.917786955833435
blk_-8162657657061473938,7,False,1.5612101554870605
blk_-4970213618915792510,2,False,1.514248013496399
blk_9034824096129858680,7,False,1.5927045345306396
blk_-4775386099844009890,8,False,1.348886251449585
blk_-1533191386601391937,6,False,1.6373374462127686
blk_2096199637324483321,1,False,1.829123854637146
blk_3433046099598424314,1,True,2.0838406085968018
blk_4170936278386288557,2,False,1.5770564079284668
blk_-3023983271692989109,8,False,1.3619420528411865
blk_469126362137371425,7,False,1.5693919658660889
blk_3922791077126964673,1,False,1.8132412433624268
blk_5813923864071791162,8,False,1.3571871519088745
blk_7412933088374169877,1,True,2.0315334796905518
blk_-3888538223380979891,2,False,1.5458300113677979
blk_-5970165518655489569,8,False,1.326393961906433
blk_-7319442762668598889,1,True,2.2195122241973877
blk_5844313985011885282,6,False,1.657296061515808
blk_4531288786306744275,6,False,1.6682590246200562
blk_-3845286823494684378,8,False,1.3396133184432983
blk_6170586659371027531,2,False,1.556337833404541
blk_-808401720390253471,1,False,1.9020203351974487
blk_1447281351164457761,2,False,1.5550847053527832
blk_-7911408976820434495,7,False,1.634375810623169
blk_-5455316994110506037,2,False,1.5409399271011353
blk_-917268749136585019,1,False,1.9152472019195557
blk_1122812501843755360,7,False,1.6124179363250732
blk_5983149244832683042,7,False,1.5600990056991577
blk_-5263787695149681326,1,False,1.7931100130081177
blk_5781019224640206392,7,False,1.6638731956481934
blk_4786794545180705888,1,False,1.947557806968689
blk_1303107722036031233,2,False,1.5507131814956665
blk_4539833452749813987,8,False,1.4613004922866821
blk_703387617548630438,1,True,2.03564453125
blk_5689516499354445029,1,False,1.8380331993103027
blk_-4595094649363595358,2,False,1.4338005781173706
blk_-1733026139299872187,7,False,1.589462161064148
blk_-1910608563003942187,1,True,2.1294291019439697
blk_-1101091099241306483,6,False,1.671469807624817
blk_7901008236334420364,1,False,1.8815678358078003
blk_2119401975697524206,2,False,1.5380568504333496
blk_6204056282927975796,1,True,2.1125218868255615
blk_215466486430758887,1,True,2.0193514823913574
blk_-3055230140330616860,6,False,1.67936110496521
blk_4473390551542202999,2,False,1.4379677772521973
blk_-5581540863377925517,6,False,1.65639328956604
blk_7864850143895703065,8,False,1.3455408811569214
blk_423916008836295480,2,False,1.5493172407150269
blk_2166777223671724319,7,False,1.5592466592788696
blk_4031738712701565209,8,False,1.5199006795883179
blk_1910319264393500537,6,False,1.7226388454437256
blk_-8789402864074203800,8,False,1.3519940376281738
blk_5733038550092620376,2,False,1.5246832370758057
blk_8215843708467112607,6,False,1.6465502977371216
blk_-954856062493437881,8,False,1.3515690565109253
blk_241585185788373386,-1,False,1.2899277210235596
blk_3808164640986377400,7,False,1.5450059175491333
blk_-6719337521981113643,-1,False,1.337847113609314
blk_-23492739449820023,2,False,1.499876856803894
blk_-8969188698416564850,1,False,1.98891282081604
blk_-5144548163293169177,1,False,1.870282530784607
blk_-2895171018912807248,2,False,1.4802467823028564
blk_-5892603381347650390,7,False,1.5901776552200317
blk_7908524857056299716,6,False,1.75095796585083
blk_3492869167398569662,3,False,1.3145339488983154
blk_-3894803026385053344,5,False,1.7052947282791138
blk_-7873581794069372986,5,False,1.5971053838729858
blk_2060553104861908174,5,False,1.6219117641448975
blk_-6783506473540833076,3,False,1.4064711332321167
blk_-8863130543753323383,3,False,1.4183112382888794
blk_-8769398708439834546,5,False,1.565811276435852
blk_-3316519570098743145,3,False,1.3882979154586792
blk_-6068451475575444798,3,False,1.3803061246871948
blk_-7709713535298137702,5,False,1.724025011062622
blk_-1030832046197982436,5,False,1.5718127489089966
blk_4738781172941319823,3,False,1.4195284843444824
blk_2869833078504290822,3,False,1.4427266120910645
blk_-6261136177206340449,5,False,1.7056902647018433
blk_-1755309160709170318,3,False,1.4014867544174194
blk_-8312238797251504127,5,False,1.5818194150924683
blk_2713941272199175167,5,False,1.6121258735656738
blk_-7846283874350947646,5,False,1.594504714012146
blk_-793506372912437289,3,False,1.3370187282562256
blk_-5293091556505218722,5,False,1.646084189414978
blk_4516306414837452219,5,False,1.5223349332809448
blk_-8792837405349224102,4,False,1.8314099311828613
blk_-8131422413299851907,4,False,1.729343295097351
blk_-2268477281422551537,1,False,1.9094128608703613
blk_-6177194341369822651,4,False,1.8755918741226196
blk_1369784431092292099,4,False,1.8311309814453125
blk_-8060252929692927663,4,False,1.6719881296157837
blk_-5344266425789048231,4,False,1.7448031902313232
blk_-2518425063392446785,4,False,1.7499210834503174
blk_-5598693099021996971,4,False,1.8034957647323608
blk_901963876338651405,4,False,1.8898926973342896
blk_-2722768686407017386,4,False,1.8848859071731567
blk_92946806844541836,4,False,1.7982620000839233
blk_1824928871191121429,-1,False,1.457882046699524
blk_-4301178988618507084,4,False,1.8374969959259033
blk_-2098161025946048013,4,False,1.8192356824874878
blk_-1451819169209310732,4,False,1.8563538789749146
blk_2403370969415186087,4,False,1.8264204263687134
blk_5701964561533648583,4,False,1.6368919610977173
blk_4007982883396598426,4,False,1.8035626411437988
blk_-3724350946705225881,2,False,1.4728686809539795
blk_6051144263842600010,4,False,1.7643831968307495
blk_8436095180790908547,4,False,1.800409197807312
blk_5100975846124291571,4,False,1.858203411102295
blk_-4941547144875557718,4,False,1.8216632604599
blk_6791628131402590260,1,False,1.8933037519454956
blk_-6308508598639278892,2,False,1.5014785528182983
blk_6585429064641693815,7,False,1.5701855421066284
blk_6000837850922531821,8,False,1.4255753755569458
blk_7330803663603700184,8,False,1.396121859550476
blk_-5613694521084380933,-1,False,1.8876017332077026
blk_-4967783186426171722,7,False,1.6148337125778198
blk_-1970947032352756307,2,False,1.7247234582901
blk_5894088883762961800,6,False,1.6872402429580688
blk_-4861262918414696307,-1,False,1.5196998119354248
blk_2583600095045026513,7,False,1.6134730577468872
blk_7872746846750105239,8,False,1.5322394371032715
blk_-3510473878877779134,2,False,1.5545687675476074
blk_5202581916713319258,-1,False,1.877923607826233
blk_-2808875502459981198,4,False,1.8125896453857422
blk_34905976850091068,1,True,2.0511739253997803
blk_4774383661473695119,8,False,1.4447046518325806
blk_465845235850106928,7,False,1.569512963294983
blk_8882415653769775762,1,True,2.153435230255127
blk_4207359722112667226,1,False,1.8497207164764404
blk_-3152434225121092058,6,False,1.6721396446228027
blk_4820650745157199554,7,False,1.644317865371704
blk_-6390296685077811803,2,False,1.487115502357483
blk_9173199815015538212,4,False,1.8848729133605957
blk_-8948316319329891645,6,False,1.6744036674499512
blk_-6314365697827006048,2,False,1.3882046937942505
blk_-3522956055443924791,6,False,1.6465717554092407
blk_5454423648092670683,1,False,1.8887817859649658
blk_4565822428702518889,1,False,1.868038535118103
blk_-409558225151784282,2,False,1.5490463972091675
blk_-3967261531426400230,1,True,2.2482216358184814
blk_-4655280636272058732,7,False,1.593847393989563
blk_-5799866343936729403,1,False,1.9064992666244507
blk_4214952053910973364,6,False,1.711811900138855
blk_-6135061626100136978,7,False,1.5604499578475952
blk_-5057534532247887258,7,False,1.6020712852478027
blk_9103049989653819836,8,False,1.4057930707931519
blk_-4365612131648152536,7,False,1.6005046367645264
blk_3598226258881465924,7,False,1.578380823135376
blk_3378157549705391333,1,True,2.0372116565704346
blk_-8347949825960763812,-1,False,1.594929814338684
blk_-2934265883100282310,8,False,1.3271595239639282
blk_1259893634804870815,1,False,1.737686276435852
blk_412956398445037066,1,True,2.0361554622650146
blk_-9167880724995702718,8,False,1.3249479532241821
blk_-7764040409370932316,7,False,1.5583686828613281
blk_931297048899943584,7,False,1.5816608667373657
blk_2833019093942278701,1,True,2.1850497722625732
blk_-5785220384376578831,8,False,1.41917085647583
blk_3386670145292909259,-1,False,1.4887092113494873
blk_1859772752119590543,7,False,1.6096687316894531
blk_2630223487595425525,6,False,1.6894218921661377
blk_-5385105076403314787,8,False,1.2859503030776978
blk_-5343533992609553091,6,False,1.6631128787994385
blk_-4390972361898978900,6,False,1.6628259420394897
blk_1190791818440776717,8,False,1.459108829498291
blk_-7202857144668308473,8,False,1.3177196979522705
blk_5565611615515783341,7,False,1.5956894159317017
blk_-3283153974358895314,8,False,1.3085650205612183
blk_-1484647023667047838,1,True,2.2043607234954834
blk_7474737521119026445,2,False,1.6213908195495605
blk_-8571819028995448536,7,False,1.61033296585083
blk_-8428590803682810851,2,False,1.5242761373519897
blk_8716294289715825928,6,False,1.7073525190353394
blk_8527475857502481768,2,False,1.5372204780578613
blk_406835586147450451,1,False,1.8412162065505981
blk_7294821275446427348,8,False,1.3724571466445923
blk_1793140687921032046,2,False,1.5956915616989136
blk_4361294871479973840,2,False,1.4568792581558228
blk_-6945615463687647586,2,False,1.4267175197601318
blk_1216611589160220108,1,True,2.259225368499756
blk_-3265479347842446682,7,False,1.5580196380615234
blk_8527562124953828227,2,False,1.510532021522522
blk_2749066163012162435,2,False,1.539154052734375
blk_-1305222006484630743,2,False,1.5352452993392944
blk_-3702595599317472079,8,False,1.3044246435165405
blk_6446927133528675675,8,False,1.4250624179840088
blk_2015610615789582788,2,False,1.4650046825408936
blk_-2959268996938658555,2,False,1.5547391176223755
blk_-1082541280306680938,4,False,1.8140567541122437
blk_-191333338640084691,1,False,1.9599701166152954
blk_3972778210951456006,7,False,1.6603963375091553
blk_1408672604432845193,1,False,1.9789339303970337
blk_7679838117000095334,8,False,1.3881030082702637
blk_2593937801738981947,2,False,1.5823038816452026
blk_5489815612272797790,2,False,1.4704229831695557
blk_6451403582950672007,2,False,1.5112202167510986
blk_-7048088870427586736,7,False,1.6663323640823364
blk_7589872946955471867,8,False,1.411389708518982
blk_-178934379749864379,7,False,1.5725334882736206
blk_2026200052147887341,1,False,1.9750205278396606
blk_8303284829424905326,7,False,1.5346945524215698
blk_5646792755154529338,2,False,1.5574990510940552
blk_712730845180531820,1,True,2.036597967147827
blk_8418106412701718933,1,False,1.9026875495910645
blk_-6325232815283133921,2,False,1.5047663450241089
blk_-800664075087524591,1,False,1.9761077165603638
blk_6516880861186877710,8,False,1.4083956480026245
blk_-3228470001178394592,1,False,1.9583148956298828
blk_-8426741581316629266,6,False,1.6498794555664062
blk_-762982068597249045,2,False,1.514434576034546
blk_-5224756755359850354,7,False,1.582730770111084
blk_-1440254020029439248,8,False,1.3906620740890503
blk_1441315972355360459,2,False,1.5137354135513306
blk_-9001895211102825241,1,False,1.9617332220077515
blk_-2025617675484194470,1,False,1.862385630607605
blk_-1592043549272047369,-1,False,1.2840020656585693
blk_2583125615128303019,7,False,1.6825542449951172
blk_4198733391373026104,7,False,1.6016241312026978
blk_-5815145248455404269,8,False,1.3182339668273926
blk_-295306975763175640,7,False,1.6198235750198364
blk_5225719677049010638,1,False,1.9128183126449585
blk_4343207286455274569,7,False,1.6252167224884033
