block_id,summary
blk_38865049064139660,"The block blk_38865049064139660 experienced a termination of its PacketResponder, indicating that the block was likely processed without any errors or issues. There are no recorded errors, exceptions, or warnings associated with this block, suggesting that all operations completed normally and the block remains in a healthy state."
blk_-6952295868487656571,"The block blk_-6952295868487656571 experienced an issue with the PacketResponder, which terminated unexpectedly. There are no indications of successful operations or retries, and the log does not provide any information about the block being replicated or accessed normally. The termination of the PacketResponder suggests a potential failure in communication or processing related to this block, but without additional context, it is unclear if the block is in a consistent state or if further errors occurred."
blk_7128370237687728475,"The block blk_7128370237687728475 was successfully added to the blockMap, indicating that it was stored correctly without any errors or exceptions. The operation completed normally, and the block is healthy with a size of 67,108,864 bytes. There were no indications of retries, failures, or inconsistencies associated with this block."
blk_8229193803249955061,"The block blk_8229193803249955061 experienced a termination of its PacketResponder 2, indicating that the block's data transfer process was interrupted. There are no indications of errors, exceptions, or warnings related to this block, and it appears to have completed its operations normally without any reported failures or inconsistencies. The block remains in a healthy state."
blk_-6670958622368987959,"The block with ID blk_-6670958622368987959 experienced a termination of the PacketResponder, indicating that the block's data transfer was interrupted or completed without errors. There are no recorded errors, exceptions, or warnings associated with this block, and it appears to have completed its operations normally without any indication of being under-replicated, corrupted, or lost."
blk_3050920587428079149,"The block blk_3050920587428079149 was successfully added to the block map with a size of 67,108,864 bytes. There were no errors, exceptions, or warnings reported during the operation, indicating that the block was stored normally and is in a healthy state. No retries or failures occurred, and the block is fully replicated without any inconsistencies."
blk_7888946331804732825,"The block blk_7888946331804732825 was successfully added to the block map with a size of 67,108,864 bytes. There were no errors, exceptions, or warnings reported during the operation, indicating that the block was handled normally and is in a healthy state."
blk_2377150260128098806,"The block blk_2377150260128098806 was successfully added to the block map with a size of 67,108,864 bytes. There were no errors, exceptions, or warnings reported during this operation, indicating that the block was handled normally and is in a healthy state."
blk_572492839287299681,"The block blk_572492839287299681 experienced a termination of its PacketResponder, indicating that the block was likely not fully processed or acknowledged by the DataNode. There are no indications of errors, exceptions, or warnings related to this block, nor are there any retries or failures noted. The block appears to be in a healthy state, but the termination of the PacketResponder suggests that further monitoring may be needed to ensure that all operations are completed successfully."
blk_3587508140051953248,"The block blk_3587508140051953248 was successfully received with a size of 67,108,864 bytes from a datanode. There were no errors, exceptions, or warnings reported during this operation, indicating that the block was handled normally without any issues. The block is in a healthy state following the routine operation."
blk_5402003568334525940,"The block blk_5402003568334525940 was successfully received with a size of 67,108,864 bytes. No errors, exceptions, or warnings were reported during the operation, indicating that the block was processed normally without any issues. The block is healthy and in a consistent state."
blk_5792489080791696128,"The block blk_5792489080791696128 was successfully received without any errors or exceptions. The operation completed normally, indicating that the block is healthy and in a consistent state. There were no retries, failures, or unusual patterns observed during this process."
blk_1724757848743533110,"The block blk_1724757848743533110 was successfully received without any errors or warnings. The operation was completed normally, indicating that the block is healthy and in a consistent state. No retries or failures were noted during this process."
blk_8015913224713045110,"The block blk_8015913224713045110 was successfully added to the block map with a size of 67,108,864 bytes. There were no errors, exceptions, or warnings reported during the operation, indicating that the block was handled normally without any issues. The block is in a healthy state with no inconsistencies or unusual patterns observed."
blk_-5623176793330377570,"The block blk_-5623176793330377570 was successfully received without any errors or exceptions. The operation was completed normally, indicating that the block is healthy and in a consistent state. No retries, failures, or unusual patterns were noted during this operation."
blk_-1727475099218615100,"The block with ID blk_-1727475099218615100 was successfully allocated without any errors or exceptions. The operation completed normally, indicating that the block is healthy and in a consistent state. There were no retries, failures, or unusual patterns observed during this operation."
blk_5017373558217225674,"The block blk_5017373558217225674 experienced a termination of the PacketResponder, indicating that the block's data transfer process was completed without any reported errors or exceptions. There were no indications of retries, failures, or any issues such as under-replication or corruption. The block appears to be in a healthy state following routine operations."
blk_9212264480425680329,"The block blk_9212264480425680329 was successfully received with a size of 67,108,864 bytes. There were no errors, exceptions, or warnings reported during the operation, indicating that the block was processed normally and is in a healthy state. All operations related to this block completed successfully without any retries or failures."
blk_-7878121102358435702,"The block with ID blk_-7878121102358435702 was successfully allocated without any errors or exceptions. The operation completed normally, indicating that the block is healthy and in a consistent state. No retries, failures, or unusual patterns were observed during this operation."
blk_4568434182693165548,"The block blk_4568434182693165548 was successfully added to the block map with a size of 67,108,864 bytes. There were no errors, exceptions, or warnings reported during this operation, indicating that the block was handled normally and is in a healthy state. No retries or failures occurred, and the block is fully replicated without any inconsistencies."
blk_-5704899712662113150,"The block blk_-5704899712662113150 was successfully received with a size of 67,108,864 bytes. There were no errors, exceptions, or warnings reported during the operation, indicating that the block was handled normally without any issues. The block is in a healthy state with no inconsistencies or failures noted."
blk_-4794867979917102672,"The block blk_-4794867979917102672 was successfully added to the block map, indicating that it was stored correctly without any errors or exceptions. The operation completed normally, and the block is healthy with a size of 67,108,864 bytes. There were no indications of retries, failures, or any inconsistent states."
blk_8763662564934652249,"The block blk_8763662564934652249 was successfully added to the block map with a size of 67,108,864 bytes. There were no errors, exceptions, or warnings reported during this operation, indicating that the block is healthy and all operations completed normally."
blk_-5861636720645142679,"The block blk_-5861636720645142679 was successfully received with a size of 67,108,864 bytes. There were no errors, exceptions, or warnings reported during the operation, indicating that the block was processed normally without any issues. The block is in a healthy state with no indications of under-replication, corruption, or loss."
blk_7453815855294711849,"The block blk_7453815855294711849 was successfully added to the block map with a size of 67,108,864 bytes. There were no errors, exceptions, or warnings reported during this operation, indicating that the block was handled normally and is in a healthy state."
blk_-28342503914935090,"The block blk_-28342503914935090 was successfully received without any errors or exceptions. The operation completed normally, indicating that the block is healthy and in a consistent state. There were no retries, failures, or unusual patterns observed during this operation."
blk_8291449241650212794,"The block blk_8291449241650212794 was successfully received with a size of 67,108,864 bytes. There were no errors, exceptions, or warnings reported during the operation, indicating that the block was handled normally without any issues. The block is in a healthy state with no indications of under-replication, corruption, or loss."
blk_-5319073033164653435,"The block blk_-5319073033164653435 was successfully allocated without any errors or warnings. The operation completed normally, indicating that the block is healthy and in a consistent state. There were no retries, failures, or unusual patterns observed during this operation."
blk_-4980916519894289629,"The block blk_-4980916519894289629 underwent a verification process that completed successfully, indicating that the block is healthy and consistent with no errors or issues reported. There were no retries, failures, or unusual patterns observed during the operations related to this block."
blk_-5974833545991408899,"The block blk_-5974833545991408899 was successfully received with a size of 67,108,864 bytes. There were no errors, exceptions, or warnings reported during the operation, indicating that the block was processed normally without any issues. The block is in a healthy state with no indications of being under-replicated, corrupted, or lost."
blk_-5009020203888190378,"The block blk_-5009020203888190378 was successfully received without any errors or exceptions. The operation completed normally, indicating that the block is healthy and in a consistent state. There were no retries, failures, or unusual patterns observed during this operation."
blk_6921674711959888070,"The block blk_6921674711959888070 was successfully received with a size of 67,108,864 bytes. There were no errors, exceptions, or warnings reported during the operation, indicating that the block was processed normally without any issues. The block is in a healthy state and has completed its operations successfully."
blk_5165786360127153975,"The block blk_5165786360127153975 was successfully added to the block map with a size of 67,108,864 bytes. There were no errors, exceptions, or warnings reported during this operation, indicating that the block was handled normally without any issues. The block appears to be in a healthy state following the operation."
blk_2937758977269298350,"The block blk_2937758977269298350 was successfully received without any reported errors or exceptions. The operation completed normally, indicating that the block is healthy and in a consistent state. There were no retries, failures, or unusual patterns observed during this operation."
blk_673825774073966710,"The block blk_673825774073966710 was successfully added to the blockMap with a size of 67,108,864 bytes. There were no errors, exceptions, or warnings reported during this operation, indicating that the block was handled normally and is in a healthy state. No retries or failures occurred, and the block is not under-replicated, corrupted, or lost."
blk_-7526945448667194862,"The block blk_-7526945448667194862 was successfully received with a size of 67,108,864 bytes. There were no errors, exceptions, or warnings reported during the operation, indicating that the block was handled normally without any issues. The block is in a healthy state with no signs of under-replication, corruption, or loss."
blk_-2094397855762091248,"The block blk_-2094397855762091248 was successfully received with a size of 67,108,864 bytes. There were no errors, exceptions, or warnings reported during the operation, indicating that the block was handled normally without any issues. The block is in a healthy state with no signs of under-replication, corruption, or loss."
blk_-8523968015014407246,"The block blk_-8523968015014407246 was successfully received with a size of 67,108,864 bytes. There were no errors, exceptions, or warnings reported during the operation, indicating that the block was processed normally and is in a healthy state. All operations related to this block completed successfully without any retries or failures."
blk_8181993091797661153,"The block blk_8181993091797661153 was successfully added to the block map with a size of 67,108,864 bytes. There were no errors, exceptions, or warnings reported during the operation, indicating that the block was handled normally and is in a healthy state. No retries or failures occurred, and the block is fully replicated without any inconsistencies."
blk_-6276023454199613372,"The block blk_-6276023454199613372 was successfully received without any reported errors or exceptions. The operation was routine, with no indications of retries, failures, or unusual behavior. The block appears to be in a healthy state following the completion of the receiving operation."
blk_4755566011267050000,"The block blk_4755566011267050000 was successfully received with a size of 67,108,864 bytes. There were no errors, exceptions, or warnings reported during the operation, indicating that the block was processed normally without any issues. The block is in a healthy state with no signs of under-replication, corruption, or loss."
blk_-3909548841543565741,"The block blk_-3909548841543565741 was successfully received with a size of 3,542,967 bytes from a datanode. There were no errors, exceptions, or warnings reported during the operation, indicating that the block was processed normally and is in a healthy state. No retries or failures occurred, and the block is not under-replicated, corrupted, or lost. All operations related to this block completed successfully."
blk_-6809181994368905854,"The block blk_-6809181994368905854 was successfully received without any errors or exceptions. The operation completed normally, indicating that the block is healthy and in a consistent state. There were no retries, failures, or unusual patterns observed during this operation."
blk_8829027411458566099,"The block blk_8829027411458566099 was successfully received with a size of 67,108,864 bytes. There were no errors, exceptions, or warnings reported during the operation, indicating that the block was processed normally without any issues. The block is in a healthy state with no inconsistencies or unusual patterns observed."
blk_-29548654251973735,"The block blk_-29548654251973735 was successfully added to the block map with a size of 67,108,864 bytes. There were no errors, exceptions, or warnings reported during the operation, indicating that the block was handled normally and is in a healthy state."
blk_-5073870177832699716,"The block blk_-5073870177832699716 experienced a termination of its PacketResponder, indicating that the block's data transfer operations were completed normally without any reported errors or exceptions. There were no indications of retries, failures, or inconsistencies, suggesting that the block is healthy and in a consistent state."
blk_-8241093737585222406,"The block blk_-8241093737585222406 was successfully received with a size of 67,108,864 bytes from a datanode. There were no errors, exceptions, or warnings reported during the operation, indicating that the block was processed normally and is in a healthy state."
blk_-2480595760294717232,"The block blk_-2480595760294717232 was successfully added to the blockMap, indicating that it was stored correctly without any errors or exceptions. The operation completed normally, and the block is healthy with no indications of inconsistencies or issues."
blk_7791237942696729620,"The block blk_7791237942696729620 experienced a termination of its PacketResponder, indicating that there may have been an issue with the communication or data transfer process. However, there are no specific errors, exceptions, or warnings indicating that the block is in an inconsistent state, under-replicated, or corrupted. The log does not show any retries or failures related to this block, suggesting that while the PacketResponder terminated, it did not lead to any further complications or unusual behavior. Overall, the block appears to be in a healthy state despite the termination of the PacketResponder."
blk_2113880130496815041,"The block blk_2113880130496815041 was successfully added to the blockMap, indicating that it was stored correctly on the datanode without any errors or exceptions. The operation completed normally, and the block is healthy with no indications of inconsistencies, errors, or unusual behavior."
blk_1064470652608359218,"The block blk_1064470652608359218 was successfully received with a size of 67,108,864 bytes. There were no errors, exceptions, or warnings reported during the operation, indicating that the block was handled normally without any issues. The block is in a healthy state with no indications of being under-replicated, corrupted, or lost."
blk_-1661553043410372067,"The block blk_-1661553043410372067 was successfully added to the block map with a size of 67,108,864 bytes. There were no errors, exceptions, or warnings reported during the operation, indicating that the block was handled normally and is in a healthy state."
blk_-1527267659500322006,"The block blk_-1527267659500322006 experienced a termination of the PacketResponder without any indication of errors or exceptions. There are no records of retries, failures, or unusual behavior associated with this block. It appears to have completed its operations normally, suggesting that the block is in a healthy state."
blk_4886940526690879848,"The block blk_4886940526690879848 experienced a termination of its PacketResponder, indicating that the communication for this block was completed without any reported errors or issues. There were no indications of retries, failures, or inconsistencies, suggesting that the block remained in a healthy state throughout the operations."
blk_-2452477352812192142,"The block blk_-2452477352812192142 was successfully received from a datanode with a size of 67,108,864 bytes. There were no errors, exceptions, or warnings reported during the operation, indicating that the block was handled normally without any issues. The block is in a healthy state with no indications of under-replication, corruption, or loss."
blk_-4229375751333894621,"The block blk_-4229375751333894621 encountered an issue with the PacketResponder, which terminated unexpectedly. There are no indications of successful operations or retries, and the log does not provide information about the block's final state. This suggests that the block may be in an inconsistent state, potentially leading to issues such as being under-replicated or lost. Further investigation would be necessary to determine the exact impact on data integrity."
blk_-774267833966018354,"The block blk_-774267833966018354 was successfully received without any errors or exceptions. The operation was completed normally, indicating that the block is healthy and in a consistent state. There were no retries, failures, or unusual patterns noted during this operation."
blk_2513940824125131775,"The block with ID blk_2513940824125131775 was successfully allocated without any errors or exceptions. The operation completed normally, indicating that the block is healthy and in a consistent state. There were no retries, failures, or unusual patterns observed during this operation."
blk_-1282453782148343691,"The block with ID blk_-1282453782148343691 was successfully allocated without any errors or warnings. The operation completed normally, indicating that the block is healthy and in a consistent state. There were no retries, failures, or unusual patterns observed during this operation."
blk_-518701095493827363,"The block blk_-518701095493827363 was successfully received with a size of 67,108,864 bytes. There were no errors, exceptions, or warnings reported during the operation, indicating that the block was handled normally without any issues. The block is in a healthy state with no inconsistencies or failures noted."
blk_-2530087534157630851,"The block blk_-2530087534157630851 was successfully added to the block map, indicating that it was stored correctly with a size of 67,108,864 bytes. There were no errors, exceptions, or warnings reported during this operation, and the block appears to be in a healthy state with no issues related to replication or consistency."
blk_427714267500527780,"The block blk_427714267500527780 was successfully added to the block map with a size of 67,108,864 bytes. There were no errors, exceptions, or warnings reported during this operation, indicating that the block is healthy and all operations completed normally."
blk_-967145856473901804,"The block blk_-967145856473901804 was successfully received with a size of 67,108,864 bytes. There were no errors, exceptions, or warnings reported during the operation, indicating that the block was handled normally without any issues. The block is in a healthy state with no inconsistencies or failures noted."
blk_8408125361497769001,"The block blk_8408125361497769001 was successfully received with a size of 67,108,864 bytes. There were no errors, exceptions, or warnings reported during this operation, indicating that the block was handled normally and is in a healthy state. No retries or failures occurred, and the block is fully replicated and consistent."
blk_-1614641487214609125,"The block blk_-1614641487214609125 was successfully received with a size of 67,108,864 bytes. There were no errors, exceptions, or warnings reported during the operation, indicating that the block was handled normally without any issues. The block is in a healthy state with no inconsistencies or failures noted."
blk_7577595658377008671,"The block blk_7577595658377008671 was successfully received with a size of 67,108,864 bytes. There were no errors, exceptions, or warnings reported during the operation, indicating that the block was handled normally without any issues. The block is in a healthy state, and all operations related to its reception completed successfully."
blk_3777400576053320362,"The block blk_3777400576053320362 was successfully received with a size of 67,108,864 bytes. There were no errors, exceptions, or warnings reported during the operation, indicating that the block was processed normally without any issues. The block is in a healthy state with no signs of under-replication, corruption, or loss."
blk_-5852844080027817147,"The block blk_-5852844080027817147 experienced a termination of the PacketResponder without any indication of successful completion or error handling. There are no specific errors, exceptions, or warnings noted in the log lines, suggesting that the block may not have undergone any significant operations or encountered issues. The lack of further details implies that the block's state remains unclear, but it does not indicate any immediate problems such as under-replication or corruption. Overall, the log suggests an incomplete or unreported operation rather than a healthy block."
blk_-2129171714384027465,"The block blk_-2129171714384027465 was successfully received with a size of 67,108,864 bytes. There were no errors, exceptions, or warnings reported during the operation, indicating that the block was processed normally and is in a healthy state."
blk_-2827716238972737794,"The block blk_-2827716238972737794 underwent a verification process that completed successfully, indicating that the block is healthy and consistent without any errors or warnings. No issues such as replication failures, corruption, or inconsistencies were reported during the operations."
blk_-3509323198988774369,"The block blk_-3509323198988774369 was successfully received without any errors or exceptions. The operation completed normally, indicating that the block is healthy and in a consistent state. There were no retries, failures, or unusual patterns observed during this operation."
blk_9093049293972551787,"The block blk_9093049293972551787 experienced a termination of its PacketResponder, indicating that there were no further operations or responses being processed for this block. There are no recorded errors, exceptions, or warnings associated with this block, suggesting that it completed its operations normally without any issues. The block remains in a healthy state with no inconsistencies, under-replication, or corruption noted."
blk_1781953582842324563,"The block blk_1781953582842324563 was deleted successfully without any reported errors or warnings. There were no indications of failures, retries, or inconsistencies associated with this block, suggesting that it was removed as part of routine operations."
blk_-7724713468912166542,"The block blk_-7724713468912166542 was successfully served to a client without any reported errors or exceptions. There were no retries or failures noted, indicating that the block is in a healthy state and all operations completed normally."
blk_-3358448553918665902,"The block blk_-3358448553918665902 was successfully served without any errors or warnings. There were no retries or failures reported, and the block remains in a healthy state with no inconsistencies or unusual patterns noted. All operations completed normally."
blk_-5341992729755584578,"The block blk_-5341992729755584578 was served successfully without any errors or warnings. There were no indications of retries, failures, or inconsistencies. The block appears to be in a healthy state following routine operations."
blk_3166960787499091856,"The block blk_3166960787499091856 was successfully served to a client without any errors or warnings. There were no indications of retries, failures, or inconsistencies, and the block remains in a healthy state following routine operations."
blk_-2918118818249673980,"The block with ID blk_-2918118818249673980 encountered an exception while being served, indicating a potential issue with data retrieval. The log does not specify the exact nature of the exception, but it suggests that the block may not have been successfully accessed by the requesting client. There are no indications of retries, failures, or other operations logged, leaving the block's state uncertain. Further investigation would be needed to determine if the block is under-replicated, corrupted, or lost."
blk_8376667364205250596,"The block with ID blk_8376667364205250596 encountered an exception while being served, indicating a potential issue in data retrieval or communication. The log does not specify the type of exception or provide details on whether the block was retried or if any subsequent operations were attempted. As a result, it is unclear if the block ended up in an inconsistent state, such as being under-replicated or lost. Further investigation would be necessary to determine the overall health and status of this block."
blk_-2794533871450434534,"The block blk_-2794533871450434534 was successfully served to a client without any errors or warnings. There were no retries or failures reported, and the block remains in a healthy state with no indications of being under-replicated, corrupted, or lost. All operations completed normally."
blk_3763728533434719668,"The block with ID blk_3763728533434719668 encountered an exception while being served, indicating a potential issue with data retrieval. The log does not specify the type of exception or provide details on whether the block was retried or if any operations failed. As a result, it is unclear if the block ended up in an inconsistent state, such as being under-replicated or corrupted. Further investigation would be needed to determine the overall health and status of this block."
blk_6241141267506413726,"The block with ID blk_6241141267506413726 encountered an exception while being served, indicating a potential issue with data retrieval. The specific error type was not detailed in the log, but the occurrence of an exception suggests that the block may not have been accessible at that time. There are no indications of retries, failures, or subsequent recovery attempts noted in the log. As a result, the block's state remains uncertain, and it may be at risk of being under-replicated or lost if the issue persists without resolution."
blk_-6520030462660619051,"The block blk_-6520030462660619051 was successfully served to a client without any reported errors or exceptions. There were no indications of retries, failures, or inconsistencies, and the block appears to be in a healthy state following routine operations."
blk_8466246428293623262,"The block blk_8466246428293623262 encountered an exception while being served, indicating a potential issue with data retrieval. However, there are no details provided about the specific type of exception or any subsequent retries, failures, or the block's final state. As a result, it is unclear whether the block remains healthy, under-replicated, or in a corrupted state. Further investigation would be needed to determine the impact of this exception on the block's integrity and availability."
blk_-3140754468249228022,"The block with ID blk_-3140754468249228022 encountered an exception while being served, indicating a potential issue with data retrieval. However, the specific nature of the exception is not detailed in the log line, leaving the exact cause of the failure unclear. There are no indications of retries, additional errors, or warnings related to this block, nor is there evidence of it being in an inconsistent state such as under-replicated or corrupted. Further investigation may be needed to determine the impact of this exception on the block's availability."
blk_3441699978641526775,"The block with ID blk_3441699978641526775 encountered an exception while being served, indicating a potential issue with data retrieval. The log does not specify the type of exception, but it suggests that the block may not have been successfully accessed by the requesting client. There are no indications of retries, failures, or subsequent operations logged, leaving the state of the block uncertain. The block may be in an inconsistent state due to this serving issue, but without further details, it cannot be definitively classified as under-replicated, corrupted, or lost."
blk_5739119717322549945,"The block blk_5739119717322549945 was served successfully without any errors or warnings. There were no indications of retries, failures, or inconsistencies, and the block appears to be in a healthy state following routine operations."
blk_-305633040016166849,"The block with ID blk_-305633040016166849 encountered an exception while being served, indicating a potential issue with data retrieval. The log does not specify the type of exception, but the occurrence suggests that the block may not have been accessible at that moment. There are no indications of retries or failures noted in the log, nor is there evidence of the block being left in an inconsistent state, such as being under-replicated or corrupted. Further investigation may be needed to determine the root cause of the exception and ensure the block's integrity."
blk_-6290631608800952376,"The block with ID blk_-6290631608800952376 encountered an exception while being served, indicating a potential issue with data retrieval. The log does not provide details on the specific type of exception or any subsequent retries, leading to uncertainty about the block's state. There is no indication of successful operations or completion, suggesting that the block may be in an inconsistent state, possibly leading to under-replication or accessibility issues. Further investigation would be necessary to determine the exact nature of the exception and its impact on the block's integrity."
blk_8787656642683881295,"The block blk_8787656642683881295 was successfully served to a client without any errors or warnings. There were no retries or failures reported, and the block remains in a healthy state with no indications of being under-replicated, corrupted, or lost. All operations completed normally."
blk_-4841792440390267307,"The block with ID blk_-4841792440390267307 encountered an exception while being served, indicating a potential issue with data retrieval. The log does not specify the type of exception or provide details on whether the block was retried or if any operations failed. There is no indication of the block being in an inconsistent state, such as being under-replicated or corrupted, but the lack of further information suggests that the block may not have completed its intended operations successfully. Overall, the log indicates a problem with serving the block, but without additional details, the extent of the issue remains unclear."
blk_5126469776250053435,"The block with ID blk_5126469776250053435 encountered an exception while being served, indicating a potential issue with data retrieval or communication. There are no details on the specific type of exception or error message, but the log suggests that the operation to serve the block to a client failed. There is no indication of retries, and the block's state remains unclear due to the lack of further information on subsequent operations or error handling. Overall, the block may be in a potentially inconsistent state, as the serving operation did not complete successfully."
blk_-2032740670708110312,"The block with ID blk_-2032740670708110312 encountered an exception while being served, indicating a potential issue with data retrieval. The log does not specify the type of exception, but the presence of an error suggests that the block may not have been successfully accessed by the requesting client. There are no indications of retries, failures, or subsequent operations logged, leaving the state of the block uncertain. Without further details on the nature of the exception, it is unclear whether the block remains healthy or if it has entered an inconsistent state."
blk_-62891505109755100,"The block with ID blk_-62891505109755100 encountered an exception while being served, indicating a potential issue with data retrieval. There are no details on specific error types or subsequent retries mentioned, but the log suggests that the block may not have been successfully accessed by the requesting node. The state of the block remains unclear, as there is no information on whether it is under-replicated, corrupted, or lost. Further investigation would be needed to determine the exact impact of this exception on the block's integrity and availability."
blk_2244903517044280975,"The block with ID blk_2244903517044280975 encountered an error while being served, indicated by the exception logged during the operation. There are no details on the specific type of exception or error message, but the log suggests that the block was not successfully served to the requesting client. There are no indications of retries, failures, or subsequent operations logged, leaving the state of the block uncertain. It is unclear whether the block is under-replicated, corrupted, or lost due to the lack of further information. Overall, this block appears to have experienced an issue during access without any resolution or follow-up actions documented."
blk_5905933788014151041,"The block with ID blk_5905933788014151041 encountered an exception while being served, indicating a potential issue with data retrieval. The log does not specify the type of exception or provide details on whether the operation was retried or failed. There is no indication of the block being in an inconsistent state, such as being under-replicated or corrupted, but the presence of the exception suggests that the block may not have been accessed successfully. Further investigation would be needed to determine the exact nature of the exception and its impact on the block's status."
blk_6296828743242110158,"The block blk_6296828743242110158 was served successfully without any errors or warnings. There were no indications of retries, failures, or inconsistencies, and the block appears to be in a healthy state following routine operations."
blk_2969087638814291714,"The block with ID blk_2969087638814291714 encountered an exception while being served, indicating a failure in the data transfer process. The log does not provide details on the specific type of exception or the nature of the failure, but it suggests that the block was not successfully delivered to the requesting client. There are no indications of retries, replication issues, or the block ending up in an inconsistent state, but the failure to serve the block raises concerns about its accessibility. Further investigation would be needed to determine the root cause of the exception and whether it affects the block's integrity or availability."
blk_2879780987351022871,"The block blk_2879780987351022871 encountered an exception while being served, indicating a potential issue with data retrieval. The log does not specify the type of exception, but it suggests that there was a failure in the communication between the datanode and the client. There are no indications of retries or further operations logged, nor is there evidence of the block being in an inconsistent state, such as being under-replicated or corrupted. The lack of additional log entries implies that the issue may not have been resolved, leaving the block in a potentially problematic state."
blk_4934527196392001803,"The block with ID blk_4934527196392001803 encountered an error while being served, specifically an exception that prevented successful data transfer to a client. There are no indications of retries or additional operations logged, and the block's state remains unclear due to the lack of follow-up logs. This suggests a potential issue with the block's availability, but without further details, it cannot be definitively classified as under-replicated, corrupted, or lost."
blk_7517964792804498202,"The block with ID blk_7517964792804498202 encountered an exception while being served, indicating a potential issue in data retrieval or communication with the client. The log does not provide details on the specific type of exception, nor does it indicate whether the block was retried or if any operations failed. There is no information suggesting that the block ended up in an inconsistent state, such as being under-replicated or corrupted. However, the presence of the exception suggests that there may have been an interruption in the normal operation of this block. Further investigation would be needed to determine the exact nature of the exception and its impact on the block's status."
blk_7940316270494947483,"The block with ID blk_7940316270494947483 encountered an exception while being served, indicating a potential issue with data retrieval. The log does not provide details on the specific type of exception or error, nor does it indicate whether any retries were attempted or if the block ended up in an inconsistent state. There are no indications of cascading errors or unusual patterns, but the lack of successful operations suggests that the block may not have been accessed properly. Further investigation would be needed to determine the exact nature of the exception and its impact on the block's integrity."
blk_7154985168984871115,"The block with ID blk_7154985168984871115 encountered an error while being served, specifically an exception was logged during the operation. There are no indications of retries or subsequent operations following this error, suggesting that the block may not have been successfully accessed or utilized. The log does not provide further details on the nature of the exception, leaving the state of the block uncertain, but it raises concerns about potential accessibility issues. There is no information indicating whether the block is under-replicated, corrupted, or lost, but the failure to serve it suggests that it may be in an inconsistent state."
blk_-6867873931012347356,"The block blk_-6867873931012347356 was successfully received with a size of 67,108,864 bytes. There were no errors, exceptions, or warnings reported during this operation, indicating that the block was processed normally and is in a healthy state. All operations related to this block completed without any issues."
blk_6093743385844975689,"The block blk_6093743385844975689 was successfully added to the block map with a size of 67,108,864 bytes. There were no errors, exceptions, or warnings reported during the operation, indicating that the block was handled normally and is in a healthy state."
blk_8692428775973608797,"The block blk_8692428775973608797 was successfully received without any errors or exceptions. The operation was completed normally, indicating that the block is healthy and in a consistent state. There were no retries, failures, or unusual patterns noted during this operation."
blk_-6837050820114491742,"The block blk_-6837050820114491742 experienced a termination of its PacketResponder, indicating that the process responsible for sending acknowledgments for data packets related to this block has stopped. There are no indications of errors, exceptions, or warnings related to this block, and it appears that there were no retries or failures reported. The block remains in a healthy state with no signs of being under-replicated, corrupted, or lost. All operations related to this block completed normally."
blk_-5195432543794777448,"The block blk_-5195432543794777448 was successfully received with a size of 67,108,864 bytes. There were no errors, exceptions, or warnings reported during this operation, indicating that the block was processed normally without any issues. The block is healthy and in a consistent state."
blk_1636660629634995787,"The block blk_1636660629634995787 was successfully added to the block map with a size of 67,108,864 bytes. There are no errors, exceptions, or warnings reported, indicating that the operations completed normally without any issues. The block appears to be in a healthy state with no signs of inconsistency or failure."
blk_467589865104023338,"The block blk_467589865104023338 was successfully added to the block map with a size of 67,108,864 bytes. There were no errors, exceptions, or warnings reported during this operation, indicating that the block was handled normally and is in a healthy state."
blk_7929144620252342335,"The block blk_7929144620252342335 was successfully received with a size of 67,108,864 bytes. There were no errors, exceptions, or warnings reported during the operation, and the block appears to be in a healthy state with no indications of replication issues or inconsistencies. All operations related to this block completed normally."
blk_-1798958443298220150,"The block blk_-1798958443298220150 was successfully received without any errors or exceptions reported. The operation completed normally, indicating that the block is healthy and in a consistent state. No retries, failures, or unusual patterns were noted during this operation."
blk_-54240672253074715,"The block blk_-54240672253074715 experienced a termination of the PacketResponder, indicating that there may have been an issue with the communication or data transfer related to this block. However, there are no specific errors, exceptions, or warnings indicating a failure or inconsistency with the block itself. The log does not detail any retries or failures, nor does it suggest that the block ended up in an under-replicated, corrupted, or lost state. Overall, while the termination of the PacketResponder is notable, there are no indications of unusual patterns or operational issues affecting the health of the block."
blk_-7172347691639518373,"The block blk_-7172347691639518373 was successfully received without any reported errors or exceptions. The operation completed normally, indicating that the block is healthy and in a consistent state. There were no retries, failures, or unusual patterns observed during this operation."
blk_-6412155847905320411,"The block blk_-6412155847905320411 was successfully received without any errors or exceptions. The operation was completed normally, indicating that the block is healthy and in a consistent state. There were no retries, failures, or unusual patterns observed during this operation."
blk_699651392443620263,"The block blk_699651392443620263 was successfully received without any reported errors or exceptions. The operation completed normally, indicating that the block is healthy and in a consistent state. There were no retries, failures, or unusual patterns observed during this operation."
blk_-8788032532930439012,"The block blk_-8788032532930439012 was successfully received without any errors or exceptions. The operation completed normally, indicating that the block is healthy and in a consistent state. No retries, failures, or unusual patterns were noted during the operation."
blk_-3455521536483250153,"The block blk_-3455521536483250153 was successfully received with a size of 67,108,864 bytes. There were no errors, exceptions, or warnings reported during the operation, indicating that the block was processed normally without any issues. The block is in a healthy state with no indications of being under-replicated, corrupted, or lost."
blk_-7017553867379051457,"The block with ID blk_-7017553867379051457 was successfully added to the block map with a size of 67,108,864 bytes. There were no errors, exceptions, or warnings reported during the operation, indicating that the block was handled normally and is in a healthy state."
blk_-1259190292740306590,"The block blk_-1259190292740306590 was successfully received without any reported errors or exceptions. The operation completed normally, indicating that the block is healthy and in a consistent state. There were no retries, failures, or unusual patterns noted during this operation."
blk_-6620182933895093708,"The block with ID blk_-6620182933895093708 was successfully allocated without any errors or warnings. The operation completed normally, indicating that the block is healthy and in a consistent state. There were no retries, failures, or unusual patterns observed during this process."
blk_2028803850179311599,"The block blk_2028803850179311599 experienced a termination of the PacketResponder without any indication of errors, exceptions, or warnings. There were no retries or failures reported, and the block appears to be in a healthy state with all operations completing normally. No unusual patterns or inconsistencies were noted for this block."
blk_-8562334328670278932,"The block blk_-8562334328670278932 was successfully received without any errors or exceptions. The operation completed normally, indicating that the block is healthy and in a consistent state. There were no retries, failures, or unusual patterns observed during this operation."
blk_-8108913101671416218,"The block blk_-8108913101671416218 experienced a termination of its PacketResponder, indicating that there may have been an issue with the communication or acknowledgment process for this block. However, there are no specific errors, exceptions, or warnings indicating failures, retries, or inconsistencies. The log does not suggest that the block is in an under-replicated, corrupted, or lost state. Overall, the operations related to this block appear to have completed without notable issues, despite the termination of the PacketResponder."
blk_-7640601843607665080,"The block blk_-7640601843607665080 experienced a termination of its PacketResponder, indicating that there may have been issues with data transmission or acknowledgment from the datanodes. However, no specific errors, exceptions, or warnings were recorded that would suggest a failure in data replication or integrity. The block appears to be in a healthy state, as there are no indications of under-replication, corruption, or loss. No operations were retried or failed, and the block's status remains consistent."
blk_7654726977769174867,"The block blk_7654726977769174867 was successfully received without any errors or warnings. All operations related to this block completed normally, indicating that it is in a healthy state. There were no retries, failures, or inconsistencies reported for this block."
blk_8320088109701056055,"The block blk_8320088109701056055 experienced a termination of the PacketResponder, indicating that the block was likely not fully processed or acknowledged by the datanodes. There are no specific errors, exceptions, or warnings detailing failures or retries, suggesting that the block may not have encountered significant issues during its operations. However, the termination of the PacketResponder could imply that the block's replication or acknowledgment process was incomplete, potentially leaving it in an inconsistent state. Further investigation would be needed to determine if the block is under-replicated or lost."
blk_4585055992495043771,"The block blk_4585055992495043771 was successfully added to the block map with a size of 67,108,864 bytes. There are no errors, exceptions, or warnings reported, indicating that the block operations completed normally without any issues. The block is in a healthy state."
blk_-4330512786228504138,"The block blk_-4330512786228504138 was successfully received with a size of 67,108,864 bytes. There were no errors, exceptions, or warnings reported during the operation, indicating that the block was processed normally and is in a healthy state. No retries or failures occurred, and the block is fully replicated without any inconsistencies."
blk_4628142183191390143,"The block blk_4628142183191390143 was successfully added to the block map with a size of 67,108,864 bytes. There were no errors, exceptions, or warnings reported during this operation, indicating that the block was handled normally and is in a healthy state."
blk_-6766351519628312408,"The block blk_-6766351519628312408 experienced a termination of its PacketResponder, indicating that there may have been issues with the communication or response handling for this block. However, there are no specific errors, exceptions, or warnings indicating failures or inconsistencies related to this block. As a result, the block appears to be in a healthy state, with no notable operations failing or retrying."
blk_-476906696485288376,"The block blk_-476906696485288376 was successfully added to the block map with a size of 67,108,864 bytes. There were no errors, exceptions, or warnings reported during this operation, indicating that the block is healthy and in a consistent state. All operations completed normally without any retries or failures."
blk_-7436749154361133879,"The block blk_-7436749154361133879 experienced a termination of the PacketResponder without any indication of successful data transfer or completion of operations. There are no specific errors, exceptions, or warnings noted in the log lines, suggesting that the block may not have been fully processed or that operations were prematurely halted. As a result, the block's state is uncertain, and it may be under-replicated or lost due to the lack of successful completion of data handling."
blk_7061131805920430446,"The block blk_7061131805920430446 was successfully received without any errors or warnings. The operation completed normally, indicating that the block is healthy and in a consistent state. There were no retries, failures, or unusual patterns noted during this operation."
blk_-684595390732854503,"The block blk_-684595390732854503 was successfully received with a size of 67,108,864 bytes. There were no errors, exceptions, or warnings reported during the operation, indicating that the block was handled normally without any issues. The block is in a healthy state with no indications of under-replication, corruption, or loss."
blk_-6956067134432991406,"The block with ID blk_-6956067134432991406 was successfully added to the block map, indicating that it was stored correctly without any errors or warnings. The operation completed normally, and the block size is 67,108,864 bytes. There were no indications of retries, failures, or inconsistencies, and the block appears to be in a healthy state."
blk_549647953114643908,"The block blk_549647953114643908 experienced a termination of the PacketResponder, indicating that the process responsible for sending data packets related to this block has stopped. There are no indications of errors, exceptions, or warnings related to this block, suggesting that it may have completed its operations normally without any issues. The block appears to be in a healthy state with no signs of under-replication, corruption, or loss."
blk_559204981722276126,"The block with ID blk_559204981722276126 was successfully allocated without any errors or warnings. The operation completed normally, indicating that the block is healthy and in a consistent state. There were no retries, failures, or unusual patterns observed during this operation."
blk_-165500353496111884,"The block blk_-165500353496111884 experienced a termination of its PacketResponder, indicating that the process responsible for handling data packet responses for this block has stopped. There are no indications of errors, exceptions, or warnings related to this block, suggesting that it has not encountered any issues during its operations. The block appears to be in a healthy state with no signs of under-replication, corruption, or loss."
blk_-7105305952901940477,"The block with ID blk_-7105305952901940477 was successfully allocated without any errors, exceptions, or warnings. The operation completed normally, indicating that the block is healthy and in a consistent state. There were no retries or failures noted during this process."
blk_-9103764593642564543,"The block blk_-9103764593642564543 was successfully received without any errors or exceptions. The operation completed normally, indicating that the block is healthy and in a consistent state. There were no retries, failures, or unusual patterns noted during this operation."
blk_3160319368100972992,"The block blk_3160319368100972992 experienced a termination of its PacketResponder, indicating that there may have been issues with the communication or data transfer related to this block. However, there are no specific errors, exceptions, or warnings indicating failures or inconsistencies in the block's state. The log does not suggest any retries or failures, nor does it indicate that the block ended up in an under-replicated, corrupted, or lost state. Overall, the operations related to this block appear to have completed without notable issues, aside from the termination of the PacketResponder."
blk_-562725280853087685,"The block blk_-562725280853087685 was successfully received with a size of 67,108,864 bytes. There were no errors, exceptions, or warnings reported during the operation, indicating that the block was handled normally without any issues. The block is in a healthy state and no further actions were required."
blk_4568377692254637284,"The block blk_4568377692254637284 experienced a termination of the PacketResponder, indicating that the block was likely processed without any reported errors or issues. There are no indications of retries, failures, or inconsistencies, suggesting that the operations related to this block completed normally and it remains in a healthy state."
blk_-5217146995455608468,"The block blk_-5217146995455608468 was successfully received without any reported errors or exceptions. The operation completed normally, indicating that the block is healthy and in a consistent state. There were no retries, failures, or unusual patterns noted during this operation."
blk_7481361125021302112,"The block blk_7481361125021302112 was successfully added to the block map with a size of 67,108,864 bytes. There were no errors, exceptions, or warnings reported during the operation, indicating that the block is healthy and all operations completed normally."
blk_-71429470616906355,"The block blk_-71429470616906355 was successfully received with a size of 67,108,864 bytes. There were no errors, exceptions, or warnings reported during the operation, indicating that the block was processed normally without any issues. The block is in a healthy state with no indications of under-replication, corruption, or loss."
blk_-522892190802801712,"The block blk_-522892190802801712 was successfully received without any reported errors or exceptions. The operation was completed normally, indicating that the block is healthy and in a consistent state. There were no retries, failures, or unusual patterns observed during this operation."
blk_-3249711809227781266,"The block with ID blk_-3249711809227781266 was successfully added to the block map, indicating that it was stored correctly with a size of 64 MB. There are no errors, exceptions, or warnings reported, and the block appears to be in a healthy state with routine operations completed normally."
blk_-6329494504520216748,"The block blk_-6329494504520216748 was successfully received without any reported errors or exceptions. The operation was completed normally, indicating that the block is healthy and in a consistent state. No retries or failures were noted during the process."
blk_-207775976836691685,"The block blk_-207775976836691685 was successfully allocated without any errors or exceptions. The operation completed normally, indicating that the block is healthy and in a consistent state. There were no retries, failures, or unusual patterns observed during this operation."
blk_5114010683183383297,"The block blk_5114010683183383297 was successfully added to the block map with a size of 64 MB. There were no errors, exceptions, or warnings reported during the operation, indicating that the block is healthy and in a consistent state. All operations completed normally without any retries or failures."
blk_-7656610147924319419,"The log indicates that the PacketResponder for block blk_-7656610147924319419 has terminated, but there are no specific errors, exceptions, or warnings reported. There is no indication of retries, failures, or any unusual patterns. The block appears to have completed its operations normally without any issues, suggesting it is in a healthy state."
blk_2096692261399680562,"The block blk_2096692261399680562 was successfully allocated without any errors or warnings. The operation completed normally, indicating that the block is healthy and in a consistent state. There were no retries, failures, or unusual patterns observed during this operation."
blk_-6500549130351529113,"The block blk_-6500549130351529113 experienced a termination of the PacketResponder without any indication of successful completion or error handling. There are no specific errors, exceptions, or warnings noted in the log lines, suggesting that the block may not have undergone any significant operations or encountered issues during its lifecycle. As a result, the state of the block remains unclear, but it does not appear to have been marked as under-replicated, corrupted, or lost based on the provided log."
blk_-8255732027871411321,"The block blk_-8255732027871411321 was successfully received without any errors or exceptions. The operation was completed normally, indicating that the block is healthy and in a consistent state. There were no retries, failures, or unusual patterns noted during this operation."
blk_-2896670847306153652,"The block blk_-2896670847306153652 experienced a termination of its PacketResponder, indicating that the communication for this block was interrupted or completed without further issues. There are no specific errors, exceptions, or warnings noted in the log lines, suggesting that the block did not encounter any operational failures or inconsistencies. The block appears to be in a healthy state with no indications of under-replication, corruption, or loss."
blk_-8856628810470361280,"The block blk_-8856628810470361280 was successfully received without any reported errors or exceptions. The operation was completed normally, indicating that the block is healthy and in a consistent state. No retries, failures, or unusual patterns were noted during the operation."
blk_3463540868626173125,"The block blk_3463540868626173125 was successfully received with a size of 67,108,864 bytes. There were no errors, exceptions, or warnings reported during the operation, and the block completed normally without any issues. It is in a healthy state with no indications of under-replication, corruption, or loss."
blk_-5309211894896608429,"The block blk_-5309211894896608429 was successfully received with a size of 67,108,864 bytes. There were no errors, exceptions, or warnings reported during the operation, indicating that the block was processed normally and is in a healthy state. All operations related to this block completed successfully without any retries or failures."
blk_-1055254430948037872,"The block blk_-1055254430948037872 was successfully added to the block map with a size of 67,108,864 bytes. There were no errors, exceptions, or warnings reported during this operation, indicating that the block is healthy and all operations completed normally."
blk_3962600675982666210,"The block blk_3962600675982666210 was successfully received without any errors or exceptions. The operation completed normally, indicating that the block is healthy and in a consistent state. There were no retries, failures, or unusual patterns noted during this operation."
blk_-730776401372551814,"The block blk_-730776401372551814 experienced a termination of its PacketResponder, indicating that the communication for this block was interrupted. There are no indications of errors, exceptions, or warnings related to this block, and it appears that no operations failed or were retried. The block remains in a consistent state, with no signs of being under-replicated, corrupted, or lost. Overall, the operations related to this block were completed normally without any notable issues."
blk_-7553009628768897700,"The block with ID blk_-7553009628768897700 experienced a termination of its PacketResponder, indicating that there may have been issues with data transmission or acknowledgment from the datanodes. However, there are no specific errors, exceptions, or warnings indicating failures or inconsistencies related to this block. The log does not suggest any retries or failures, nor does it indicate that the block ended up in an inconsistent state. Overall, while the termination of the PacketResponder is noted, there are no significant operational issues reported for this block."
blk_3068335169639013019,"The block blk_3068335169639013019 was successfully received with a size of 67,108,864 bytes. There were no errors, exceptions, or warnings reported during the operation, indicating that the block was handled normally without any issues. The block is in a healthy state, and all operations completed successfully."
blk_-9069971851590882719,"The block with ID blk_-9069971851590882719 was successfully added to the block map with a size of 67,108,864 bytes. There were no errors, exceptions, or warnings reported during the operation, indicating that the block was handled normally and is in a healthy state."
blk_-8924134715029713489,"The block blk_-8924134715029713489 was successfully added to the block map with a size of 67,108,864 bytes. There were no errors, exceptions, or warnings reported during the operation, indicating that the block was handled normally and is in a healthy state."
blk_278357163850888,"The block blk_278357163850888 was successfully added to the block map with a size of 67,108,864 bytes. There were no errors, exceptions, or warnings reported during the operation, indicating that the block was handled normally and is in a healthy state. All operations related to this block completed successfully without any retries or failures."
blk_-5135777574223073423,"The block blk_-5135777574223073423 was successfully received without any errors or exceptions. The operation completed normally, indicating that the block is healthy and in a consistent state. There were no retries, failures, or unusual patterns noted during this operation."
blk_-1148756466197125339,"The block with ID blk_-1148756466197125339 experienced a termination of its PacketResponder, indicating that there may have been issues with data transmission or acknowledgment from the datanodes. However, there are no specific errors, exceptions, or warnings indicating failures or inconsistencies with the block itself. The log does not suggest any retries, failures, or unusual patterns, implying that the block remains in a healthy state without any notable operational issues."
blk_9074030793567748915,"The block blk_9074030793567748915 experienced a termination of its PacketResponder, indicating that the block's data transfer operations were completed without any reported errors or exceptions. There were no indications of retries, failures, or inconsistencies, suggesting that the block is in a healthy state with all operations having completed normally."
blk_-4067446915270471579,"The block blk_-4067446915270471579 was successfully received from a datanode, indicating that the operation completed normally without any errors, exceptions, or warnings. The block is healthy and appears to be in a consistent state. No retries or failures were noted during this operation."
blk_3259872359515191972,"The block blk_3259872359515191972 experienced a termination of its PacketResponder, indicating that there may have been issues with the communication or acknowledgment process for this block. However, there are no specific errors, exceptions, or warnings indicating failures or inconsistencies related to this block. The log does not suggest any retries, failures, or unusual patterns, implying that the block may still be in a healthy state, pending further operations or checks."
blk_5963816136267066159,"The block blk_5963816136267066159 experienced a termination of its PacketResponder, indicating that the block's data transfer operations were completed normally without any reported errors or exceptions. There were no indications of retries, failures, or inconsistencies, suggesting that the block remains healthy and in a consistent state."
blk_-210021574616486609,"The block blk_-210021574616486609 was allocated successfully without any errors or warnings. The operation completed normally, indicating that the block is healthy and in a consistent state. There were no retries, failures, or unusual patterns observed during this operation."
blk_-1547954353065580372,"The block blk_-1547954353065580372 underwent a verification process that completed successfully, indicating that the block is healthy and consistent with no errors or issues reported. There were no retries, failures, or unusual patterns observed during the operations related to this block."
blk_-8524274644018377752,"The block blk_-8524274644018377752 was successfully received without any errors or exceptions. The operation completed normally, indicating that the block is healthy and in a consistent state. No retries, failures, or unusual patterns were noted during this operation."
blk_-2015110815660478655,"The block blk_-2015110815660478655 was successfully received without any errors or warnings. The operation completed normally, indicating that the block is healthy and in a consistent state. There were no retries, failures, or unusual patterns observed during this operation."
blk_7484759945731484842,"The block blk_7484759945731484842 was successfully received with a size of 67,108,864 bytes. There were no errors, exceptions, or warnings reported during the operation, indicating that the block was processed normally without any issues. The block is in a healthy state, and all operations related to its reception were completed successfully."
blk_-4110733372292809607,"The block blk_-4110733372292809607 was successfully added to the block map with a size of 67,108,864 bytes. There were no errors, exceptions, or warnings reported during this operation, indicating that the block is healthy and in a consistent state. All operations completed normally without any retries or failures."
blk_-7152190882826520998,"The block blk_-7152190882826520998 was successfully received with a size of 67,108,864 bytes from a datanode. No errors, exceptions, or warnings were reported during the operation, indicating that the block was handled normally and is in a healthy state. There were no retries, failures, or indications of inconsistency, under-replication, or corruption. All operations related to this block completed successfully."
blk_-6543889749770222531,"The block blk_-6543889749770222531 was successfully received without any errors or exceptions reported. The operation completed normally, indicating that the block is healthy and in a consistent state. There were no retries, failures, or unusual patterns observed during this operation."
blk_8772892713521115147,"The block blk_8772892713521115147 was successfully received with a size of 67,108,864 bytes. No errors, exceptions, or warnings were reported during the operation, indicating that the block was processed normally and is in a healthy state. There were no retries or failures, and the block is not under-replicated, corrupted, or lost. All operations completed successfully without any unusual patterns."
blk_-6979800421545566530,"The block blk_-6979800421545566530 was successfully received with a size of 67,108,864 bytes. There were no errors, exceptions, or warnings reported during the operation, indicating that the block was processed normally without any issues. The block is in a healthy state with no indications of being under-replicated, corrupted, or lost."
blk_8935202950442998446,"The block with ID blk_8935202950442998446 was successfully allocated without any errors or warnings. The operation completed normally, indicating that the block is healthy and in a consistent state. There were no retries, failures, or unusual patterns observed during this process."
blk_-4799092443170733505,"The block blk_-4799092443170733505 experienced a termination of its PacketResponder, indicating that there may have been issues with data transmission or acknowledgment from the datanodes. However, there are no specific errors, exceptions, or warnings indicating that the block is in an inconsistent state or that any operations failed. The log does not provide evidence of retries or failures, suggesting that the block may still be healthy but requires further monitoring to ensure that no underlying issues persist."
blk_-3010126661650043258,"The block with ID blk_-3010126661650043258 was successfully allocated without any errors or warnings. The operation completed normally, indicating that the block is healthy and in a consistent state. There were no retries, failures, or unusual patterns observed during this operation."
blk_-5215520749152394224,"The block blk_-5215520749152394224 experienced a termination of its PacketResponder, indicating that the communication for this block may have been interrupted or completed without further issues. There are no specific errors, exceptions, or warnings noted in the log lines, suggesting that the block did not encounter any significant problems during its operations. As a result, the block appears to be in a healthy state with no indications of under-replication, corruption, or loss."
blk_397848436489409658,"The block blk_397848436489409658 experienced a termination of its PacketResponder, indicating that the communication for this block was interrupted. There are no indications of errors, exceptions, or warnings related to this block, and it appears that no operations were retried or failed. The block is likely in a healthy state, as there are no signs of inconsistencies, under-replication, or corruption. Overall, the operations related to this block completed normally without any notable issues."
blk_-9181958042427679309,"The block blk_-9181958042427679309 was successfully added to the block map, indicating that it was stored correctly without any errors or exceptions. The operation completed normally, and the block size is 64 MB. There are no indications of issues such as replication failures, under-replication, or corruption. The block is in a healthy state."
blk_-5124326558394984439,"The block blk_-5124326558394984439 was successfully received with a size of 67,108,864 bytes. There were no errors, exceptions, or warnings reported during the operation, indicating that the block was processed normally without any issues. The block is in a healthy state with no inconsistencies or unusual patterns noted."
blk_-4741127506068309449,"The block with ID blk_-4741127506068309449 was successfully added to the block map, indicating that it was stored correctly with a size of 67,108,864 bytes. There are no errors, exceptions, or warnings reported, and the operation completed normally without any retries or failures. The block is in a healthy state with no indications of being under-replicated, corrupted, or lost."
blk_-4937215748597091532,"The block blk_-4937215748597091532 experienced a termination of its PacketResponder, indicating that there may have been an issue with the communication or data transfer process. However, there are no specific errors, exceptions, or warnings indicating failures or inconsistencies with the block itself. The log does not suggest any retries or failures, nor does it indicate that the block is in an inconsistent state. Overall, the operations related to this block appear to have completed without notable issues, but the termination of the PacketResponder suggests a need for monitoring to ensure no underlying problems arise."
blk_541463031152673662,"The block blk_541463031152673662 was successfully added to the block map with a size of 67,108,864 bytes. There were no errors, exceptions, or warnings reported during this operation, indicating that the block was handled normally and is in a healthy state."
blk_-7514806214244798312,"The block blk_-7514806214244798312 was successfully received with a size of 67,108,864 bytes. There were no errors, exceptions, or warnings reported during this operation, indicating that the block was processed normally without any issues. The block is in a healthy state with no indication of under-replication, corruption, or loss."
blk_-7007208336332784130,"The block blk_-7007208336332784130 was successfully received with a size of 67,108,864 bytes. There were no errors, exceptions, or warnings reported during the operation, and the block appears to be in a healthy state with no indications of inconsistencies or issues. All operations related to this block completed normally."
blk_6996194389878584395,"The block blk_6996194389878584395 underwent a verification process that completed successfully, indicating that the block is healthy and consistent with no errors or warnings reported. All operations related to this block were performed normally without any issues."
blk_-6836642008179678048,"The block blk_-6836642008179678048 was successfully added to the block map with a size of 67,108,864 bytes. There were no errors, exceptions, or warnings reported during this operation, indicating that the block is healthy and all operations completed normally."
blk_8060713381303305129,"The block blk_8060713381303305129 experienced a termination of its PacketResponder, indicating that the block was likely not being actively managed or that the data transfer process was completed without errors. There are no indications of errors, exceptions, or warnings related to this block, suggesting that it remained in a healthy state throughout its operations. No retries or failures were noted, and the block did not end up in an inconsistent state. Overall, the operations associated with this block completed normally."
blk_5760391051658436046,"The block blk_5760391051658436046 was successfully received without any errors or exceptions. The operation completed normally, indicating that the block is healthy and in a consistent state. There were no retries, failures, or unusual patterns noted during this operation."
blk_-7866582011201618766,"The block with ID blk_-7866582011201618766 was successfully allocated without any errors or warnings. The operation completed normally, indicating that the block is healthy and in a consistent state. No retries or failures were noted during the allocation process."
blk_-7555801584297376435,"The block blk_-7555801584297376435 was successfully added to the block map with a size of 67,108,864 bytes. There were no errors, exceptions, or warnings reported during this operation, indicating that the block is healthy and all operations completed normally."
blk_-5949883083428548093,"The block blk_-5949883083428548093 was successfully added to the block map with a size of 67,108,864 bytes. There were no errors, exceptions, or warnings reported during the operation, indicating that the block was handled normally and is in a healthy state. No retries or failures occurred, and the block is fully replicated and consistent."
blk_-9162090767925303921,"The block with ID blk_-9162090767925303921 was successfully allocated without any errors or exceptions. The operation completed normally, indicating that the block is healthy and in a consistent state. There were no retries or failures noted during the allocation process."
blk_-4196449318426994195,"The block blk_-4196449318426994195 experienced a termination of the PacketResponder, indicating that the block was likely not fully processed or acknowledged by the datanodes. There are no specific errors, exceptions, or warnings indicating failures or issues with replication, but the termination of the PacketResponder suggests that the block may not have completed its intended operations successfully. The block's final state is unclear, but the lack of further log entries raises concerns about its consistency and potential under-replication."
blk_4238127626194855481,"The block blk_4238127626194855481 was received successfully without any errors or exceptions. The operation was completed normally, indicating that the block is healthy and in a consistent state. There were no retries, failures, or unusual patterns noted during this operation."
blk_-3805070405372551730,"The block blk_-3805070405372551730 was successfully received with a size of 67,108,864 bytes. There were no errors, exceptions, or warnings reported during the operation, indicating that the block was handled normally without any issues. The block is in a healthy state with no signs of under-replication, corruption, or loss."
blk_-2013946318750925538,"The block blk_-2013946318750925538 was successfully received with a size of 67,108,864 bytes from a datanode. There were no errors, exceptions, or warnings reported during this operation, indicating that the block was handled normally and is in a healthy state. No retries or failures occurred, and the block is fully replicated without any inconsistencies."
blk_3278280638950561822,"The block blk_3278280638950561822 experienced a termination of its PacketResponder, indicating that the block's data transfer operations were completed normally without any reported errors or exceptions. There were no indications of retries, failures, or inconsistencies, suggesting that the block is healthy and in a consistent state."
blk_-26568864070436835,"The log indicates that the PacketResponder for block blk_-26568864070436835 has terminated, but there are no specific errors, exceptions, or warnings reported. There are no indications of retries, failures, or any unusual patterns. The block appears to be in a healthy state with routine operations completing normally."
blk_-9161369067334198861,"The block blk_-9161369067334198861 experienced a termination of its PacketResponder, indicating that there may have been issues with the communication or data transfer related to this block. However, there are no specific errors, exceptions, or warnings indicating a failure or inconsistency with the block itself. The log does not provide evidence of retries, failures, or any unusual patterns, suggesting that while the PacketResponder terminated, the block may still be in a consistent state without any reported corruption or loss."
blk_-1094025072435547068,"The block blk_-1094025072435547068 was successfully received with a size of 67,108,864 bytes. There were no errors, exceptions, or warnings reported during the operation, indicating that the block was processed normally without any issues. The block is in a healthy state with no indication of being under-replicated, corrupted, or lost."
blk_6534693994677948144,"The block blk_6534693994677948144 was successfully received with a size of 67,108,864 bytes. There were no errors, exceptions, or warnings reported during the operation, indicating that the block was processed normally without any issues. The block is in a healthy state with no inconsistencies or failures noted."
blk_7672124247291403094,"The block blk_7672124247291403094 was successfully received without any reported errors or exceptions. The operation completed normally, indicating that the block is healthy and in a consistent state. There were no retries, failures, or unusual patterns observed during this operation."
blk_-5569558931000121451,"The block blk_-5569558931000121451 experienced a termination of its PacketResponder, indicating that the block's data transfer process was completed without any reported errors or exceptions. There were no indications of retries, failures, or any unusual behavior associated with this block, suggesting that it remained in a healthy state throughout the operations."
blk_-4566099704755845087,"The block blk_-4566099704755845087 experienced a termination of its PacketResponder, indicating that there may have been issues with the communication or data transfer related to this block. However, there are no specific errors, exceptions, or warnings indicating failures or inconsistencies in the block's state. The log does not provide evidence of retries, failures, or unusual patterns, suggesting that the block may not have encountered significant operational issues during this log entry."
blk_-8093500164295459838,"The block blk_-8093500164295459838 experienced a termination of its PacketResponder, indicating that there may have been issues with data transmission or acknowledgment. However, there are no specific errors, exceptions, or warnings indicating failures or inconsistencies related to this block. The log does not show any retries, failures, or unusual patterns, suggesting that the block is likely in a healthy state despite the termination of the PacketResponder."
blk_-3787594914477940893,"The block blk_-3787594914477940893 was successfully received with a size of 67,108,864 bytes. There were no errors, exceptions, or warnings reported during the operation, indicating that the block was processed normally without any issues. The block is in a healthy state with no indications of under-replication, corruption, or loss."
blk_426381928692704514,"The block blk_426381928692704514 was successfully received with a size of 67,108,864 bytes. There were no errors, exceptions, or warnings reported during the operation, indicating that the block was processed normally without any issues. The block is in a healthy state with no indication of under-replication, corruption, or loss."
blk_-7413910507260978729,"The block blk_-7413910507260978729 was successfully allocated without any errors or warnings. The operation completed normally, indicating that the block is healthy and in a consistent state. There were no retries, failures, or unusual patterns observed during this operation."
blk_4774656339381154282,"The block blk_4774656339381154282 experienced a termination of its PacketResponder, indicating that the block's data transfer operations were completed without any errors or issues. There were no reported exceptions, warnings, or failures associated with this block, suggesting that it remained in a healthy state throughout the operations. No retries or failures were noted, and the block did not end up in an inconsistent state. All operations were completed normally."
blk_-8227485321105019293,"The block blk_-8227485321105019293 was successfully received without any errors or exceptions. The operation completed normally, indicating that the block is healthy and in a consistent state. There were no retries, failures, or unusual patterns noted during this operation."
blk_5210211633167259832,"The block blk_5210211633167259832 was successfully added to the block map with a size of 67,108,864 bytes. There were no errors, exceptions, or warnings reported during this operation, indicating that the block is healthy and all operations completed normally."
blk_2917692073041583988,"The block blk_2917692073041583988 experienced a termination of its PacketResponder, indicating that there may have been an issue with the communication or data transfer process. However, there are no specific errors, exceptions, or warnings detailed in the log lines provided, nor is there any indication of retries, failures, or inconsistencies related to the block. The block appears to be in a healthy state, with no notable operational issues reported."
blk_-8558845834445970595,"The block with ID blk_-8558845834445970595 was successfully added to the block map, indicating that it was stored correctly with a size of 67,108,864 bytes. There are no errors, exceptions, or warnings reported, and the block appears to be in a healthy state with no issues related to replication or consistency. All operations completed normally."
blk_3852281952649038166,"The block blk_3852281952649038166 was successfully received with a size of 67,108,864 bytes. There were no errors, exceptions, or warnings reported during the operation, indicating that the block was processed normally without any issues. The block is in a healthy state with no signs of under-replication, corruption, or loss."
blk_-5442040196315589272,"The log indicates that the PacketResponder for block blk_-5442040196315589272 terminated, but there are no specific errors, exceptions, or warnings reported. There are no indications of retries, failures, or any unusual behavior associated with this block. The block appears to be in a healthy state with routine operations completing normally."
blk_-6486714614940767660,"The block blk_-6486714614940767660 was received successfully without any errors or warnings. The operation completed normally, indicating that the block is healthy and in a consistent state. No retries, failures, or unusual patterns were observed during this operation."
blk_755689327380778318,"The block blk_755689327380778318 encountered an issue with the PacketResponder, which terminated unexpectedly. There are no indications of successful operations or retries, suggesting that the block may not have completed its intended data transfer or replication process. The log does not provide evidence of the block being in a healthy state, indicating a potential risk of inconsistency or loss. Further investigation would be required to determine the block's final status."
blk_-8847552694913526632,"The block blk_-8847552694913526632 was successfully received with a size of 67,108,864 bytes. There were no errors, exceptions, or warnings reported during the operation, indicating that the block was handled normally without any issues. The block is in a healthy state with no signs of under-replication, corruption, or loss."
blk_7736147489540456118,"The block blk_7736147489540456118 was successfully received with a size of 67,108,864 bytes. There were no errors, exceptions, or warnings reported during the operation, indicating that the block was processed normally without any issues. The block is in a healthy state with no inconsistencies or failures noted."
blk_-3677956642639780952,"The block blk_-3677956642639780952 was successfully received with a size of 67,108,864 bytes. There were no errors, exceptions, or warnings reported during the operation, indicating that the block was handled normally without any issues. The block is in a healthy state with no indications of being under-replicated, corrupted, or lost."
blk_3073404534069578592,"The block blk_3073404534069578592 was successfully added to the block map with a size of 67,108,864 bytes. There were no errors, exceptions, or warnings reported during this operation, indicating that the block was handled normally and is in a healthy state."
blk_1498192967843651378,"The block blk_1498192967843651378 was successfully received with a size of 67,108,864 bytes. There were no errors, exceptions, or warnings reported during the operation, indicating that the block was handled normally and is in a healthy state. All operations related to this block completed successfully without any retries or failures."
blk_148513789886825227,"The block blk_148513789886825227 was successfully received without any errors or exceptions reported. The operation completed normally, indicating that the block is healthy and in a consistent state. No retries, failures, or unusual patterns were observed during this operation."
blk_7229716389774599497,"The block blk_7229716389774599497 was successfully received without any reported errors or exceptions. The operation completed normally, indicating that the block is healthy and in a consistent state. There were no retries, failures, or unusual patterns observed during this process."
blk_4741107979793372752,"The block blk_4741107979793372752 experienced a termination of the PacketResponder without any indication of errors, exceptions, or warnings. There were no retries or failures reported, and the block appears to be in a healthy state with no inconsistencies, under-replication, or corruption noted. All operations related to this block completed normally."
blk_691517018986659607,"The block blk_691517018986659607 was successfully received without any errors or exceptions. The operation completed normally, indicating that the block is healthy and in a consistent state. There were no retries, failures, or unusual patterns noted during the operation."
blk_6002109944224710483,"The block blk_6002109944224710483 was successfully added to the block map with a size of 67,108,864 bytes. There were no errors, exceptions, or warnings reported during this operation, indicating that the block was handled normally and is in a healthy state."
blk_5095897972833086609,"The block blk_5095897972833086609 was successfully added to the block map with a size of 67,108,864 bytes. There were no errors, exceptions, or warnings reported during this operation, indicating that the block was handled normally and is in a healthy state. No retries or failures occurred, and the block is fully replicated without any inconsistencies."
blk_-3802183646922512795,"The block blk_-3802183646922512795 experienced a termination of its PacketResponder, indicating that the block's data transfer operations were completed without any reported errors or issues. There are no indications of retries, failures, or inconsistencies associated with this block, suggesting that it is in a healthy state with all operations having been performed normally."
blk_9072829105973334075,"The block blk_9072829105973334075 was successfully added to the block map with a size of 64 MB. There were no errors, exceptions, or warnings reported during this operation, indicating that the block was handled normally and is in a healthy state. All operations completed successfully without any retries or failures."
blk_4841101867353115844,"The block with ID blk_4841101867353115844 was successfully allocated by the NameNode for the file located at /user/root/randtxt/_temporary/_task_200811092030_0003_m_001365_0/part-01365. No errors, exceptions, or warnings were reported during this operation, indicating that the block allocation completed normally without any issues. The block is in a healthy state and ready for further operations."
blk_1997668456720275587,"The block blk_1997668456720275587 experienced a termination of its PacketResponder, but there are no indications of errors, exceptions, or warnings related to its state or operations. The log suggests that the block was handled normally without any reported issues, and no retries or failures were noted. The block appears to be in a healthy state with routine operations completed successfully."
blk_3304535870056962597,"The block blk_3304535870056962597 was successfully received with a size of 67,108,864 bytes. There were no errors, exceptions, or warnings reported during the operation, indicating that the block was processed normally without any issues. The block is in a healthy state, and all operations completed successfully."
blk_-4853183643928986291,"The log indicates that the PacketResponder for block blk_-4853183643928986291 has terminated, but there are no specific errors, exceptions, or warnings reported. There are no indications of retries, failures, or issues with the block's state. The block appears to have completed its operations normally without any unusual patterns or inconsistencies."
blk_6828121630547887549,"The block blk_6828121630547887549 was successfully added to the block map with a size of 67,108,864 bytes. There were no errors, exceptions, or warnings reported during this operation, indicating that the block was handled normally and is in a healthy state."
blk_3084588477220583373,"The block blk_3084588477220583373 was successfully received with a size of 67,108,864 bytes. There were no errors, exceptions, or warnings reported during the operation, indicating that the block was handled normally without any issues. The block is in a healthy state with no inconsistencies or failures noted."
blk_-653434419514937486,"The block blk_-653434419514937486 experienced a termination of its PacketResponder 2, indicating that the block was likely involved in a communication process with a datanode. However, there are no specific errors, exceptions, or warnings noted in the log lines provided. As a result, there is no indication of retries, failures, or any inconsistent state for this block. The operations appear to have completed normally without any reported issues."
blk_1104376461837247304,"The block with ID blk_1104376461837247304 was successfully allocated without any errors or exceptions. The operation completed normally, indicating that the block is healthy and in a consistent state. There were no retries, failures, or unusual patterns observed during this process."
blk_-5511630179413516751,"The block blk_-5511630179413516751 was successfully added to the block map with a size of 67,108,864 bytes. No errors, exceptions, or warnings were reported during this operation, indicating that the block is healthy and in a consistent state. There were no retries or failures noted, and the block appears to be fully operational without any unusual patterns."
blk_4404895858852856851,"The block blk_4404895858852856851 experienced a termination of its PacketResponder, indicating that there may have been issues with the communication or data transfer related to this block. However, there are no specific errors, exceptions, or warnings indicating failures or inconsistencies. The log does not provide evidence of retries, failures, or an inconsistent state for the block, suggesting that while the PacketResponder terminated, the block itself may not have encountered critical issues. Further investigation would be needed to determine the impact of the PacketResponder's termination on the block's overall health."
blk_-591552904934794824,"The block with ID blk_-591552904934794824 was successfully allocated without any errors or warnings. The operation completed normally, indicating that the block is healthy and in a consistent state. There were no retries, failures, or unusual patterns observed during this operation."
blk_-8408087700903896282,"The block with ID blk_-8408087700903896282 was allocated successfully without any errors or warnings. The operation completed normally, indicating that the block is healthy and in a consistent state. There were no retries, failures, or unusual patterns observed during this operation."
blk_-5404881839098659470,"The block blk_-5404881839098659470 was successfully added to the block map with a size of 67,108,864 bytes. There were no errors, exceptions, or warnings reported during the operation, indicating that the block was handled normally and is in a healthy state. No retries or failures occurred, and the block is not under-replicated, corrupted, or lost."
blk_703046261120042821,"The log indicates that the PacketResponder for block blk_703046261120042821 has terminated, but there are no specific errors, exceptions, or warnings reported. There are no indications of retries, failures, or any unusual behavior associated with this block. The block appears to be in a healthy state with routine operations completed normally."
blk_-488298625688742454,"The block with ID blk_-488298625688742454 was successfully allocated without any errors or exceptions. The operation completed normally, indicating that the block is healthy and in a consistent state. There were no retries, failures, or unusual patterns observed during this process."
blk_6465095458973828118,"The block blk_6465095458973828118 experienced a termination of its PacketResponder, indicating that the block's data transfer process was completed normally without any reported errors or exceptions. There were no indications of retries, failures, or inconsistencies, suggesting that the block is healthy and in a consistent state."
blk_-9110604833387121363,"The block blk_-9110604833387121363 experienced a termination of its PacketResponder, indicating that there may have been issues with data transmission or acknowledgment from the datanodes. However, there are no specific errors, exceptions, or warnings indicating failures or inconsistencies related to this block. The log does not suggest any retries, failures, or unusual patterns, implying that the block may be in a healthy state despite the termination of the PacketResponder."
blk_5977008528949258706,"The block blk_5977008528949258706 was successfully received without any errors or exceptions reported. The operation completed normally, indicating that the block is healthy and in a consistent state. There were no retries, failures, or unusual patterns observed during this operation."
blk_3781645897486585075,"The block blk_3781645897486585075 experienced a termination of its PacketResponder, indicating that there were no ongoing operations or errors reported for this block. There were no specific errors, exceptions, or warnings noted, and the block appears to be in a healthy state with routine operations completed normally."
blk_-1635752698830216319,"The block with ID blk_-1635752698830216319 was successfully added to the block map, indicating that it was stored correctly with a size of 67,108,864 bytes. There were no errors, exceptions, or warnings reported during this operation, and the block appears to be in a healthy state with no issues related to replication or consistency."
blk_3070718541088657475,"The block blk_3070718541088657475 experienced a termination of its PacketResponder, indicating that there may have been issues with data transmission or acknowledgment from the datanodes. However, there are no specific errors, exceptions, or warnings indicating a failure in block replication or data integrity. The block appears to be in a healthy state, with no indications of being under-replicated, corrupted, or lost. No operations were retried or failed, suggesting that the block's status remains consistent and stable."
blk_-1674094254141559552,"The block with ID blk_-1674094254141559552 was successfully allocated without any errors or warnings. The operation completed normally, indicating that the block is healthy and in a consistent state. There were no retries, failures, or unusual patterns observed during this operation."
blk_6080034782037237879,"The block blk_6080034782037237879 was successfully added to the block map, indicating that it was stored correctly without any errors or exceptions. The operation completed normally, and the block size is recorded as 67,108,864 bytes. There were no indications of retries, failures, or any inconsistent states for this block."
blk_-8645365827804358878,"The block blk_-8645365827804358878 was successfully allocated without any errors or warnings. The operation completed normally, indicating that the block is healthy and in a consistent state. There were no retries, failures, or unusual patterns observed during this operation."
blk_3291173852929756766,"The block with ID blk_3291173852929756766 was successfully allocated without any errors or warnings. The operation completed normally, indicating that the block is healthy and in a consistent state. There were no retries, failures, or unusual patterns observed during this operation."
blk_892900079071425422,"The block blk_892900079071425422 was successfully received with a size of 67,108,864 bytes. There were no errors, exceptions, or warnings reported during the operation, indicating that the block was processed normally without any issues. The block is in a healthy state with no inconsistencies or failures noted."
blk_2243777557693112935,"The block blk_2243777557693112935 experienced a termination of its PacketResponder, indicating that the communication process for this block was completed without any reported errors or issues. There are no indications of retries, failures, or inconsistencies, suggesting that the block remained in a healthy state throughout the operation."
blk_-8192956077351896648,"The block blk_-8192956077351896648 was successfully received with a size of 67,108,864 bytes. There were no errors, exceptions, or warnings reported during the operation, indicating that the block was processed normally without any issues. The block is in a healthy state following this operation."
blk_5250287988089075029,"The block blk_5250287988089075029 was successfully received with a size of 67,108,864 bytes. There were no errors, exceptions, or warnings reported during the operation, indicating that the block was processed normally and is in a healthy state. All operations related to this block completed without issue."
blk_446513188203036714,"The block blk_446513188203036714 was successfully added to the block map with a size of 67,108,864 bytes. There were no errors, exceptions, or warnings reported during this operation, indicating that the block is healthy and all operations completed normally."
blk_-2020273862360001901,"The block blk_-2020273862360001901 was successfully received with a size of 67,108,864 bytes from a datanode. No errors, exceptions, or warnings were reported during the operation, indicating that the block was handled normally and is in a healthy state. There were no retries or failures, and the block is fully replicated without any inconsistencies."
blk_3338047823148530794,"The block blk_3338047823148530794 experienced a termination of its PacketResponder, indicating that there may have been issues with data transmission or acknowledgment. However, there are no specific errors, exceptions, or warnings indicating failures or inconsistencies related to this block. The log does not suggest any retries or failures, nor does it indicate that the block ended up in an inconsistent state. Overall, the block appears to have completed its operations without notable issues."
blk_4210124392039605712,"The block with ID blk_4210124392039605712 was successfully allocated without any errors or warnings. The operation completed normally, indicating that the block is healthy and in a consistent state. There were no retries, failures, or unusual patterns observed during this operation."
blk_-6330812010936261924,"The block blk_-6330812010936261924 was successfully added to the block map with a size of 67,108,864 bytes. There were no errors, exceptions, or warnings reported during the operation, indicating that the block was handled normally and is in a healthy state."
blk_-8380267327243110056,"The block with ID blk_-8380267327243110056 was successfully allocated without any errors or warnings. The operation completed normally, indicating that the block is healthy and in a consistent state. There were no retries, failures, or unusual patterns observed during this operation."
blk_-8077373411465716253,"The block blk_-8077373411465716253 was successfully added to the block map with a size of 67,108,864 bytes. There were no errors, exceptions, or warnings reported during this operation, indicating that the block was handled normally without any issues. The block is in a healthy state with no inconsistencies or unusual patterns observed."
blk_-9198375937828232046,"The block blk_-9198375937828232046 encountered an issue with the PacketResponder, which terminated unexpectedly. There are no indications of successful operations or retries, and the log does not provide details on whether the block is in a healthy state or if it has become under-replicated, corrupted, or lost. The lack of further context suggests that the block may be in an inconsistent state due to the termination of the PacketResponder."
blk_9107849594802857322,"The block blk_9107849594802857322 experienced a termination of its PacketResponder, indicating that there may have been issues with data transmission or acknowledgment. However, there are no specific errors, exceptions, or warnings indicating failures or inconsistencies with the block. The log does not show any retries or failures, suggesting that the block may still be in a healthy state, pending further operations or checks. Overall, the operations related to this block appear to have completed without notable issues, but the termination of the PacketResponder could warrant monitoring for any potential future problems."
blk_271142976916798281,"The block blk_271142976916798281 was successfully received without any errors or exceptions. The operation completed normally, indicating that the block is healthy and in a consistent state. There were no retries, failures, or unusual patterns observed during this operation."
blk_4029732570544915384,"The block blk_4029732570544915384 was successfully received with a size of 67,108,864 bytes. There were no errors, exceptions, or warnings reported during the operation, and the block appears to be in a healthy state with no issues related to replication or data integrity. All operations completed normally without any retries or failures."
blk_679168189072909208,"The block blk_679168189072909208 experienced a termination of its PacketResponder, indicating that there may have been issues with data transmission or acknowledgment from the datanodes. However, there are no specific errors, exceptions, or warnings indicating that the block is in an inconsistent state, under-replicated, or corrupted. The log does not show any retries or failures related to this block, suggesting that while the PacketResponder terminated, the block itself did not encounter significant operational issues. Overall, the block appears to be healthy despite the termination of the PacketResponder."
blk_6285161494041403917,"The block blk_6285161494041403917 was successfully added to the block map, indicating that it was stored correctly with a size of 64 MB. There were no errors, exceptions, or warnings reported during this operation, and the block appears to be in a healthy state with no issues related to replication or consistency."
blk_-5306443381473737599,"The block blk_-5306443381473737599 was successfully received with a size of 67,108,864 bytes. No errors, exceptions, or warnings were reported during the operation, indicating that the block was handled normally without any issues. The block is in a healthy state with no inconsistencies or unusual patterns noted."
blk_-2466006073687914843,"The block blk_-2466006073687914843 experienced a termination of its PacketResponder, indicating that the communication for this block was concluded. There are no specific errors, exceptions, or warnings noted in the log lines, suggesting that the operations related to this block completed normally without any issues. The block appears to be in a healthy state with no indications of under-replication, corruption, or loss."
blk_-6995454028444097802,"The block blk_-6995454028444097802 was successfully added to the blockMap with a size of 67,108,864 bytes. There were no errors, exceptions, or warnings reported during this operation, indicating that the block is healthy and all operations completed normally without any issues."
blk_344934934043642744,"The block blk_344934934043642744 was successfully added to the block map with a size of 67,108,864 bytes. There were no errors, exceptions, or warnings reported during this operation, indicating that the block was handled normally and is in a healthy state."
blk_4984720043834039361,"The block blk_4984720043834039361 was successfully added to the block map with a size of 67,108,864 bytes. There were no errors, exceptions, or warnings reported during the operation, indicating that the block was handled normally and is in a healthy state."
blk_6398122733993275620,"The block blk_6398122733993275620 was successfully received without any errors or exceptions reported. The operation was completed normally, indicating that the block is healthy and in a consistent state. There were no retries, failures, or unusual patterns noted during this operation."
blk_325981833999429148,"The block blk_325981833999429148 was successfully added to the block map with a size of 67,108,864 bytes. There were no errors, exceptions, or warnings reported during this operation, indicating that the block is healthy and all operations completed normally."
blk_2568309208894455676,"The block with ID blk_2568309208894455676 was marked as invalid and added to the invalid set, indicating that it is no longer considered a valid block in the HDFS. There are no indications of errors, exceptions, or warnings related to this block's operations, nor any retries or failures noted. The block's status is now inconsistent, as it has been invalidated, but there are no details on whether it was previously corrupted or lost. Overall, the block has transitioned to an invalid state without any further operational context provided."
blk_1078000656626961731,"The block blk_1078000656626961731 was served successfully without any errors or warnings. There were no indications of retries, failures, or inconsistencies. The block appears to be healthy and all operations completed normally."
blk_-6900989714336081087,"The block with ID blk_-6900989714336081087 encountered an exception while being served, indicating a potential issue with data retrieval or communication. There are no details on retries or subsequent operations, but the presence of an exception suggests that the block may not have been successfully accessed or replicated at that moment. The log does not provide information on whether the block ended up in an inconsistent state, but the error indicates a disruption in normal operations. Further investigation would be needed to determine the block's final status."
blk_-8306714721294235181,"The block blk_-8306714721294235181 was served successfully without any errors or warnings. There were no indications of retries, failures, or inconsistencies, and the block remains in a healthy state. All operations related to this block completed normally."
blk_-8023826090828946372,"The block with ID blk_-8023826090828946372 encountered an exception while being served, indicating a potential issue with data retrieval. The log does not specify the type of exception, but the presence of an error while serving suggests that the block may not have been accessible to the requesting client. There are no indications of retries or further operations logged, which raises concerns about the block's availability. The block's final state is uncertain, but the error suggests it may be in an inconsistent state, potentially leading to under-replication or accessibility issues."
blk_-1367876730256254709,"The block with ID blk_-1367876730256254709 encountered an exception while being served, indicating a potential issue with data retrieval. There are no details on the specific type of exception or error, but the log suggests that the operation to serve the block to a client failed. There is no information on retries or subsequent operations, nor any indication that the block is in an inconsistent state such as being under-replicated or corrupted. Overall, this block experienced a failure during a serving operation, but further details are needed to assess the impact on its integrity or availability."
blk_-3860894070657427592,"The block blk_-3860894070657427592 was served successfully without any errors or warnings. There were no indications of retries, failures, or inconsistencies, and the block appears to be in a healthy state following routine operations."
blk_-7983508786213002472,"The block with ID blk_-7983508786213002472 encountered an exception while being served, indicating a potential issue with data retrieval. The log does not specify the exact nature of the exception, but it suggests that there was a failure in serving the block to a client. There are no indications of retries or further operations logged, which raises concerns about the block's availability. As a result, the block may be in an inconsistent state, potentially leading to issues such as being under-replicated or inaccessible. Further investigation would be necessary to determine the root cause of the exception and the block's current status."
blk_5454332143498402824,"The block blk_5454332143498402824 was successfully served to a client without any reported errors or exceptions. There were no indications of retries, failures, or inconsistencies, suggesting that the block is healthy and all operations completed normally."
blk_-3384560576963801177,"The block blk_-3384560576963801177 was successfully served without any errors or warnings. There were no indications of retries, failures, or inconsistencies, and the block remains in a healthy state following routine operations."
blk_-2901225370888235702,"The block blk_-2901225370888235702 was successfully served to a client without any errors or exceptions. There were no indications of retries, failures, or any unusual behavior. The block appears to be in a healthy state with routine operations completed normally."
blk_3963698556744744747,"The block blk_3963698556744744747 was successfully served to a client without any reported errors or exceptions. There were no retries or failures noted, indicating that the operations completed normally and the block remains in a healthy state."
blk_2039230511363331616,"The block blk_2039230511363331616 was successfully served to a client without any reported errors, exceptions, or warnings. There were no retries or failures noted, and the block remains in a healthy state with all operations completing normally."
blk_8482111101480751895,"The block blk_8482111101480751895 was served successfully without any errors or warnings. There were no indications of retries, failures, or inconsistencies, and the block appears to be in a healthy state following routine operations."
blk_-5919767990596301121,"The block blk_-5919767990596301121 was served successfully without any errors or warnings. There were no indications of retries, failures, or inconsistencies. The operations completed normally, and the block remains in a healthy state."
blk_8457344665564381337,"The block blk_8457344665564381337 was served successfully without any errors or warnings. There were no indications of retries, failures, or inconsistencies, and the block appears to be in a healthy state following routine operations."
blk_2986720270598512615,"The block blk_2986720270598512615 was served successfully without any errors or warnings. There were no retries or failures reported, and the block remains in a healthy state with normal operations completed."
blk_-5719934513583495857,"The block blk_-5719934513583495857 was successfully served to a client without any reported errors, exceptions, or warnings. There were no retries or failures noted, and the block remains in a healthy state with normal operations completed."
blk_-7680599654910200999,"The block with ID blk_-7680599654910200999 encountered an exception while being served, indicating a potential issue in data retrieval or communication with the client. The log does not provide details on the specific type of exception or any subsequent actions taken, such as retries or failures. There is no indication of the block being in an inconsistent state, under-replicated, or corrupted based on the available log information. Further investigation would be needed to determine the nature of the exception and its impact on the block's health."
blk_-6050976999174805557,"The block blk_-6050976999174805557 was served successfully without any errors, exceptions, or warnings. There were no indications of retries, failures, or inconsistencies, and the block remains in a healthy state following normal operations."
blk_1598414622053793245,"The block blk_1598414622053793245 was served successfully without any errors, exceptions, or warnings. There were no retries or failures noted, and the block remains in a healthy state with no issues regarding replication or consistency. All operations completed normally."
blk_-7837339190764609698,"The block blk_-7837339190764609698 was successfully served to a client without any reported errors or exceptions. There were no indications of retries, failures, or inconsistencies, suggesting that the block is healthy and all operations completed normally."
blk_-8187008844253719581,"The block blk_-8187008844253719581 was successfully served to a client without any reported errors or exceptions. All operations related to this block completed normally, indicating a healthy state with no issues such as replication failures, missing block errors, or inconsistencies."
blk_4081177399275502985,"The block blk_4081177399275502985 was successfully served to a client without any errors or warnings. There were no indications of retries, failures, or inconsistencies, and the block appears to be in a healthy state with routine operations completed normally."
blk_3515154079719300106,"The block blk_3515154079719300106 was served successfully without any errors or warnings. There were no retries or failures noted, and the block remains in a healthy state with all operations completing normally."
blk_5547569777499890340,"The block blk_5547569777499890340 encountered an exception while being served, indicating a potential issue with data retrieval. However, the log does not provide details on the specific type of exception or any subsequent actions taken. There is no indication of retries, failures, or the block ending up in an inconsistent state such as being under-replicated, corrupted, or lost. Further investigation would be necessary to determine the impact of this exception on the block's health and availability."
blk_5385121219895615240,"The block blk_5385121219895615240 was successfully served to a client without any reported errors or exceptions. There were no indications of retries, failures, or unusual behavior. The block appears to be in a healthy state following routine operations."
blk_-7658293778087733436,"The block with ID blk_-7658293778087733436 encountered an exception while being served, indicating a failure in the data transfer process. The specific error type is not detailed in the log, but the presence of an exception suggests that the block may not have been successfully accessed or retrieved by the requesting client. There are no indications of retries or subsequent operations, nor is there any information about the block's final state, leaving its consistency or health status uncertain."
blk_3169060243663461885,"The block blk_3169060243663461885 encountered an exception while being served, indicating a potential issue with data retrieval. However, the log does not provide further details on the specific type of exception or any subsequent retries or failures. There is no indication of the block being in an inconsistent state, such as being under-replicated or corrupted, but the lack of additional context suggests that the operation may not have completed successfully. Further investigation would be needed to determine the impact of this exception on the block's status."
blk_3087787567144441647,"The block blk_3087787567144441647 was served successfully without any errors or warnings. There were no indications of retries, failures, or issues with replication. The block is in a healthy state, having completed its operations normally."
blk_-3657665801189425193,"The block blk_-3657665801189425193 was served successfully without any errors or warnings. There were no indications of retries, failures, or inconsistencies, and the block appears to be in a healthy state following routine operations."
blk_-3457731723401426942,"The block blk_-3457731723401426942 was served successfully without any errors, exceptions, or warnings. There were no retries or failures noted, and the block remains in a healthy state with all operations completed normally."
blk_6105506155797750768,"The block blk_6105506155797750768 was successfully served without any errors or warnings. There were no retries or failures reported, and the block remains in a healthy state with no inconsistencies or issues noted. All operations completed normally."
blk_-8522942048313632858,"The block with ID blk_-8522942048313632858 encountered an error while being served, specifically an exception was logged indicating an issue during the operation. There are no details on retries or subsequent operations, but the log suggests that the block may not have been successfully accessed or utilized, potentially leaving it in an inconsistent state. Further investigation would be required to determine if the block is under-replicated, corrupted, or lost due to this failure."
blk_365496398062338141,"The block blk_365496398062338141 was served successfully without any errors or warnings. There were no reported issues, and the operation completed normally, indicating that the block is healthy and in a consistent state."
blk_3979872751691718643,"The block blk_3979872751691718643 was served successfully without any errors or exceptions. There were no indications of retries, failures, or inconsistencies. The operations completed normally, and the block is in a healthy state."
blk_-272707591443354058,"The block with ID blk_-272707591443354058 encountered an exception while being served, indicating a potential issue with data retrieval. However, there are no specific error types, retries, or failures detailed in the log lines provided. As a result, it is unclear whether the block ended up in an inconsistent state or if any operations were completed successfully. Further investigation would be necessary to determine the overall health and status of this block."
blk_-8679916835272129336,"The block with ID blk_-8679916835272129336 encountered an exception while being served, indicating a failure in the data transfer process. There are no details on the specific type of exception or any retries mentioned, suggesting that the operation may have failed without further attempts. As a result, the block may be in an inconsistent state, potentially leading to issues such as being under-replicated or lost, but no definitive outcome is provided in the log. Overall, this indicates a problematic situation for the block that requires further investigation."
blk_6106884317961925960,"The block blk_6106884317961925960 encountered an exception while being served, indicating a potential issue with data retrieval. The log does not specify the type of exception or any subsequent operations, suggesting that the block may not have been successfully accessed or transferred. There are no indications of retries or successful completions, leaving the status of the block uncertain. Further investigation is needed to determine if the block is under-replicated, corrupted, or lost due to this exception."
blk_6332892729727950039,"The block blk_6332892729727950039 encountered an exception while being served, indicating a potential issue with data retrieval. There are no details on the specific type of exception or any subsequent retries or failures logged. As a result, it is unclear whether the block ended up in an inconsistent state, such as being under-replicated or corrupted. Further investigation would be needed to determine the impact of this exception on the block's integrity and availability."
blk_6655622109568310643,"The block blk_6655622109568310643 was served successfully without any errors or warnings. There were no indications of retries, failures, or inconsistencies. The operation completed normally, and the block remains in a healthy state."
blk_-5935642747315643391,"The block blk_-5935642747315643391 encountered an exception while being served, indicating a potential issue with data retrieval. There are no details on the specific type of exception or any retries noted in the log lines provided. As a result, it is unclear whether the block is in a consistent state, but the log suggests that there may have been a failure in accessing the block, which could lead to it being under-replicated or temporarily inaccessible. Further investigation would be needed to determine the exact nature of the issue and its impact on the block's integrity."
blk_-20269367189114433,"The block blk_-20269367189114433 encountered an exception while being served, indicating a potential issue with data retrieval. However, the log does not provide further details on the specific type of exception or any subsequent retries or failures. As a result, it is unclear if the block ended up in an inconsistent state, such as being under-replicated or lost. Further investigation would be needed to determine the overall health and status of this block."
blk_-7364557883931785608,"The block blk_-7364557883931785608 was served successfully without any errors, exceptions, or warnings. There were no indications of retries or failures, and the block remains in a healthy state with no issues related to replication or consistency. All operations completed normally."
blk_2322432806134104317,"The block blk_2322432806134104317 was served successfully without any errors or warnings. There were no indications of retries, failures, or inconsistencies, and the block remained in a healthy state throughout the operation."
blk_4848669047361069041,"The block blk_4848669047361069041 was served successfully without any errors or warnings. There were no retry attempts or failures noted, and the block remains in a healthy state with all operations completing normally."
blk_-1851265222873801714,"The block with ID blk_-1851265222873801714 encountered an exception while being served, indicating a potential issue with data retrieval. However, the log does not provide details on the specific type of exception or any subsequent retries or failures. There is no indication of the block being in an inconsistent state, such as being under-replicated or corrupted, but the lack of further information suggests that the block may not have been successfully accessed. Overall, the operation to serve this block was interrupted by an error, but no additional context on the resolution or impact on the block's status is available."
blk_-8495670552887053546,"The block with ID blk_-8495670552887053546 encountered an exception while being served, indicating a potential issue in data retrieval. The specific error type is not detailed in the log, but the occurrence of an exception suggests that the block may not have been accessible at that moment. There are no indications of retries, failures, or subsequent operations logged, leaving the state of the block uncertain. Without further information, it is unclear if the block ended up in an inconsistent state, such as being under-replicated or corrupted."
blk_-7372087176866857012,"The block with ID blk_-7372087176866857012 encountered an error while being served, specifically an exception was logged during the operation. There are no indications of retries or additional failures noted in the log lines provided. The block's final state is unclear due to the lack of further information regarding whether it was successfully served or if it ended up in an inconsistent state. No replication issues, corruption, or loss of the block were explicitly mentioned, but the presence of the exception suggests potential problems that could affect its availability."
blk_4357276972386184626,"The block blk_4357276972386184626 encountered an exception while being served, indicating a potential issue with data retrieval. The specific nature of the exception is not detailed in the log, but it suggests that there may have been a problem with the communication or data transfer to the requesting client. There are no indications of retries, failures, or subsequent operations logged, leaving the status of the block unclear. Further investigation would be needed to determine if the block is under-replicated, corrupted, or lost due to this exception."
blk_-4590972095204776122,"The block with ID blk_-4590972095204776122 encountered an exception while being served, indicating a potential issue with data retrieval. The log does not specify the type of exception or provide details on whether the block was retried or if any operations failed. There is no indication of the block being in an inconsistent state, such as being under-replicated or corrupted, but the lack of further information suggests that the block may not have completed its intended operations successfully."
blk_-8277873627721528374,"The block blk_-8277873627721528374 was successfully served to a client without any errors or warnings. There were no indications of retries, failures, or inconsistencies, and the block appears to be in a healthy state following routine operations."
blk_3797494971676497497,"The block blk_3797494971676497497 was served successfully without any errors or warnings. There were no retries or failures noted, and the block remains in a healthy state with all operations completing normally."
blk_805587860540600864,"The block blk_805587860540600864 was served successfully without any errors or warnings. There were no indications of retries, failures, or inconsistencies. The block appears to be healthy and operational, with routine read operations completed normally."
blk_3141363517520802396,"The block blk_3141363517520802396 underwent a verification process that completed successfully, indicating that the block is healthy and consistent with no errors, exceptions, or warnings reported. All operations related to this block were executed normally without any retries or failures."
blk_-1383276859207001328,"The block blk_-1383276859207001328 underwent a verification process that completed successfully, indicating that the block is healthy and consistent with no errors, exceptions, or warnings reported. All operations related to this block were performed normally without any issues."
blk_-4117999745005013424,"The block blk_-4117999745005013424 underwent a verification process that completed successfully, indicating that the block is healthy and consistent with no errors or issues reported. There were no retries, failures, or unusual patterns observed during the operations related to this block."
blk_4524198807982839635,"The block blk_4524198807982839635 encountered an exception while being served, indicating a potential issue with data retrieval. However, there are no details provided about the specific type of exception or any subsequent retries or failures. As a result, it is unclear whether the block ended up in an inconsistent state, such as being under-replicated or lost. Further investigation would be needed to determine the overall health and status of this block."
blk_7505828172725463922,"The block with ID blk_7505828172725463922 encountered an exception while being served, indicating a potential issue with data retrieval or communication. The log does not specify the type of exception, but it suggests that the block may not have been successfully accessed or delivered to the requesting client. There are no indications of retries, failures, or subsequent operations logged, leaving the status of the block unclear. As a result, it is uncertain whether the block is in a consistent state, but the lack of further details raises concerns about its accessibility."
blk_424255210146453297,"The block blk_424255210146453297 encountered an exception while being served, indicating a potential issue with data retrieval. The log does not specify the type of exception or any subsequent retries, failures, or recovery attempts. As a result, it is unclear whether the block ended up in an inconsistent state, such as being under-replicated or lost. Further investigation would be needed to determine the impact of this exception on the block's integrity and availability."
blk_666713934549639791,"The block blk_666713934549639791 was successfully served to a client without any reported errors or exceptions. All operations completed normally, indicating that the block is healthy and functioning as expected."
blk_-2975629975082443857,"The block blk_-2975629975082443857 was served successfully without any errors or warnings. There were no indications of retries, failures, or inconsistencies. The operations completed normally, and the block remains in a healthy state."
blk_1686195200514944346,"The block with ID blk_1686195200514944346 encountered an error while being served, specifically an exception was logged indicating an issue during the operation. There are no details on retries or subsequent operations, and the log does not provide information on whether the block ended up in an inconsistent state, such as being under-replicated or corrupted. The lack of additional context suggests that the block may not have been successfully served, but further details are needed to ascertain its final status."
blk_4355450627202483068,"The block blk_4355450627202483068 was served successfully without any errors or exceptions. There were no indications of retries, failures, or unusual behavior. The block appears to be in a healthy state following routine operations."
blk_5952254363678329024,"The block blk_5952254363678329024 was successfully served without any errors or warnings. There were no indications of retries, failures, or inconsistencies. The block appears to be in a healthy state with routine operations completed normally."
blk_-667933171485085225,"The block blk_-667933171485085225 encountered an error while being served, specifically an exception was logged indicating a failure in the data transfer process to a client. There are no indications of retries, and the block's state remains unclear due to the lack of additional context regarding the nature of the exception. As a result, it is uncertain whether the block is under-replicated, corrupted, or lost, but the error suggests a potential issue in accessing or retrieving the block. Further investigation would be necessary to determine the block's final status."
blk_9188832735514090334,"The block blk_9188832735514090334 underwent a verification process that completed successfully, indicating that the block is healthy and consistent with no errors or issues reported. There were no retries, failures, or unusual patterns observed during the operations related to this block."
blk_2273334621242106674,"The block blk_2273334621242106674 was successfully served without any errors or warnings. There were no retries or failures reported, and the block remains in a healthy state with all operations completing normally."
blk_3790492230047189408,"The block blk_3790492230047189408 encountered an exception while being served, indicating a failure in the data transfer process. There are no details on the specific type of exception or subsequent retries, but the log suggests that the operation to serve this block was unsuccessful. As a result, the block may be in an inconsistent state, potentially leading to issues such as being under-replicated or lost if no further recovery attempts are logged. No normal operations were completed successfully for this block."
blk_-2285729896739318683,"The block blk_-2285729896739318683 was successfully served to a client without any reported errors or exceptions. There were no indications of retries, failures, or inconsistencies, and the block appears to be in a healthy state following routine operations."
blk_-1233005817943453613,"The block with ID blk_-1233005817943453613 was marked as invalid and added to the invalid set, indicating that it is no longer considered usable within the HDFS. There are no indications of errors, exceptions, or warnings related to this block's operations prior to its invalidation. As a result, the block is likely in an inconsistent state and cannot be retrieved or replicated. No retries or failures were noted in the log lines provided."
blk_-8736461628840265232,"The block with ID blk_-8736461628840265232 was marked as invalid and added to the invalid set, indicating that it is no longer considered a valid block in the HDFS. There are no indications of errors, exceptions, or warnings related to this block's operations, nor are there any retries or failures noted. The block appears to have been removed from active use, but there is no information suggesting it ended up in an inconsistent state, such as being under-replicated or corrupted. Overall, the log indicates a clean deletion process without any unusual patterns or cascading errors."
blk_166171721314010075,"The block with ID blk_166171721314010075 was marked as invalid and added to the invalid set, indicating that it is no longer considered usable by the NameNode. There are no indications of errors, exceptions, or warnings related to this block's operations prior to its invalidation, nor are there any details on retries or failures. The block is now in an inconsistent state, as it has been deemed invalid without further context on the reason for this status change."
blk_-3362838757940877177,"The block with ID blk_-3362838757940877177 was marked as invalid and added to the invalid set, indicating that it is no longer usable. There are no indications of errors, exceptions, or warnings related to this block's operations, nor any retries or failures documented. The block appears to have been removed from the active set without any further context provided, suggesting it may have been deleted or corrupted, but the log does not specify the reason for its invalidation. Overall, the block ended up in an inconsistent state as it was added to the invalid set."
blk_-8026264173633579073,"The block with ID blk_-8026264173633579073 was marked as invalid and added to the invalid set, indicating that it is no longer usable. There are no indications of errors, exceptions, or warnings related to this block's operations, nor are there any retry attempts or failures noted. The block appears to have been removed from the active set without any further context on its previous state or operations, suggesting it may have been deleted or corrupted. The final state of the block is invalid, and it is not clear if it was under-replicated or lost prior to this action."
blk_8350646254685996250,"The block with ID blk_8350646254685996250 was marked as invalid and added to the invalid set. There are no indications of errors, exceptions, or warnings related to this block's operations prior to its invalidation. The log does not suggest any retries or failures during its lifecycle, nor does it indicate that the block was under-replicated, corrupted, or lost prior to being invalidated. Overall, the block appears to have been removed from the active set without any notable operational issues."
blk_-4702684774678057084,"The block with ID blk_-4702684774678057084 was marked as invalid and added to the invalid set, indicating that it is no longer usable within the HDFS. There are no indications of errors, exceptions, or warnings related to this block's operations prior to its invalidation. The log does not suggest any retries or failures associated with this block, nor does it indicate that the block was ever in a healthy state before being marked invalid. As a result, the block is likely in an inconsistent state and cannot be recovered or accessed."
blk_434034567989619521,"The block with ID blk_434034567989619521 was marked as invalid and added to the invalid set, indicating that it is no longer accessible or usable within the HDFS. There are no indications of errors, exceptions, or warnings related to this block's operations prior to its invalidation. The log does not provide information about retries or failures, but the block's status suggests it may be lost or corrupted. Overall, this block is now in an inconsistent state, as it has been deemed invalid without any routine operations recorded."
blk_413552235254424009,"The block blk_413552235254424009 was marked as invalid and added to the invalid set, indicating that it is no longer usable. There are no indications of errors, exceptions, or warnings related to this block's operations prior to its invalidation. The block's status suggests it may have been lost or corrupted, but no specific details about the cause of its invalidation are provided. There are no retries or failed operations recorded for this block, and it appears to have ended up in an inconsistent state."
blk_7177118590277025973,"The block with ID blk_7177118590277025973 was marked as invalid and added to the invalid set, indicating that it is no longer accessible or usable within the HDFS. There are no indications of errors, exceptions, or warnings related to this block's operations prior to its invalidation. The log does not show any attempts to recover or replicate the block, nor does it mention any retries or failures. As a result, the block is now in an inconsistent state, being classified as invalid without further context on its previous status or operations."
blk_2576408434603492552,"The block with ID blk_2576408434603492552 was marked as invalid and added to the invalid set, indicating that it is no longer accessible or usable within the HDFS. There are no indications of errors, exceptions, or warnings related to this block's operations prior to its invalidation, and no retries or failures were noted. The block is now in an inconsistent state, as it has been deemed invalid."
blk_356592557993755459,"The block blk_356592557993755459 was marked as invalid and added to the invalid set, indicating it is no longer considered usable within the HDFS. There are no indications of errors, exceptions, or warnings related to this block's operations, but its status suggests it may have been deleted or corrupted. The block did not complete any normal operations and is now in an inconsistent state as it is invalid."
blk_9111860234027679206,"The block with ID blk_9111860234027679206 was marked as invalid and added to the invalid set, indicating that it is no longer accessible or usable within the HDFS. There are no indications of errors, exceptions, or warnings related to this block's operations prior to its invalidation, suggesting that it may have been deleted or corrupted without prior notice. The block is now in an inconsistent state and is effectively lost."
blk_5178539130945718870,"The block with ID blk_5178539130945718870 was marked as invalid and added to the invalid set, indicating that it is no longer usable. There are no indications of errors, exceptions, or warnings related to this block's operations prior to its invalidation. The log does not show any retries or failures associated with this block, nor does it indicate that the block ended up in an inconsistent state such as being under-replicated or corrupted. The operation appears to have been a straightforward deletion without any unusual patterns or cascading errors."
blk_-1331750856499198500,"The block with ID blk_-1331750856499198500 was marked as invalid and added to the invalid set, indicating that it is no longer considered a valid block in the HDFS. There are no indications of errors, exceptions, or warnings related to this block's operations, nor any retries or failures noted in the log lines. The block appears to have been removed from active consideration without any details on its previous state or any unusual patterns."
blk_-3792836284792472725,"The block with ID blk_-3792836284792472725 was marked as invalid and added to the invalid set, indicating that it is no longer considered a valid block within the HDFS. There are no indications of errors, exceptions, or warnings related to this block's operations prior to its invalidation. The log does not provide information about retries or failures, but the block's status suggests it may have been lost or corrupted, leading to its removal from the active block set. No further operations were noted, and the block is now in an inconsistent state."
blk_6031076349976322578,"The block with ID blk_6031076349976322578 was marked as invalid and added to the invalid set, indicating that it is no longer considered usable within the HDFS. There are no indications of errors, exceptions, or warnings related to this block's operations prior to its invalidation. The log does not show any retries or failures associated with this block, nor does it indicate that the block ended up in an inconsistent state such as being under-replicated or corrupted. Overall, the block appears to have been removed from service without any notable operational issues."
blk_4438674026376140804,"The block with ID blk_4438674026376140804 was marked as invalid and added to the invalid set. There are no indications of successful operations or any errors related to replication, corruption, or other issues. The block appears to have been removed from the active set without any further context or details on prior operations or its state before deletion."
blk_1777689952069868672,"The block with ID blk_1777689952069868672 was marked as invalid and added to the invalid set, indicating that it is no longer considered a valid block in the HDFS. There are no indications of errors, exceptions, or warnings related to this block's operations, nor are there any retries or failures noted. The block appears to have ended up in an inconsistent state, as it has been invalidated without any further context provided in the log lines."
blk_-3275788837420923000,"The block with ID blk_-3275788837420923000 was marked as invalid and added to the invalid set, indicating that it is no longer accessible or usable within the HDFS. There are no indications of errors, exceptions, or warnings related to this block's operations, nor were there any retries or failures noted. The block appears to have ended up in an inconsistent state, as it has been deemed invalid. No further operations were logged that would suggest any recovery or replication attempts for this block."
blk_-6056336045486998577,"The block with ID blk_-6056336045486998577 was marked as invalid and added to the invalid set. There are no indications of errors, exceptions, or warnings related to this block's operations, suggesting that it was likely deleted or became invalid without any prior issues. The block does not appear to be in an inconsistent state, as there are no reports of under-replication, corruption, or loss."
blk_-5368528328022648701,"The block with ID blk_-5368528328022648701 was marked as invalid and added to the invalid set, indicating that it is no longer considered a valid block in the system. There are no indications of errors, exceptions, or warnings related to this block's operations, nor are there any retries or failures noted. The block's status suggests it may be lost or corrupted, as it has been explicitly invalidated without further context on its previous state or operations."
blk_-9056276727170871967,"The block with ID blk_-9056276727170871967 was marked as invalid and added to the invalid set, indicating that it is no longer accessible or usable within the HDFS. There are no indications of errors, exceptions, or warnings related to this block's operations prior to its invalidation. The block did not experience any retries or failures during its lifecycle as per the provided log lines. However, its status is now inconsistent, as it has been deemed invalid and is likely lost or corrupted."
blk_-6289001686128460561,"The block with ID blk_-6289001686128460561 was marked as invalid and added to the invalid set, indicating that it is no longer usable or accessible. There are no indications of errors, exceptions, or warnings related to this block's operations prior to its invalidation. The log does not show any retries or failures associated with this block, but its status suggests it may be lost or corrupted. Overall, the block ended up in an inconsistent state as it was deemed invalid."
blk_6855535886504612774,"The block with ID blk_6855535886504612774 was marked as invalid and added to the invalid set, indicating that it is no longer considered valid by the NameNode. There are no indications of errors, exceptions, or warnings related to this block's operations prior to its invalidation. As a result, the block is likely in an inconsistent state, and its data may be lost or corrupted. No retries or recovery attempts were noted in the log lines provided."
blk_-6477590833521072407,"The block with ID blk_-6477590833521072407 was marked as invalid and added to the invalid set, indicating that it is no longer accessible or usable within the HDFS. There are no indications of errors, exceptions, or warnings related to this block's operations, nor are there any retries or failures noted. The block appears to have been removed from the active data set, suggesting it may have been deleted or corrupted, but no further details are provided to clarify its final state."
blk_865453227320668516,"The block with ID blk_865453227320668516 was marked as invalid and added to the invalid set, indicating that it is no longer accessible or usable within the HDFS. There are no indications of errors, exceptions, or warnings related to this block's operations prior to its invalidation, and no retries or failures were recorded. The block has ended up in an inconsistent state, as it is now considered invalid."
blk_2149728827322918746,"The block with ID blk_2149728827322918746 was marked as invalid and added to the invalid set, indicating that it is no longer considered usable by the NameNode. There are no indications of errors, exceptions, or warnings related to this block's operations prior to its invalidation, suggesting that it may have been deleted or corrupted without further context provided in the logs. The block did not complete any routine operations successfully and is now in an inconsistent state as it has been deemed invalid."
blk_6324712740029479576,"The block with ID blk_6324712740029479576 was marked as invalid and added to the invalid set, indicating that it is no longer considered a valid block in the system. There are no indications of errors, exceptions, or warnings related to this block's operations prior to its invalidation, nor are there any retry attempts or failures noted. The block's status suggests it may have been lost or corrupted, as it was explicitly deleted from the active block set."
blk_6763863888784019261,"The block with ID blk_6763863888784019261 was marked as invalid and added to the invalid set, indicating that it is no longer considered usable by the NameNode. There are no indications of errors, exceptions, or warnings related to this block's operations prior to its invalidation, nor are there any details about retries or failures. The block is now in an inconsistent state, as it has been deemed invalid without further context on the reason for its invalidation."
blk_1543605971733759530,"The block with ID blk_1543605971733759530 was marked as invalid and added to the invalid set, indicating that it is no longer usable. There are no indications of errors, exceptions, or warnings related to this block's operations, nor are there any retries or failures noted. The block appears to have been removed from active use without any reported issues during its lifecycle, but it is now considered invalid."
blk_-6114220623980201749,"The block with ID blk_-6114220623980201749 was marked as invalid and added to the invalid set, indicating that it is no longer usable. There are no indications of errors, exceptions, or warnings related to this block's operations prior to its invalidation. The log does not show any retries or failures associated with this block, nor does it indicate that it ended up in an inconsistent state such as being under-replicated or corrupted. The block appears to have been removed from active use without any unusual patterns or cascading errors noted in the log lines."
blk_-945770324989341170,"The block with ID blk_-945770324989341170 was marked as invalid and added to the invalid set, indicating that it is no longer accessible or usable within the HDFS. There are no indications of errors, exceptions, or warnings related to this block's operations, nor were there any retries or failures noted. The block is likely in an inconsistent state, as it has been deemed invalid, but no further details about its previous state or operations are provided."
blk_-5145886774827574591,"The block with ID blk_-5145886774827574591 was marked as invalid and added to the invalid set, indicating that it is no longer usable within the HDFS. There are no indications of errors, exceptions, or warnings related to this block's operations prior to its invalidation. The log does not show any retries or failures associated with this block, nor does it indicate that the block was ever in a healthy state before being marked invalid. Consequently, the block is now considered lost and is not available for further operations."
blk_3598904881888399067,"The block with ID blk_3598904881888399067 was marked as invalid and added to the invalid set, indicating that it is no longer accessible or usable within the HDFS. There are no indications of errors, exceptions, or warnings related to this block's operations prior to its invalidation, nor are there any retry attempts or failures noted. The block is now in an inconsistent state, as it has been deemed invalid without further context on the reason for its invalidation."
blk_-6255015379143356507,"The block with ID blk_-6255015379143356507 was marked as invalid and added to the invalid set, indicating that it is no longer usable. There are no indications of errors, exceptions, or warnings related to this block's operations prior to its invalidation, and no retries or failures were noted. The block is now in an inconsistent state, as it has been deemed invalid."
blk_8247499802516177421,"The block with ID blk_8247499802516177421 was marked as invalid and added to the invalid set, indicating that it is no longer considered usable by the NameNode. There are no indications of errors, exceptions, or warnings related to this block's operations prior to its invalidation. The log does not show any retries or failures associated with this block, but its status suggests that it may have been lost or corrupted, leading to its removal from the active block pool."
blk_-8403618945096094999,"The block with ID blk_-8403618945096094999 was marked as invalid and added to the invalid set, indicating that it is no longer accessible or usable within the HDFS. There are no indications of errors, exceptions, or warnings related to this block's operations, nor were there any retries or failures noted. The block is likely in an inconsistent state, as it has been deemed invalid, but no further details are provided regarding its previous state or the reason for its invalidation."
blk_-2012430628930443984,"The block with ID blk_-2012430628930443984 was marked as invalid and added to the invalid set, indicating that it is no longer usable within the HDFS. There are no indications of errors, exceptions, or warnings related to this block's operations prior to its invalidation. The log does not show any retries or failures associated with this block, nor does it indicate that the block ended up in an inconsistent state such as being under-replicated or corrupted. The operation appears to have been a straightforward deletion without any unusual patterns or cascading errors."
blk_7819984111120374407,"The block with ID blk_7819984111120374407 was marked as invalid and added to the invalid set, indicating that it is no longer considered usable within the HDFS. There are no indications of errors, exceptions, or warnings related to this block's operations prior to its invalidation. The log does not show any retries or failures associated with this block, nor does it indicate that the block was under-replicated, corrupted, or lost prior to being marked invalid. Overall, the block's status transitioned to invalid without any notable operational issues or unusual patterns."
blk_4499140370762613763,"The block with ID blk_4499140370762613763 was marked as invalid and added to the invalid set, indicating that it is no longer considered valid by the NameNode. There are no indications of errors, exceptions, or warnings related to this block's operations prior to its invalidation. The block's status suggests it may have been deleted or corrupted, but no specific details on the cause of invalidation or any retries are provided in the log lines. As a result, the block is likely in an inconsistent state, and further investigation would be needed to determine the reason for its invalidation."
blk_2304296078821316612,"The block with ID blk_2304296078821316612 was marked as invalid and added to the invalid set, indicating that it is no longer accessible or usable within the HDFS. There are no indications of errors, exceptions, or warnings related to this block's operations prior to its invalidation. The block does not appear to have undergone any routine operations or successful completions, and its status is now inconsistent as it has been deemed invalid."
blk_358331073189608564,"The block with ID blk_358331073189608564 was marked as invalid and added to the invalid set, indicating that it is no longer usable. There are no indications of errors, exceptions, or warnings related to this block's operations prior to its invalidation. The log does not provide information on retries or failures, but the block's status suggests it may have been lost or corrupted, resulting in its removal from the active set. Overall, the block ended up in an inconsistent state as it was deemed invalid."
blk_8404604116961181201,"The block with ID blk_8404604116961181201 was marked as invalid and added to the invalid set, indicating that it is no longer usable. There are no indications of successful operations or retries, and the block appears to be in an inconsistent state due to its invalid status. No specific errors or exceptions were logged beyond the deletion action."
blk_-3582070652284403613,"The block with ID blk_-3582070652284403613 was marked as invalid and added to the invalid set, indicating that it is no longer accessible or usable within the HDFS. There are no indications of errors, exceptions, or warnings related to this block's operations, nor were there any retries or failures noted. The block's status suggests it may have been corrupted or lost, resulting in its invalidation without any further operational details provided."
blk_-4954795063440871977,"The block with ID blk_-4954795063440871977 was marked as invalid and added to the invalid set, indicating that it is no longer considered valid by the NameNode. There are no indications of errors, exceptions, or warnings related to this block's operations prior to its invalidation. The log does not provide information on retries or failures, but the block is now in an inconsistent state as it has been deemed invalid."
blk_-6640779266188771131,"The block with ID blk_-6640779266188771131 was marked as invalid and added to the invalid set, indicating that it is no longer accessible or usable within the HDFS. There are no indications of errors, exceptions, or warnings related to this block's operations, nor were there any retries or failures reported. The block is likely in an inconsistent state, as it has been invalidated without further context on its previous status or operations."
blk_3858015337960682724,"The block with ID blk_3858015337960682724 was marked as invalid and added to the invalid set, indicating that it is no longer accessible or usable within the HDFS. There are no indications of errors, exceptions, or warnings related to this block's operations, nor were there any retries or failures logged. The block is now in an inconsistent state, as it has been invalidated without further context on the cause or any recovery attempts."
blk_570916157110129687,"The block with ID blk_570916157110129687 was marked as invalid and added to the invalid set, indicating that it is no longer accessible or usable within the HDFS. There are no indications of errors, exceptions, or warnings related to this block's operations prior to its invalidation, nor are there any retries or failures noted. The block is now in an inconsistent state as it has been deemed invalid, but no further details on the cause of this invalidation are provided in the log lines."
blk_-7418499425236853516,"The block with ID blk_-7418499425236853516 was marked as invalid and added to the invalid set, indicating that it is no longer considered usable within the HDFS. There are no indications of errors, exceptions, or warnings related to this block's operations prior to its invalidation, nor are there any retries or failures noted. The block is now in an inconsistent state as it has been deemed invalid, but no further details on the cause of this invalidation are provided."
blk_-7894824934989391122,"The block with ID blk_-7894824934989391122 was marked as invalid and added to the invalid set, indicating that it is no longer considered valid by the NameNode. There are no indications of errors, exceptions, or warnings related to this block's operations prior to its invalidation. The log does not show any attempts to recover or replicate the block, nor does it indicate any prior successful operations. As a result, the block is in an inconsistent state and is effectively lost."
blk_-5005618994659797504,"The block with ID blk_-5005618994659797504 was marked as invalid and added to the invalid set, indicating that it is no longer usable. There are no indications of errors, exceptions, or warnings related to this block's operations prior to its invalidation. The log does not suggest any retries or failures during its lifecycle, but the block is now in an inconsistent state as it has been deemed invalid."
blk_7932704730736035192,"The block with ID blk_7932704730736035192 was marked as invalid and added to the invalid set, indicating that it is no longer accessible or usable within the HDFS. There are no indications of errors, exceptions, or warnings related to this block's operations prior to its invalidation. The log does not show any retries or failures associated with this block, but its status suggests it may have been lost or corrupted, leading to its removal from active use. Overall, the block ended up in an inconsistent state as it was deemed invalid."
blk_-2834195813213005328,"The block with ID blk_-2834195813213005328 was marked as invalid and added to the invalid set, indicating that it is no longer considered usable within the HDFS. There are no indications of errors, exceptions, or warnings related to this block's operations, but its status suggests that it may have been deleted or corrupted. The block did not complete any normal operations and is now in an inconsistent state, as it has been invalidated."
blk_-5972745462629982078,"The block with ID blk_-5972745462629982078 was marked as invalid and added to the invalid set, indicating that it is no longer accessible or usable within the HDFS. There are no indications of errors, exceptions, or warnings related to this block's operations, nor are there any retry attempts or failures noted. The block appears to have been removed from the active data set without any further context provided, suggesting it may have been deleted or corrupted, but the specific reason for its invalidation is not detailed in the log."
blk_-7111788899695387329,"The block with ID blk_-7111788899695387329 was marked as invalid and added to the invalid set, indicating that it is no longer considered usable by the NameNode. There are no indications of errors, exceptions, or warnings related to this block's operations prior to its invalidation. The log does not provide information on retries or failures, nor does it suggest that the block ended up in an inconsistent state such as being under-replicated or corrupted. The block appears to have been deleted without any reported issues during its lifecycle."
blk_-1110880362999960078,"The block with ID blk_-1110880362999960078 was marked as invalid and added to the invalid set, indicating that it is no longer usable. There are no indications of errors, exceptions, or warnings related to this block's operations, nor any retries or failures noted. The block's status suggests it may have been corrupted or lost, as it has been explicitly invalidated without further context on its previous state or operations."
blk_6489659315944341351,"The block with ID blk_6489659315944341351 was marked as invalid and added to the invalid set, indicating that it is no longer accessible or usable within the HDFS. There are no indications of errors, exceptions, or warnings related to this block's operations, nor any retries or failures noted. The block is likely in an inconsistent state due to being invalidated, but no further details about its previous state or operations are provided."
blk_7324196727355442810,"The block with ID blk_7324196727355442810 was marked as invalid and added to the invalid set. There are no indications of errors, exceptions, or warnings related to this block's operations prior to its invalidation. The log does not show any retries or failures associated with this block, but its status is now inconsistent as it has been deemed invalid."
blk_-2589662411410634043,"The block with ID blk_-2589662411410634043 was marked as invalid and added to the invalid set. There are no indications of errors, exceptions, or warnings related to this block's operations, nor were there any retries or failures noted. The block is likely in an inconsistent state due to being invalidated, but no further details on its previous status or operations are provided."
blk_8602496359012842630,"The block with ID blk_8602496359012842630 was marked as invalid and added to the invalid set, indicating that it is no longer considered valid by the NameNode. There are no indications of errors, exceptions, or warnings related to this block's operations prior to its invalidation. The block's status suggests it may have been corrupted or lost, but no specific details about the cause of invalidation or any retry attempts are provided in the log lines. Overall, the block ended up in an inconsistent state as it was deemed invalid."
blk_-133919539232421451,"The block with ID blk_-133919539232421451 was marked as invalid and added to the invalid set, indicating that it is no longer usable. There are no indications of errors, exceptions, or warnings related to this block's operations prior to its invalidation. The log does not show any retries or failures associated with this block, nor does it indicate that the block was in an inconsistent state prior to being marked invalid. Overall, the block appears to have been removed from the system without any reported issues during its lifecycle."
blk_-6136511938931864993,"The block with ID blk_-6136511938931864993 was marked as invalid and added to the invalid set, indicating that it is no longer usable. There are no indications of errors, exceptions, or warnings related to this block's operations prior to its invalidation. The log does not suggest any retries or failures associated with this block, nor does it indicate that the block was in an inconsistent state prior to being marked invalid. Overall, the block appears to have been removed from the system without any reported issues during its lifecycle."
blk_8871064397020855320,"The block with ID blk_8871064397020855320 was marked as invalid and added to the invalid set, indicating that it is no longer usable. There are no indications of errors, exceptions, or warnings related to this block's operations prior to its invalidation. The block did not undergo any successful operations or retries, and it appears to have been directly flagged as invalid without any prior healthy state or replication attempts. As a result, the block is now in an inconsistent state and is considered lost."
blk_8483848473254499625,"The block blk_8483848473254499625 was deleted without any indication of errors or issues. There were no retries or failures noted in the log lines, and the block did not end up in an inconsistent state. The operation was completed normally, resulting in the successful removal of the block from the filesystem."
blk_-9188933731705791676,"The block blk_-9188933731705791676 was successfully received with a size of 67,108,864 bytes. There were no errors, exceptions, or warnings reported during this operation, indicating that the block was handled normally and completed without any issues. The block is in a healthy state with no inconsistencies or unusual patterns noted."
blk_-8898274302731129139,"The block blk_-8898274302731129139 was deleted successfully without any errors or warnings. There were no indications of failures, retries, or issues related to replication or consistency. The operation completed normally, resulting in the block being removed from the file system."
blk_-8014701913801168461,"The block blk_-8014701913801168461 was deleted without any indication of errors or issues. There were no warnings, exceptions, or failures reported during this operation, suggesting that the deletion process completed normally and the block is no longer present in the system. There is no evidence of the block being in an inconsistent state prior to deletion."
blk_-8775602795571523802,"The block blk_-8775602795571523802 was deleted from two different directories within the HDFS. There are no indications of errors, exceptions, or warnings associated with this block, and it appears that the deletion operations were completed successfully without any retries or failures. The block did not end up in an inconsistent state, as it was simply removed from the filesystem."
blk_-7928230000822317050,"The block with ID blk_-7928230000822317050 was deleted without any indication of errors or warnings in the log lines. There were no retries or failures reported, and the block did not end up in an inconsistent state. The operation was completed normally, resulting in the successful removal of the block from the filesystem."
blk_8303413189200230139,"The block blk_8303413189200230139 was deleted without any indication of errors or warnings in the log lines. There were no retries or failures reported, and the block did not end up in an inconsistent state. The operation completed normally, resulting in the successful removal of the block from the filesystem."
blk_-9038475355621289969,"The block blk_-9038475355621289969 was deleted without any indication of errors or warnings in the log lines. There were no retries or failures reported, and the block did not end up in an inconsistent state. The operation completed normally, resulting in the successful removal of the block from the filesystem."
blk_4263664068073345850,"The block blk_4263664068073345850 was successfully received with a size of 67,108,864 bytes. There were no errors, exceptions, or warnings reported during the operation, indicating that the block was processed normally and is in a healthy state. All operations related to this block completed successfully without any retries or failures."
blk_-8848810702648406400,"The block blk_-8848810702648406400 was deleted without any indication of errors or warnings in the log lines. There were no operations reported that suggest the block was in an inconsistent state, under-replicated, or corrupted prior to deletion. The deletion appears to have been a routine operation with no retries or failures noted."
blk_-6997219177553478996,"The log indicates that PacketResponder 2 for block blk_-6997219177553478996 terminated, but there are no specific errors, exceptions, or warnings reported. There are no indications of retries, failures, or any unusual patterns. The block appears to be in a healthy state with routine operations, as no issues were noted in the log lines."
blk_-2230892279625104430,"The block with ID blk_-2230892279625104430 was successfully allocated without any errors or warnings. The operation completed normally, indicating that the block is healthy and in a consistent state. There were no retries, failures, or unusual patterns observed during this operation."
blk_-7515058933811567980,"The block blk_-7515058933811567980 was deleted without any indication of errors or warnings in the log lines. There were no operations that failed or were retried, and the block did not end up in an inconsistent state. The deletion appears to have been a routine operation."
blk_-8484827087450439270,"The block blk_-8484827087450439270 was deleted without any indication of errors, exceptions, or warnings. There were no retries or failures reported during this operation. The block does not appear to have ended up in an inconsistent state, as the deletion process was completed normally. There are no unusual patterns or behaviors noted in the log lines for this block."
blk_-8144387882075572886,"The block blk_-8144387882075572886 was deleted without any indication of errors or issues. There are no recorded exceptions, warnings, or failures associated with this operation. The block appears to have been removed successfully, indicating a routine operation with no unusual patterns or inconsistencies."
blk_-8383503596684323017,"The block blk_-8383503596684323017 was deleted without any indication of errors or issues in the log lines. There were no retries, failures, or warnings associated with this operation. The block appears to have been removed successfully, and there are no signs of it being in an inconsistent state, such as being under-replicated or corrupted. Overall, the operation was routine and completed normally."
blk_-8796256534683400159,"The block blk_-8796256534683400159 was deleted successfully without any errors or warnings. There were no indications of failures or retries, and the block did not end up in an inconsistent state. The operation was routine and completed normally."
blk_4098532420907418423,"The block blk_4098532420907418423 was successfully received with a size of 67,108,864 bytes. There were no errors, exceptions, or warnings reported during the operation, indicating that the block was processed normally and is in a healthy state."
blk_-4368236874477798428,"The block blk_-4368236874477798428 was deleted successfully without any errors or warnings. There were no indications of issues such as replication failures, missing blocks, or inconsistencies. The operation completed normally, resulting in the block being removed from the system."
blk_-4223625526513535681,"The block blk_-4223625526513535681 was deleted without any indication of errors or warnings in the log lines. There were no retries or failures reported, and the block did not end up in an inconsistent state. The operation completed normally, resulting in the successful deletion of the block."
blk_-6400421658804613208,"The block blk_-6400421658804613208 was deleted without any indication of errors or issues. There were no retries or failures reported, and the block did not end up in an inconsistent state. The operation completed normally, resulting in the successful removal of the block from the file system."
blk_-5880591395067598620,"The block blk_-5880591395067598620 was deleted without any indication of errors or warnings in the log lines. There were no retries or failures noted, and the block did not end up in an inconsistent state. The operation was completed normally, resulting in the successful removal of the block from the file system."
blk_-7096508472270520039,"The block blk_-7096508472270520039 was deleted without any indication of errors or issues. There are no records of operations failing, retries, or warnings associated with this block. The deletion appears to have been a routine operation, and the block did not end up in an inconsistent state."
blk_-1939956833921604216,"The block blk_-1939956833921604216 was deleted without any indication of errors or issues. There are no recorded exceptions, warnings, or failures associated with this operation, suggesting that the deletion was routine and completed successfully. The block did not end up in an inconsistent state, as there were no indications of under-replication, corruption, or loss."
blk_-3860035787700398391,"The block blk_-3860035787700398391 was deleted successfully without any reported errors or exceptions. There were no indications of failures, retries, or inconsistencies associated with this block. The operation completed normally, resulting in the block being removed from the filesystem."
blk_-6008397446568765070,"The block blk_-6008397446568765070 was deleted without any indication of errors or issues. There were no warnings, exceptions, or failures reported during the operation. The block appears to have been removed successfully, indicating that it was in a healthy state prior to deletion."
blk_-2425070029518924403,"The block blk_-2425070029518924403 was deleted without any indication of errors or exceptions in the log lines. There were no retries or failures reported, and the block did not end up in an inconsistent state. The operation was completed normally, indicating that the block was removed as intended."
blk_826351419727053015,"The block blk_826351419727053015 was deleted successfully from the HDFS. There are no indications of errors, exceptions, or warnings associated with this operation, and the block did not end up in an inconsistent state. The deletion appears to have been routine with no retries or failures noted."
blk_-3437475890798229344,"The block blk_-3437475890798229344 was deleted successfully without any reported errors or exceptions. There were no indications of failures, retries, or unusual behavior associated with this operation. The block is no longer present in the system, and its deletion appears to have been routine and without complications."
blk_-1492402439215451727,"The block blk_-1492402439215451727 was deleted without any indication of errors or warnings. There are no records of failed operations, retries, or inconsistencies associated with this block. The deletion appears to have been routine, suggesting that the block was removed successfully and did not encounter any issues during the process."
blk_-4298255715894292387,"The block blk_-4298255715894292387 was deleted without any indication of errors or issues in the log lines. There are no recorded exceptions, warnings, or failures associated with this operation. The block appears to have been removed successfully, and there are no signs of it being in an inconsistent state, such as being under-replicated or corrupted. Overall, the operation was routine and completed normally."
blk_-4295805058711840933,"The block blk_-4295805058711840933 was deleted without any indication of errors or warnings in the log lines. There were no retries or failures reported during this operation, and the block did not end up in an inconsistent state. The deletion appears to have been a routine operation, with no unusual patterns or issues noted."
blk_830855781964014378,"The block blk_830855781964014378 was deleted successfully without any errors, exceptions, or warnings. There were no indications of failures or retries, and the block did not end up in an inconsistent state. The operation completed normally, indicating routine maintenance or cleanup activity."
blk_8291708741145026623,"The block blk_8291708741145026623 was deleted without any indication of errors, exceptions, or warnings in the log lines. There were no retries or failures noted, and the block did not end up in an inconsistent state. The operation completed normally, resulting in the successful deletion of the block."
blk_-921231092429668424,"The block blk_-921231092429668424 was deleted without any indication of errors or warnings in the log lines. There were no retries or failures noted, and the block did not end up in an inconsistent state. The operation completed normally, resulting in the successful deletion of the block."
blk_-1581605246928123722,"The block blk_-1581605246928123722 was deleted without any indication of errors or warnings in the log lines. There were no retries or failures reported, and the block did not end up in an inconsistent state. The operation was completed normally, indicating a routine deletion process."
blk_-2445347158368483245,"The block blk_-2445347158368483245 was deleted without any indication of errors or issues. There were no retry attempts or failures logged, and the block did not end up in an inconsistent state. The operation completed normally, resulting in the successful removal of the block from the filesystem."
blk_-1897524391075610396,"The block blk_-1897524391075610396 was deleted successfully without any errors or warnings. There were no indications of failures, retries, or inconsistencies related to this block. The operation completed normally, resulting in the block being removed from the system."
blk_-8588908000680498,"The block blk_-8588908000680498 was deleted without any indication of errors or issues. There were no exceptions, warnings, or failures logged during this operation, suggesting that the deletion process completed normally and the block is no longer present in the system. There are no signs of inconsistency, corruption, or loss related to this block."
blk_561417755647618727,"The block blk_561417755647618727 was deleted without any indication of errors or issues. There are no records of operations being retried or failed, and the block did not end up in an inconsistent state. The deletion appears to have been a routine operation."
blk_-6127741703501838658,"The block blk_-6127741703501838658 was deleted successfully without any reported errors or exceptions. There were no indications of retries or failures during this operation, and the block did not end up in an inconsistent state. The deletion process appears to have been routine and completed normally."
blk_-3636681193077858741,"The block blk_-3636681193077858741 was deleted without any indication of errors or issues. There are no recorded exceptions, warnings, or retries associated with this operation. The block appears to have been removed successfully, indicating that it was likely in a healthy state prior to deletion."
blk_-643763844763678010,"The block blk_-643763844763678010 was deleted without any indication of errors or warnings in the log lines. There were no operations reported that suggest the block was in an inconsistent state, under-replicated, or corrupted prior to deletion. The deletion appears to have been a routine operation."
blk_-2826763604408365998,"The block blk_-2826763604408365998 was deleted without any indication of errors or warnings in the log lines. There were no retries or failures reported, and the block did not end up in an inconsistent state. The operation completed normally, resulting in the successful deletion of the block."
blk_2278708746675870163,"The block blk_2278708746675870163 was deleted successfully without any errors or warnings reported. There were no indications of issues such as replication failures, missing block errors, or inconsistencies. The operation completed normally, and the block is no longer present in the system."
blk_153508158653341141,"The block blk_153508158653341141 was deleted successfully without any reported errors or exceptions. There were no indications of failures, retries, or inconsistencies associated with this block. The operation completed normally, resulting in the block being removed from the HDFS."
blk_-1775264355226395799,"The block blk_-1775264355226395799 was deleted without any indication of errors or issues. There were no warnings, exceptions, or retries logged, suggesting that the deletion was a routine operation and the block was removed successfully. The block did not end up in an inconsistent state, as there were no indications of corruption or under-replication prior to its deletion."
blk_-1599621098605751235,"The block blk_-1599621098605751235 was deleted without any indication of errors or issues. There were no retry attempts or failures logged, and the block did not end up in an inconsistent state. The operation completed normally, resulting in the successful removal of the block from the filesystem."
blk_-1111344660779690782,"The block blk_-1111344660779690782 was deleted without any indication of errors or issues. There are no recorded warnings, exceptions, or failed operations associated with this block. The deletion process appears to have completed normally, and the block did not end up in an inconsistent state, as there were no indications of under-replication, corruption, or loss."
blk_3585588704565901062,"The block blk_3585588704565901062 was deleted successfully without any errors or warnings. There were no indications of issues such as replication failures, inconsistencies, or other operational anomalies. The operation completed normally, resulting in the block being removed from the filesystem."
blk_2756799797410851893,"The block blk_2756799797410851893 was deleted successfully without any reported errors or exceptions. There were no indications of failures, retries, or unusual behavior associated with this operation. The block is no longer present in the system, and its deletion appears to have been routine."
blk_7323287581932922676,"The block blk_7323287581932922676 was deleted from the HDFS without any indication of errors or issues. There were no retries, failures, or warnings logged during this operation, suggesting that the deletion was executed successfully and the block is no longer present in the system. The block did not end up in an inconsistent state, as there were no indications of corruption or under-replication."
blk_-4935573595350235765,"The block blk_-4935573595350235765 was successfully received with a size of 67,108,864 bytes. There were no errors, exceptions, or warnings reported during the operation, indicating that the block was handled normally without any issues. The block is in a healthy state with no signs of under-replication, corruption, or loss."
blk_496376132244907301,"The block blk_496376132244907301 was successfully allocated without any errors or exceptions. The operation completed normally, indicating that the block is healthy and in a consistent state. There were no retries, failures, or unusual patterns noted during this operation."
blk_2731617036199392057,"The block blk_2731617036199392057 was deleted successfully without any reported errors or exceptions. There were no indications of failures, retries, or inconsistencies related to this block. The operation completed normally, resulting in the block being removed from the filesystem."
blk_7190156588310412626,"The block blk_7190156588310412626 was deleted successfully without any reported errors or exceptions. There were no indications of failures, retries, or issues related to replication, corruption, or inconsistency. The operation completed normally, resulting in the block being removed from the filesystem."
blk_8189008752707332487,"The block blk_8189008752707332487 was deleted without any indication of errors or warnings. There were no retries or failures reported during this operation, and the block does not appear to have ended up in an inconsistent state. The deletion process was completed normally."
blk_6828263829429857572,"The block blk_6828263829429857572 was deleted successfully without any errors or warnings reported. There were no indications of issues such as replication failures, missing blocks, or inconsistencies. The operation completed normally, and the block is no longer present in the system."
blk_8492196963764530259,"The block blk_8492196963764530259 was deleted without any indication of errors or warnings in the log lines. There were no operations reported that suggest the block was in an inconsistent state, under-replicated, or corrupted prior to deletion. The deletion appears to have been a routine operation."
blk_7942183449206967755,"The block blk_7942183449206967755 was deleted successfully without any errors or warnings. There were no indications of issues such as replication failures, missing block errors, or inconsistencies. The operation completed normally, and the block is no longer present in the system."
blk_6223504502438507199,"The block blk_6223504502438507199 was deleted without any indication of errors or exceptions. There were no retries or failures reported during this operation, and the block did not end up in an inconsistent state. The deletion appears to have been a routine operation with no unusual patterns or issues noted."
blk_7519257846502835091,"The block blk_7519257846502835091 was deleted successfully without any errors or warnings. There were no indications of failures or retries during this operation, and the block did not end up in an inconsistent state. The deletion process completed normally."
blk_5272005015837990021,"The block blk_5272005015837990021 was deleted without any indication of errors or warnings in the log lines. There were no retry attempts or failures noted, and the block did not end up in an inconsistent state. The operation appears to have completed normally, resulting in the successful deletion of the block."
blk_7090935285617451450,"The block blk_7090935285617451450 was deleted without any indication of errors or issues. There are no recorded exceptions, warnings, or retries associated with this operation, suggesting that the deletion was routine and completed successfully. The block did not end up in an inconsistent state, as it was simply removed from the filesystem."
blk_8145984793403459836,"The block blk_8145984793403459836 was deleted without any indication of errors or issues. There were no retries or failures reported during this operation, and the block did not end up in an inconsistent state. The deletion appears to have been a routine operation."
blk_7603278760520020831,"The block blk_7603278760520020831 was deleted without any indication of errors or issues. There were no retries, exceptions, or warnings logged during this operation, suggesting that the deletion was routine and completed successfully. The block did not end up in an inconsistent state, as it was simply removed from the file system."
blk_9169945668827621796,"The block blk_9169945668827621796 was deleted without any indication of errors or issues. There are no recorded exceptions, warnings, or failures associated with this operation, suggesting that the deletion was routine and completed successfully. The block did not end up in an inconsistent state, and there were no retries or unusual patterns noted in the log lines."
blk_-5668584889663038916,"The block blk_-5668584889663038916 was successfully received with a size of 67,108,864 bytes. There were no errors, exceptions, or warnings reported during the operation, indicating that the block was handled normally without any issues. The block is in a healthy state with no signs of under-replication, corruption, or loss."
blk_5277338321835341602,"The block blk_5277338321835341602 was successfully added to the blockMap, indicating that it was stored correctly without any errors or exceptions. The operation completed normally, and the block is healthy with no indications of issues such as under-replication, corruption, or loss."
blk_6973321719929905054,"The block blk_6973321719929905054 was deleted without any indication of errors or issues. There were no retries, failures, or warnings logged during this operation. The block did not end up in an inconsistent state, as it was successfully removed from the filesystem. Overall, the operation was routine and completed normally."
blk_5948455948626091880,"The block blk_5948455948626091880 was deleted successfully without any errors or warnings. There were no indications of issues such as replication failures, missing blocks, or inconsistencies. The operation completed normally, resulting in the block being removed from the file system."
blk_-3684613761619321001,"The block blk_-3684613761619321001 was successfully added to the blockMap with a size of 67,108,864 bytes. There were no errors, exceptions, or warnings reported during this operation, indicating that the block is healthy and all operations completed normally without any issues."
blk_6497260538939100482,"The block blk_6497260538939100482 was deleted successfully. There are no errors, exceptions, or warnings noted in the log lines, indicating that the deletion operation was routine and completed without issues. The block did not end up in an inconsistent state, and there were no retries or failures associated with this operation."
blk_-6991853982611346454,"The block blk_-6991853982611346454 experienced a termination of its PacketResponder, indicating that the process responsible for handling packet acknowledgments for this block has completed its operation. There are no indications of errors, exceptions, or warnings in the log lines provided, suggesting that the block is in a healthy state with routine operations completed normally. No retries, failures, or inconsistencies were noted for this block."
blk_6140788650991100539,"The block with ID blk_6140788650991100539 was successfully allocated without any errors or warnings. The operation completed normally, indicating that the block is healthy and in a consistent state. There were no retries, failures, or unusual patterns observed during this operation."
blk_7754477838724397551,"The block blk_7754477838724397551 was deleted successfully from the HDFS. There are no errors, exceptions, or warnings reported in the log lines, indicating that the deletion operation completed normally without any issues. The block does not appear to be in an inconsistent state, as it was removed as intended."
blk_-3452734573703603740,"The block blk_-3452734573703603740 experienced a termination of its PacketResponder, indicating that there were no further operations or responses being processed for this block. There are no recorded errors, exceptions, or warnings associated with this block, suggesting that it was handled normally without any issues. The block remains in a healthy state with no indications of under-replication, corruption, or loss."
blk_-4034227974316905164,"The block blk_-4034227974316905164 was successfully received with a size of 67,108,864 bytes. There were no errors, exceptions, or warnings reported during the operation, indicating that the block was processed normally without any issues. The block is in a healthy state with no inconsistencies or failures noted."
blk_-2016403519138424998,"The block with ID blk_-2016403519138424998 was successfully allocated without any errors or warnings. The operation completed normally, indicating that the block is healthy and in a consistent state. There were no retries, failures, or unusual patterns observed during this operation."
blk_2972699288862031202,"The block blk_2972699288862031202 was received successfully without any errors or exceptions. The operation completed normally, indicating that the block is healthy and in a consistent state. There were no retries, failures, or unusual patterns observed during this operation."
blk_-4956232013010963754,"The block blk_-4956232013010963754 was successfully received without any reported errors, exceptions, or warnings. The operation completed normally, indicating that the block is healthy and in a consistent state. There were no retries or failures noted during the process."
blk_8894334107354324777,"The block blk_8894334107354324777 was successfully added to the block map with a size of 3,549,832 bytes. There were no errors, exceptions, or warnings reported during this operation, indicating that the block is healthy and all operations completed normally."
blk_-6035642070260562886,"The block blk_-6035642070260562886 experienced a termination of its PacketResponder, indicating that the communication for this block may have been interrupted or completed without further issues. There are no specific errors, exceptions, or warnings noted in the log lines, suggesting that the block did not encounter any significant operational failures or inconsistencies. The operations related to this block appear to have completed normally without any retries or failures, and it remains in a healthy state."
blk_4802366409699286298,"The block blk_4802366409699286298 was successfully added to the block map with a size of 3,547,304 bytes. There were no errors, exceptions, or warnings reported during this operation, indicating that the block was handled normally and is in a healthy state. No retries or failures occurred, and the block is fully replicated without any inconsistencies."
blk_-1753161039594546561,"The block blk_-1753161039594546561 was received successfully without any reported errors or exceptions. The operation completed normally, indicating that the block is healthy and in a consistent state. There were no retries, failures, or unusual patterns observed during this operation."
blk_859668537217019080,"The block blk_859668537217019080 experienced a termination of its PacketResponder, indicating that the data transfer process for this block was completed. There are no recorded errors, exceptions, or warnings associated with this block, suggesting that all operations were executed normally without any retries or failures. The block remains in a healthy state with no indications of being under-replicated, corrupted, or lost."
blk_-2073265102548439691,"The block with ID blk_-2073265102548439691 was successfully allocated without any errors or warnings. The operation completed normally, indicating that the block is healthy and in a consistent state. There were no retries, failures, or unusual patterns observed during this operation."
blk_3083630442630693250,"The block blk_3083630442630693250 was received successfully with a size of 67,108,864 bytes. There were no errors, exceptions, or warnings reported during the operation, indicating that the block was processed normally and is in a healthy state. All operations related to this block completed without any issues."
blk_-4624597753370705281,"The block blk_-4624597753370705281 experienced a termination of the PacketResponder, indicating that the data transfer process was completed without any reported errors or exceptions. There were no indications of retries, failures, or any issues such as under-replication or corruption. The block appears to be in a healthy state following routine operations."
blk_-5236578579938215340,"The block blk_-5236578579938215340 was successfully received with a size of 67,108,864 bytes from a datanode. No errors, exceptions, or warnings were reported during the operation, indicating that the block was processed normally and is in a healthy state. There were no retries or failures, and the block is not under-replicated, corrupted, or lost. All operations related to this block completed successfully."
blk_-6592952246351162022,"The block blk_-6592952246351162022 was successfully added to the block map with a size of 67,108,864 bytes. There were no errors, exceptions, or warnings reported during this operation, indicating that the block is healthy and the addition was routine. No retries or failures occurred, and the block remains in a consistent state."
blk_-3329473910909732817,"The block with ID blk_-3329473910909732817 was successfully added to the block map, indicating that it is healthy and has completed its storage operation without any errors or warnings. The block size is 64 MB, and there were no indications of retries, failures, or inconsistencies. All operations related to this block were performed normally."
blk_-1347057913082589493,"The block blk_-1347057913082589493 was deleted without any indication of errors or warnings in the log lines. There were no retries or failures reported, and the block did not end up in an inconsistent state. The operation completed normally, resulting in the successful deletion of the block."
blk_-8198423074054354279,"The block blk_-8198423074054354279 was successfully received without any errors or exceptions. The operation was completed normally, indicating that the block is healthy and in a consistent state. There were no retries, failures, or unusual patterns observed during this operation."
blk_391813102554451063,"The block blk_391813102554451063 experienced a termination of its PacketResponder, which typically indicates that the communication between the NameNode and DataNode for this block was interrupted or completed without errors. There are no indications of errors, exceptions, or warnings related to this block, and it appears that the operations associated with it were completed normally. The block remains in a healthy state with no signs of being under-replicated, corrupted, or lost."
blk_-6449891932967810179,"The block blk_-6449891932967810179 was successfully added to the block map with a size of 67,108,864 bytes. There were no errors, exceptions, or warnings reported during this operation, indicating that the block is healthy and all operations completed normally."
blk_-8563999607069929505,"The block blk_-8563999607069929505 was successfully received without any errors or exceptions reported. The operation completed normally, indicating that the block is healthy and in a consistent state. There were no retries, failures, or unusual patterns observed during this operation."
blk_-4304240611296196935,"The block blk_-4304240611296196935 was deleted without any indication of errors or issues. There are no records of failed operations, retries, or warnings associated with this block. It appears that the deletion process was completed normally, and the block did not end up in an inconsistent state."
blk_-3663004104512304532,"The block blk_-3663004104512304532 was successfully added to the block map with a size of 67,108,864 bytes. There were no errors, exceptions, or warnings reported during the operation, indicating that the block is healthy and all operations completed normally."
blk_-6909607053783233975,"The block with ID blk_-6909607053783233975 was successfully allocated without any errors or exceptions. The operation completed normally, indicating that the block is healthy and in a consistent state. There were no retries, failures, or unusual patterns observed during this process."
blk_-2141627858612526069,"The block blk_-2141627858612526069 was successfully received with a size of 67,108,864 bytes. There were no errors, exceptions, or warnings reported during the operation, indicating that the block was processed normally and is in a healthy state. All operations related to this block completed without issues."
blk_5272731391668336674,"The block blk_5272731391668336674 was successfully received without any reported errors or exceptions. The operation completed normally, indicating that the block is healthy and in a consistent state. There were no retries, failures, or unusual patterns observed during this operation."
blk_5491101910066444061,"The block blk_5491101910066444061 was successfully added to the block map with a size of 67,108,864 bytes. There were no errors, exceptions, or warnings reported during this operation, indicating that the block is healthy and has been stored without any issues. The operation completed normally without any retries or failures, and the block is in a consistent state."
blk_5075966182561035053,"The block blk_5075966182561035053 was deleted without any indication of errors or warnings in the log lines. There were no retries or failures reported, and the block did not end up in an inconsistent state. The operation was completed normally, resulting in the successful removal of the block from the filesystem."
blk_-5421365489363678155,"The block blk_-5421365489363678155 was successfully received with a size of 67,108,864 bytes. There were no errors, exceptions, or warnings reported during this operation, indicating that the block was handled normally without any issues. The block is in a healthy state with no indication of under-replication, corruption, or loss."
blk_2294700909811950327,"The block blk_2294700909811950327 was successfully received with a size of 67,108,864 bytes. There were no errors, exceptions, or warnings reported during the operation, indicating that the block was handled normally without any issues. The block is in a healthy state with no indications of under-replication, corruption, or loss."
blk_7224257732880626802,"The block blk_7224257732880626802 was successfully received with a size of 67,108,864 bytes. There were no errors, exceptions, or warnings reported during the operation, indicating that the block was handled normally and completed without any issues. The block is in a healthy state with no inconsistencies or unusual patterns observed."
blk_-8049908920306758342,"The block blk_-8049908920306758342 was successfully received with a size of 67,108,864 bytes. There were no errors, exceptions, or warnings reported during the operation, indicating that the block was handled normally without any issues. The block is in a healthy state with no inconsistencies or unusual patterns noted."
blk_-6582383997201802925,"The block with ID blk_-6582383997201802925 was successfully added to the block map, indicating that it was stored correctly with a size of 67,108,864 bytes. There were no errors, exceptions, or warnings reported during the operation, and the block appears to be in a healthy state with no issues related to replication or consistency."
blk_6746178639682808096,"The block blk_6746178639682808096 was successfully received from a datanode, indicating that the initial operation completed normally without any errors or exceptions. There were no indications of retries, failures, or inconsistencies, and the block appears to be in a healthy state."
blk_-5363213609331400263,"The block blk_-5363213609331400263 was successfully added to the block map with a size of 67,108,864 bytes. There were no errors, exceptions, or warnings reported during this operation, indicating that the block is healthy and in a consistent state. All operations completed normally without any retries or failures."
blk_-5586529360624346565,"The block blk_-5586529360624346565 was successfully received with a size of 67,108,864 bytes. There were no errors, exceptions, or warnings reported during the operation, indicating that the block was handled normally without any issues. The block is in a healthy state with no inconsistencies or unusual patterns observed."
blk_2063252936853409868,"The block blk_2063252936853409868 was successfully received with a size of 67,108,864 bytes. There were no errors, exceptions, or warnings reported during the operation, indicating that the block was handled normally without any issues. The block is in a healthy state with no indications of under-replication, corruption, or loss."
blk_8752665860595246441,"The block blk_8752665860595246441 was received successfully without any errors or exceptions. The operation completed normally, indicating that the block is healthy and in a consistent state. There were no indications of retries, failures, or unusual patterns during this operation."
blk_2974262690755997396,"The block blk_2974262690755997396 experienced a termination of its PacketResponder, indicating that the block was likely not fully processed or acknowledged by the datanodes. There are no specific errors, exceptions, or warnings indicating failures or issues with replication, so the block appears to be in a healthy state despite the termination of the PacketResponder. No unusual patterns or retries were noted, suggesting that the operations related to this block completed normally without any significant issues."
blk_-7030770677241078854,"The block with ID blk_-7030770677241078854 was successfully added to the block map, indicating that it was stored correctly with a size of 67,108,864 bytes. There were no errors, exceptions, or warnings reported during this operation, and the block appears to be in a healthy state with no indications of under-replication, corruption, or loss. All operations completed normally."
blk_3318864983801406136,"The block blk_3318864983801406136 experienced a termination of its PacketResponder, indicating that the data transfer process was completed without any reported errors or exceptions. There were no indications of retries, failures, or inconsistencies, suggesting that the block remained healthy and all operations were performed normally."
blk_-5255262711039499896,"The block with ID blk_-5255262711039499896 was successfully allocated without any errors or warnings. The operation completed normally, indicating that the block is healthy and in a consistent state. There were no retries, failures, or unusual patterns noted during this process."
blk_-3612946656596896413,"The block blk_-3612946656596896413 was successfully received without any reported errors or exceptions. The operation was completed normally, indicating that the block is healthy and in a consistent state. There were no retries, failures, or unusual patterns observed during this operation."
blk_8751697793900992450,"The block blk_8751697793900992450 was successfully received with a size of 67,108,864 bytes. There were no errors, exceptions, or warnings reported during the operation, indicating that the block was handled normally without any issues. The block is in a healthy state with no indication of under-replication, corruption, or loss."
blk_5816171803790152026,"The block blk_5816171803790152026 was successfully received without any errors or exceptions. The operation completed normally, indicating that the block is healthy and in a consistent state. There were no retries, failures, or unusual patterns noted during this operation."
blk_-6068587951382721748,"The block blk_-6068587951382721748 was successfully added to the block map with a size of 67,108,864 bytes. There were no errors, exceptions, or warnings reported during this operation, indicating that the block was handled normally and is in a healthy state."
blk_5782729236964719738,"The block with ID blk_5782729236964719738 was successfully allocated without any reported errors, exceptions, or warnings. The operation completed normally, indicating that the block is healthy and in a consistent state. There were no retries or failures associated with this block allocation."
blk_-2856928563366064757,"The block blk_-2856928563366064757 was successfully received with a size of 67,108,864 bytes. There were no errors, exceptions, or warnings reported during this operation, indicating that the block was handled normally without any issues. The block is in a healthy state with no indications of under-replication, corruption, or loss."
blk_8348114876238571434,"The block blk_8348114876238571434 experienced a termination of its PacketResponder, indicating that there were no ongoing operations or errors reported for this block. There were no specific errors, exceptions, or warnings noted in the log lines, suggesting that the block is in a healthy state with routine operations completed normally."
blk_1744485040428751334,"The block blk_1744485040428751334 was successfully received without any errors or exceptions. The operation completed normally, indicating that the block is healthy and in a consistent state. No retries, failures, or unusual patterns were noted during this operation."
blk_-7592643790414500555,"The block with ID blk_-7592643790414500555 was successfully allocated without any errors or warnings. The operation completed normally, indicating that the block is healthy and in a consistent state. There were no retries, failures, or unusual patterns observed during this operation."
blk_-5960135894031733009,"The block blk_-5960135894031733009 was successfully received with a size of 67,108,864 bytes. There were no errors, exceptions, or warnings reported during the operation, indicating that the block was handled normally and completed without issues. The block is in a healthy state with no indications of under-replication, corruption, or loss."
blk_8952177028039691517,"The block blk_8952177028039691517 was successfully added to the block map with a size of 67,108,864 bytes. There were no errors, exceptions, or warnings reported during the operation, indicating that the block was handled normally and is in a healthy state."
blk_939695665085237271,"The block blk_939695665085237271 was successfully added to the block map with a size of 67,108,864 bytes. There were no errors, exceptions, or warnings reported during this operation, indicating that the block was handled normally and is in a healthy state."
blk_6374836031306809839,"The block with ID blk_6374836031306809839 was successfully allocated without any errors or exceptions. The operation completed normally, indicating that the block is healthy and in a consistent state. There were no retries, failures, or unusual patterns observed during this process."
blk_1394107495884949139,"The block blk_1394107495884949139 was successfully received without any errors or exceptions. The operation completed normally, indicating that the block is healthy and in a consistent state. There were no retries, failures, or unusual patterns observed during this operation."
blk_-1751996688557225241,"The block blk_-1751996688557225241 experienced a routine operation with the PacketResponder terminating without any reported errors, exceptions, or warnings. There were no indications of retries, failures, or inconsistencies, suggesting that the block is in a healthy state with all operations completing normally."
blk_-3990317238913332296,"The block with ID blk_-3990317238913332296 was successfully added to the block map, indicating that it was stored correctly on the datanode. There were no errors, exceptions, or warnings reported during this operation, and the block appears to be healthy with a size of 67,108,864 bytes. No retries or failures were noted, and the block is not in an inconsistent state. All operations completed normally."
blk_7837529475466774167,"The block blk_7837529475466774167 experienced a termination of its PacketResponder, indicating that there may have been issues with data transmission or acknowledgment. However, there are no specific errors, exceptions, or warnings indicating failures or inconsistencies related to this block. The block appears to be in a healthy state, as there are no indications of under-replication, corruption, or loss."
blk_1057763407402503745,"The block blk_1057763407402503745 was successfully received without any errors or exceptions. The operation completed normally, indicating that the block is healthy and in a consistent state. There were no retries, failures, or unusual patterns observed during this operation."
blk_8988793695103110546,"The block blk_8988793695103110546 was successfully added to the block map with a size of 67,108,864 bytes. There were no errors, exceptions, or warnings reported during this operation, indicating that the block was handled normally and is in a healthy state."
blk_-5340841684362207777,"The block blk_-5340841684362207777 was successfully received with a size of 67,108,864 bytes. There were no errors, exceptions, or warnings reported during this operation, indicating that the block was processed normally without any issues. The block is in a healthy state with no indication of under-replication, corruption, or loss."
blk_-2600305892036631113,"The block with ID blk_-2600305892036631113 was successfully added to the block map, indicating that it has been stored correctly without any errors or exceptions. The operation completed normally, and the block is healthy with a size of 67,108,864 bytes. There were no indications of retries, failures, or any inconsistent states."
blk_-2144263949276079479,"The block with ID blk_-2144263949276079479 was successfully added to the block map with a size of 3,547,172 bytes. There were no errors, exceptions, or warnings reported during this operation, indicating that the block is healthy and all operations completed normally without any issues."
blk_-6927870228542972281,"The block blk_-6927870228542972281 was successfully received without any errors or exceptions. The operation completed normally, indicating that the block is healthy and in a consistent state. There were no retries, failures, or unusual patterns observed during this operation."
blk_6610244864386894422,"The block blk_6610244864386894422 experienced a termination of its PacketResponder, indicating that the communication for this block was interrupted or completed without any further actions. There are no recorded errors, exceptions, or warnings associated with this block, suggesting that it did not encounter any issues during its operations. The block appears to be in a healthy state with no indications of under-replication, corruption, or loss."
blk_774612454978154966,"The block blk_774612454978154966 underwent a verification process that completed successfully, indicating that the block is healthy and consistent without any errors or issues. No errors, exceptions, or warnings were reported during the operations, and there were no retries or failures noted. The block remains in a stable state."
blk_6672666770563118759,"The block blk_6672666770563118759 was successfully received without any errors or exceptions. The operation was completed normally, indicating that the block is healthy and in a consistent state. There were no retries, failures, or unusual patterns noted during this operation."
blk_4783621682384104986,"The block blk_4783621682384104986 was successfully received without any reported errors or exceptions. The operation completed normally, indicating that the block is healthy and in a consistent state. There were no retries, failures, or unusual patterns observed during this operation."
blk_-1387034299358896632,"The block blk_-1387034299358896632 experienced a termination of the PacketResponder, indicating that the data transfer process for this block was interrupted. There are no indications of errors, exceptions, or warnings related to this block, nor any mention of retries or failures. The block appears to be in a healthy state, with no signs of inconsistency, corruption, or loss. Operations related to this block completed normally without any reported issues."
blk_-5012639079435860269,"The block blk_-5012639079435860269 was successfully added to the blockMap with a size of 67,108,864 bytes. There were no errors, exceptions, or warnings reported during this operation, indicating that the block is healthy and all operations completed normally."
blk_5600017220681756254,"The block blk_5600017220681756254 was successfully received with a size of 67,108,864 bytes. There were no errors, exceptions, or warnings reported during the operation, indicating that the block was handled normally without any issues. The block is in a healthy state with no inconsistencies or failures noted."
blk_8235751201501175836,"The block blk_8235751201501175836 was successfully received without any errors or exceptions. The operation completed normally, indicating that the block is healthy and in a consistent state. There were no retries, failures, or unusual patterns observed during this operation."
blk_-8838161455213213548,"The block blk_-8838161455213213548 was successfully received without any reported errors or exceptions. The operation completed normally, indicating that the block is healthy and in a consistent state. There were no retries, failures, or unusual patterns observed during this operation."
blk_-3741526967786688540,"The block blk_-3741526967786688540 was successfully received with a size of 67,108,864 bytes. There were no errors, exceptions, or warnings reported during the operation, indicating that the block was processed normally without any issues. The block is in a healthy state with no indications of being under-replicated, corrupted, or lost."
blk_120277101968534224,"The block blk_120277101968534224 was successfully received with a size of 67,108,864 bytes. There were no errors, exceptions, or warnings reported during this operation, indicating that the block was processed normally and is in a healthy state. All operations related to this block completed successfully without any retries or failures."
blk_7535677865140289610,"The block blk_7535677865140289610 was successfully received without any errors or exceptions. The operation completed normally, indicating that the block is healthy and in a consistent state. No retries, failures, or unusual patterns were observed during this operation."
blk_-5814328448485070742,"The block blk_-5814328448485070742 was successfully received with a size of 67,108,864 bytes. There were no errors, exceptions, or warnings reported during the operation, indicating that the block was handled normally without any issues. The block is in a healthy state with no indications of being under-replicated, corrupted, or lost."
blk_1021828391502582165,"The block blk_1021828391502582165 was successfully added to the block map with a size of 67,108,864 bytes. There were no errors, exceptions, or warnings reported during this operation, indicating that the block is healthy and all operations completed normally."
blk_3202507081359904616,"The block blk_3202507081359904616 was successfully added to the blockMap, indicating that it was stored correctly with a size of 67,108,864 bytes. There were no errors, exceptions, or warnings reported during this operation, and the block appears to be in a healthy state with no issues related to replication or consistency."
blk_102441832197223997,"The block blk_102441832197223997 was successfully received without any errors or exceptions. The operation completed normally, indicating that the block is healthy and in a consistent state. There were no retries, failures, or unusual patterns noted during this operation."
blk_3242229894054064344,"The block blk_3242229894054064344 was successfully received with a size of 3,540,106 bytes. There were no errors, exceptions, or warnings reported during the operation, indicating that the block was processed normally and is in a healthy state. All operations related to this block completed successfully without any retries or failures."
blk_-7601381921195183756,"The block blk_-7601381921195183756 was deleted without any indication of errors or issues. There were no retries or failures reported, and the block did not end up in an inconsistent state. The operation was completed normally, indicating that the block was successfully removed from the system."
blk_2157471834570224881,"The block blk_2157471834570224881 was successfully received with a size of 67,108,864 bytes. No errors, exceptions, or warnings were reported during the operation, indicating that the block was handled normally and is in a healthy state. There were no retries or failures, and the block is not under-replicated, corrupted, or lost. All operations completed successfully without any unusual patterns."
blk_-7029628814943626474,"The block blk_-7029628814943626474 was received successfully, but an exception occurred while serving it to another node. The log indicates that there was a failure in the operation to transfer the block, but it does not specify the type of exception or error encountered. There are no indications of retries or additional failures, nor does it suggest that the block ended up in an inconsistent state such as being under-replicated or corrupted. The situation appears to be isolated to the transfer attempt, with no further details on the nature of the exception."
blk_-931590117143327078,"The block blk_-931590117143327078 was successfully received without any errors or exceptions. The operation was completed normally, indicating that the block is healthy and in a consistent state. There were no retries, failures, or unusual patterns noted during the operation."
blk_4967492069970766092,"The block blk_4967492069970766092 experienced a termination of the PacketResponder, indicating that the block was likely not fully processed or acknowledged by the datanodes. There are no indications of errors, exceptions, or warnings related to this block, suggesting that it may not have encountered any significant issues during its operations. However, the termination of the PacketResponder could imply that the block's replication or data transfer process was interrupted or incomplete. Overall, the block's final state is unclear, and further investigation may be needed to determine if it is under-replicated or in any inconsistent state."
blk_-1485317050914225917,"The block blk_-1485317050914225917 experienced a termination of the PacketResponder, indicating that there may have been issues with the communication or data transfer process. However, there are no specific errors, exceptions, or warnings indicating failures or inconsistencies related to this block. The log does not provide evidence of retries, failures, or any unusual patterns, suggesting that the block may not have encountered significant operational issues. Overall, the status of the block remains unclear, but it does not appear to be in an inconsistent state based on the provided log lines."
blk_1727371778357941761,"The block blk_1727371778357941761 was successfully received without any reported errors or exceptions. The operation completed normally, indicating that the block is healthy and in a consistent state. No retries, failures, or unusual patterns were observed during this operation."
blk_-2402036602753320612,"The block blk_-2402036602753320612 was successfully added to the block map with a size of 64 MB. There were no errors, exceptions, or warnings reported during the operation, indicating that the block is healthy and all operations completed normally."
blk_-1849105860762445186,"The block blk_-1849105860762445186 was successfully received with a size of 67,108,864 bytes. There were no errors, exceptions, or warnings reported during this operation, indicating that the block was handled normally without any issues. The block is in a healthy state with no indications of under-replication, corruption, or loss."
blk_-7820996703068538967,"The block blk_-7820996703068538967 was successfully received without any reported errors or exceptions. The operation completed normally, indicating that the block is healthy and in a consistent state. There were no retries, failures, or unusual patterns noted during this operation."
blk_4984150784048864430,"The block blk_4984150784048864430 was successfully allocated without any errors or warnings. The operation completed normally, indicating that the block is healthy and in a consistent state. There were no retries, failures, or unusual patterns observed during this operation."
blk_1646909113279517647,"The block blk_1646909113279517647 was successfully received with a size of 67,108,864 bytes. There were no errors, exceptions, or warnings reported during this operation, indicating that the block was handled normally without any issues. The block is in a healthy state with no inconsistencies or failures noted."
blk_-8145226289286457574,"The block blk_-8145226289286457574 was successfully added to the block map with a size of 67,108,864 bytes. There were no errors, exceptions, or warnings reported during this operation, indicating that the block is healthy and all operations completed normally."
blk_5809900021002850724,"The block blk_5809900021002850724 was successfully added to the block map with a size of 67,108,864 bytes. There were no errors, exceptions, or warnings reported during the operation, indicating that the block was handled normally and is in a healthy state."
blk_2735034460607366827,"The block blk_2735034460607366827 was successfully received without any errors or exceptions. The operation completed normally, indicating that the block is healthy and in a consistent state. No retries, failures, or unusual patterns were noted during this operation."
blk_-7486746679002157277,"The block blk_-7486746679002157277 was successfully received without any errors or exceptions. The operation was completed normally, indicating that the block is healthy and in a consistent state. There were no retries, failures, or unusual patterns noted during this operation."
blk_-8876879715755468215,"The block blk_-8876879715755468215 was successfully received without any errors or exceptions reported. The operation completed normally, indicating that the block is healthy and in a consistent state. No retries, failures, or unusual patterns were observed during this process."
blk_-4139299269696044017,"The block with ID blk_-4139299269696044017 was successfully allocated without any errors or exceptions. The operation completed normally, indicating that the block is healthy and in a consistent state. There were no retries, failures, or unusual patterns noted during this operation."
blk_591323161994959677,"The block blk_591323161994959677 was successfully received without any errors or exceptions. The operation was completed normally, indicating that the block is healthy and in a consistent state. No retries, failures, or unusual patterns were noted during this operation."
blk_-5828360070550196756,"The log indicates that the PacketResponder for block blk_-5828360070550196756 has terminated, but there are no specific errors, exceptions, or warnings reported. There are no indications of retries, failures, or any unusual patterns. The block appears to be in a healthy state with routine operations completed normally."
blk_-7683667795522321323,"The block blk_-7683667795522321323 experienced a termination of its PacketResponder, indicating that the communication for this block was concluded. There are no recorded errors, exceptions, or warnings associated with this block, suggesting that all operations were completed normally without any issues. The block remains in a healthy state with no indications of under-replication, corruption, or loss."
blk_7733243482102436613,"The block blk_7733243482102436613 was received successfully without any errors or exceptions. The operation was completed normally, indicating that the block is healthy and in a consistent state. There were no retries, failures, or unusual patterns observed during this operation."
blk_2980964138205299397,"The block blk_2980964138205299397 was successfully received without any errors or exceptions. The operation completed normally, indicating that the block is healthy and in a consistent state. No retries or failures were noted during this process."
blk_1589878256898761558,"The block blk_1589878256898761558 was successfully added to the block map with a size of 67,108,864 bytes. There were no errors, exceptions, or warnings reported during the operation, indicating that the block was handled normally and is in a healthy state."
blk_-2746863406163228797,"The block blk_-2746863406163228797 was successfully received without any reported errors or exceptions. The operation completed normally, indicating that the block is healthy and in a consistent state. There were no retries, failures, or unusual patterns observed during this operation."
blk_3067558337579347170,"The block blk_3067558337579347170 was successfully received without any errors or exceptions. The operation completed normally, indicating that the block is healthy and in a consistent state. There were no retries, failures, or unusual patterns observed during this operation."
blk_8992894896370738220,"The block blk_8992894896370738220 was successfully received without any errors or exceptions. The operation completed normally, indicating that the block is healthy and in a consistent state. There were no retries, failures, or unusual patterns observed during this operation."
blk_-7230947007726948080,"The block blk_-7230947007726948080 was successfully received without any errors or exceptions. The operation completed normally, indicating that the block is healthy and in a consistent state. There were no retries, failures, or unusual patterns noted during this operation."
blk_1869228153483717375,"The block blk_1869228153483717375 was received successfully with no errors or warnings reported. The operation completed normally, indicating that the block is healthy and in a consistent state. There were no retries or failures noted during this process."
blk_-3949633496933134307,"The block with ID blk_-3949633496933134307 was successfully added to the block map, indicating that it was stored properly without any errors or exceptions. The operation completed normally, and the block size is recorded as 67,108,864 bytes. There were no indications of retries, failures, or any unusual behavior associated with this block. The block remains in a healthy state."
blk_-8745453424063341007,"The block blk_-8745453424063341007 experienced a termination of the PacketResponder, indicating that the process responsible for sending data packets related to this block has concluded. There are no indications of errors, exceptions, or warnings in the log lines provided, suggesting that the operations for this block were completed normally without any issues. The block appears to be in a healthy state with no signs of under-replication, corruption, or loss."
blk_-2117066166574895060,"The block blk_-2117066166574895060 was successfully received with a size of 67,108,864 bytes. There were no errors, exceptions, or warnings reported during the operation, indicating that the block was processed normally without any issues. The block is in a healthy state with no inconsistencies or unusual patterns observed."
blk_512039711533506696,"The block blk_512039711533506696 was successfully added to the block map with a size of 67,108,864 bytes. There were no errors, exceptions, or warnings reported during this operation, indicating that the block was handled normally and is in a healthy state."
blk_6017354285686373326,"The block blk_6017354285686373326 experienced a normal operation with the PacketResponder terminating without any reported errors or exceptions. There were no indications of retries, failures, or inconsistencies, suggesting that the block remained healthy and in a consistent state throughout the operation."
blk_5176855630425795751,"The block blk_5176855630425795751 was successfully added to the block map with a size of 67,108,864 bytes. There were no errors, exceptions, or warnings reported during this operation, indicating that the block was handled normally and is in a healthy state."
blk_-4433556521525567493,"The block blk_-4433556521525567493 was successfully received with a size of 28,492,032 bytes from a datanode. There were no errors, exceptions, or warnings reported during the operation, indicating that the block was handled normally and is in a healthy state. All operations related to this block completed successfully without any retries or failures."
blk_-5321676321043683563,"The block blk_-5321676321043683563 experienced a termination of its PacketResponder, indicating that there may have been issues with the communication or acknowledgment process for this block. However, there are no specific errors, exceptions, or warnings indicating failures or inconsistencies related to this block. The log does not provide evidence of retries, failures, or an inconsistent state such as under-replication or corruption. Overall, the block appears to have undergone routine operations without notable issues."
blk_-357695136519539363,"The block blk_-357695136519539363 experienced a termination of the PacketResponder without any indication of errors, exceptions, or warnings. There were no retries or failures noted in the log lines, suggesting that the operations related to this block completed normally and without issues. The block appears to be in a healthy state with no signs of being under-replicated, corrupted, or lost."
blk_-7603740654202748654,"The block with ID blk_-7603740654202748654 was successfully added to the block map, indicating that it was stored correctly with a size of 64 MB. There were no errors, exceptions, or warnings reported during this operation, and the block appears to be in a healthy state with no issues related to replication or consistency."
blk_1279439901767890758,"The block blk_1279439901767890758 experienced a termination of its PacketResponder, indicating that the communication for this block was completed without any reported errors or exceptions. There were no indications of retries, failures, or inconsistencies, suggesting that the block remained in a healthy state throughout the operations. All necessary processes related to this block were executed normally."
blk_8942969309743886844,"The block blk_8942969309743886844 was successfully received without any errors or exceptions. The operation completed normally, indicating that the block is healthy and in a consistent state. There were no retries, failures, or unusual patterns noted during this operation."
blk_469871968689793326,"The block blk_469871968689793326 was successfully received with a size of 67,108,864 bytes. There were no errors, exceptions, or warnings reported during the operation, indicating that the block was processed normally without any issues. The block is in a healthy state with no inconsistencies or unusual patterns observed."
blk_2847401988110989655,"The block blk_2847401988110989655 was allocated successfully without any errors or warnings. The operation completed normally, indicating that the block is healthy and in a consistent state. There were no retries, failures, or unusual patterns observed during this operation."
blk_4307207852226914003,"The block blk_4307207852226914003 was successfully added to the block map with a size of 67,108,864 bytes. There were no errors, exceptions, or warnings reported during this operation, indicating that the block is healthy and all operations completed normally."
blk_3506875694435075421,"The block blk_3506875694435075421 was successfully added to the block map with a size of 67,108,864 bytes. There were no errors, exceptions, or warnings reported during this operation, indicating that the block was handled normally and is in a healthy state."
blk_-4945182943709543868,"The block blk_-4945182943709543868 was successfully added to the block map with a size of 67,108,864 bytes. There were no errors, exceptions, or warnings reported during this operation, indicating that the block is healthy and all operations completed normally without any retries or failures. The block is in a consistent state with no indications of being under-replicated, corrupted, or lost."
blk_7550266985912909372,"The block with ID blk_7550266985912909372 was allocated successfully without any errors or exceptions. The operation completed normally, indicating that the block is healthy and in a consistent state. There were no retries, failures, or unusual patterns observed during this operation."
blk_-4619809198345103330,"The block with ID blk_-4619809198345103330 was successfully added to the block map, indicating that it was stored correctly with a size of 67,108,864 bytes. There were no errors, exceptions, or warnings reported during this operation, and the block appears to be in a healthy state with no issues related to replication or consistency."
blk_4614530673206341566,"The block blk_4614530673206341566 was received successfully with no errors or warnings reported. The operation completed normally, and the block is in a healthy state."
blk_6125469222540396851,"The block blk_6125469222540396851 was successfully added to the block map with a size of 67,108,864 bytes. There were no errors, exceptions, or warnings reported during this operation, indicating that the block is healthy and all operations completed normally."
blk_6868050965297613251,"The block blk_6868050965297613251 was successfully received without any errors or exceptions reported. The operation completed normally, indicating that the block is healthy and in a consistent state. No retries, failures, or unusual patterns were observed during this operation."
blk_-7266711648018793699,"The block blk_-7266711648018793699 was received successfully without any reported errors or exceptions. The operation completed normally, indicating that the block is healthy and in a consistent state. There were no retries, failures, or unusual patterns noted during the operation."
blk_9146254623576405494,"The block blk_9146254623576405494 was received successfully with no errors or exceptions reported. The operation completed normally, indicating that the block is healthy and in a consistent state. There were no retries, failures, or unusual patterns observed during this operation."
blk_-6966935672736779591,"The block blk_-6966935672736779591 was successfully received with a size of 67,108,864 bytes. There were no errors, exceptions, or warnings reported during the operation, indicating that the block was handled normally without any issues. The block is in a healthy state with no signs of under-replication, corruption, or loss."
blk_-7411687001739959508,"The block blk_-7411687001739959508 was successfully received without any errors or exceptions reported. The operation completed normally, indicating that the block is healthy and in a consistent state. There were no retries, failures, or unusual patterns observed during this operation."
blk_6514181997629420906,"The block blk_6514181997629420906 experienced the termination of PacketResponder 2, indicating that there may have been issues with the communication or data transfer related to this block. However, there are no specific errors, exceptions, or warnings indicating failures or inconsistencies in the block's state. The log does not provide evidence of retries, failures, or any unusual patterns, suggesting that the block may still be in a healthy state despite the termination of the PacketResponder. Further investigation may be needed to confirm the block's integrity and operational status."
blk_-4434479572312007079,"The block blk_-4434479572312007079 was successfully received without any errors or exceptions. The operation completed normally, indicating that the block is healthy and in a consistent state. No retries, failures, or unusual patterns were noted during this operation."
blk_-3339018122410311668,"The block with ID blk_-3339018122410311668 experienced a termination of its PacketResponder, indicating that the block's data transmission process was interrupted. There are no indications of errors, exceptions, or warnings related to this block, nor are there any retries or failures noted in the log lines. The block appears to be in a healthy state, with no signs of being under-replicated, corrupted, or lost. All operations related to this block completed normally."
blk_5272761429354463572,"The block blk_5272761429354463572 was successfully added to the block map with a size of 67,108,864 bytes. There were no errors, exceptions, or warnings reported during this operation, indicating that the block is healthy and all operations completed normally."
blk_-1680563440028826904,"The block blk_-1680563440028826904 experienced a termination of the PacketResponder, indicating that there may have been issues with the communication or acknowledgment of data packets related to this block. However, there are no specific errors, exceptions, or warnings indicating that the block is in an inconsistent state, under-replicated, or corrupted. The log does not show any retries or failures, suggesting that the operations related to this block may have completed normally despite the termination of the PacketResponder."
blk_-5671206752084326639,"The block blk_-5671206752084326639 was successfully received with a size of 67,108,864 bytes. There were no errors, exceptions, or warnings reported during the operation, indicating that the block was handled normally without any issues. The block is in a healthy state with no indications of replication failures or inconsistencies."
blk_1649162819905816843,"The block blk_1649162819905816843 underwent a verification process that completed successfully, indicating that the block is healthy and consistent with no errors or issues reported. There were no retries, failures, or unusual patterns observed during the operations related to this block."
blk_-2541428592126088938,"The block with ID blk_-2541428592126088938 was successfully allocated without any errors or exceptions. The operation completed normally, indicating that the block is healthy and in a consistent state. There were no retries, failures, or unusual patterns observed during this operation."
blk_6547729596040509998,"The block blk_6547729596040509998 was successfully added to the block map with a size of 67,108,864 bytes. There were no errors, exceptions, or warnings reported during the operation, indicating that the block was handled normally and is in a healthy state. All operations completed successfully without any retries or failures."
blk_-3673133694834392576,"The block blk_-3673133694834392576 was successfully received without any reported errors or exceptions. The operation completed normally, indicating that the block is healthy and in a consistent state. No retries, failures, or unusual patterns were noted during this operation."
blk_48742413802609430,"The block blk_48742413802609430 was successfully received with a size of 67,108,864 bytes. There were no errors, exceptions, or warnings reported during the operation, indicating that the block was processed normally and is in a healthy state."
blk_6085274723649229095,"The block blk_6085274723649229095 was successfully received without any errors or exceptions. The operation completed normally, indicating that the block is healthy and in a consistent state. There were no retries, failures, or unusual patterns observed during this operation."
blk_-227411387418683230,"The block blk_-227411387418683230 was successfully received with a size of 67,108,864 bytes. There were no errors, exceptions, or warnings reported during the operation, indicating that the block was processed normally and is in a healthy state. All operations related to this block completed without issues."
blk_3079488924320077240,"The block blk_3079488924320077240 was successfully added to the block map with a size of 67,108,864 bytes. There were no errors, exceptions, or warnings reported during this operation, indicating that the block was handled normally and is in a healthy state."
blk_692184983396207285,"The block blk_692184983396207285 was successfully received with a size of 67,108,864 bytes. There were no errors, exceptions, or warnings reported during the operation, indicating that the block was processed normally without any issues. The block is in a healthy state, and all operations completed successfully."
blk_-5009274684359267777,"The block blk_-5009274684359267777 was successfully added to the block map with a size of 67,108,864 bytes. There were no errors, exceptions, or warnings reported during this operation, indicating that the block was handled normally and is in a healthy state."
blk_2599050023684318911,"The block blk_2599050023684318911 was successfully received with a size of 67,108,864 bytes. There were no errors, exceptions, or warnings reported during the operation, indicating that the block was processed normally and is in a healthy state. No retries or failures occurred, and the block is fully replicated without any inconsistencies."
blk_3911263675181899748,"The block blk_3911263675181899748 was successfully added to the block map with a size of 67,108,864 bytes. There were no errors, exceptions, or warnings reported during this operation, indicating that the block was handled normally and is in a healthy state."
blk_5641239200978828454,"The block blk_5641239200978828454 was successfully received without any errors or exceptions. The operation completed normally, indicating that the block is healthy and in a consistent state. No retries or failures were noted during this process."
blk_-8852638972311349374,"The block blk_-8852638972311349374 was successfully received without any errors or exceptions. The operation was completed normally, indicating that the block is healthy and in a consistent state. There were no retries, failures, or unusual patterns observed during this operation."
blk_-719498947487451844,"The block blk_-719498947487451844 was successfully received without any errors or exceptions. The operation completed normally, indicating that the block is healthy and in a consistent state. There were no retries, failures, or unusual patterns noted during this operation."
blk_-3170270010972115378,"The block with ID blk_-3170270010972115378 was successfully added to the block map, indicating that it is healthy and operational. The block has a size of 67,108,864 bytes, and there were no errors, exceptions, or warnings reported during this operation. The block appears to be in a consistent state with no issues related to replication or corruption."
blk_6988110707613820142,"The block blk_6988110707613820142 was successfully received without any errors or exceptions. The operation was completed normally, indicating that the block is healthy and in a consistent state. No retries or failures were noted during this process."
blk_-1490623381339215624,"The log indicates that the PacketResponder for block blk_-1490623381339215624 has terminated. There are no specific errors, exceptions, or warnings noted in the log lines, suggesting that the operations related to this block were completed normally without any issues. The block appears to be in a healthy state with no indications of errors, retries, or inconsistencies."
blk_-2192382893903170466,"The block blk_-2192382893903170466 was successfully received without any errors or exceptions. The operation completed normally, indicating that the block is healthy and in a consistent state. There were no retries, failures, or unusual patterns observed during this operation."
blk_-6247364168500873179,"The block blk_-6247364168500873179 was successfully added to the block map, indicating that it was stored correctly with a size of 67,108,864 bytes. There were no errors, exceptions, or warnings reported during the operation, and the block appears to be in a healthy state with no issues related to replication or consistency."
blk_4234385041723406944,"The block blk_4234385041723406944 was successfully added to the block map with a size of 67,108,864 bytes. There were no errors, exceptions, or warnings reported during the operation, indicating that the block was handled normally and is in a healthy state."
blk_8968608251219902913,"The block blk_8968608251219902913 was successfully received with a size of 67,108,864 bytes. There were no errors, exceptions, or warnings reported during the operation, indicating that the block was processed normally and is in a healthy state. All operations related to this block completed successfully without any retries or failures."
blk_-8502460962248995911,"The block with ID blk_-8502460962248995911 was successfully added to the block map, indicating that it was stored correctly with a size of 28,489,733 bytes. No errors, exceptions, or warnings were reported during the operation, and the block appears to be in a healthy state with no issues related to replication or consistency."
blk_-1201318815778694289,"The block blk_-1201318815778694289 was successfully received with a size of 67,108,864 bytes. There were no errors, exceptions, or warnings reported during the operation, indicating that the block was handled normally without any issues. The block is in a healthy state with no signs of under-replication, corruption, or loss."
blk_-9089815063425241739,"The block blk_-9089815063425241739 was successfully received with a size of 67,108,864 bytes. There were no errors, exceptions, or warnings reported during the operation, indicating that the block was processed normally and is in a healthy state. All operations related to this block completed without any issues."
blk_1389634598105954660,"The block blk_1389634598105954660 was successfully added to the block map with a size of 67,108,864 bytes. There were no errors, exceptions, or warnings reported during this operation, indicating that the block was handled normally and is in a healthy state."
blk_557803157214911261,"The block blk_557803157214911261 was successfully received with a size of 67,108,864 bytes. There were no errors, exceptions, or warnings reported during the operation, and the block completed normally without any issues. The block is in a healthy state with no indications of being under-replicated, corrupted, or lost."
blk_-1435656632270396446,"The block blk_-1435656632270396446 was successfully added to the block map with a size of 28,490,269 bytes. There were no errors, exceptions, or warnings reported during this operation, indicating that the block was handled normally and is in a healthy state."
blk_7345322407792942877,"The block blk_7345322407792942877 experienced a termination of its PacketResponder, indicating that the data transfer process for this block was completed without any reported errors or exceptions. There were no retries, failures, or warnings noted in the log lines, suggesting that the block remained in a healthy state throughout the operation. No inconsistencies, such as under-replication or corruption, were observed."
blk_-8939321760994370713,"The block blk_-8939321760994370713 experienced a termination of its PacketResponder, indicating that the block's data transfer operations were completed normally without any reported errors or exceptions. There were no indications of retries, failures, or inconsistencies, suggesting that the block is healthy and in a consistent state."
blk_3958940914408609637,"The block blk_3958940914408609637 experienced an issue with the PacketResponder, which terminated unexpectedly. There are no indications of successful operations or retries, and the log does not provide details on the block's final state. As a result, the status of the block remains uncertain, potentially leading to an inconsistent state. Further investigation would be necessary to determine if the block is under-replicated, corrupted, or lost."
blk_5106303344783117537,"The block with ID blk_5106303344783117537 was allocated successfully without any errors or warnings. The operation completed normally, indicating that the block is healthy and in a consistent state. There were no retries, failures, or unusual patterns observed during this operation."
blk_6628512193350164674,"The block blk_6628512193350164674 was successfully received without any errors or exceptions. The operation was completed normally, indicating that the block is healthy and in a consistent state. There were no retries, failures, or unusual patterns noted during this operation."
blk_-5587827566367944828,"The block blk_-5587827566367944828 experienced a termination of its PacketResponder, but there are no indications of errors, exceptions, or warnings in the log lines provided. Therefore, it appears that the operations related to this block completed normally without any issues, and the block remains in a healthy state."
blk_-743349875664670637,"The block blk_-743349875664670637 was served successfully without any errors or warnings. There were no indications of retries, failures, or inconsistencies. The operations completed normally, and the block remains in a healthy state."
blk_4581070264530964999,"The block with ID blk_4581070264530964999 encountered an exception while being served, indicating a potential issue with data retrieval. The log does not specify the type of exception or any subsequent actions taken, such as retries or failures. As a result, it is unclear whether the block ended up in an inconsistent state, but the presence of an exception suggests that there may have been a disruption in normal operations. Further investigation would be necessary to determine the exact nature of the issue and its impact on the block's integrity or availability."
blk_2139707931694085102,"The block with ID blk_2139707931694085102 encountered an exception while being served, indicating a failure in the data retrieval process. There are no details on the specific type of exception or any subsequent retries, but the log suggests that the operation to serve this block was unsuccessful. As a result, the block may be in an inconsistent state, potentially leading to issues such as being under-replicated or inaccessible. Further investigation would be needed to determine the exact nature of the exception and its impact on the block's integrity."
blk_-3056652732896088330,"The block with ID blk_-3056652732896088330 encountered an exception while being served, indicating a potential issue in data retrieval or communication. However, the log does not provide details on the specific type of exception or any subsequent retries or failures. As a result, it is unclear whether the block ended up in an inconsistent state or if any corrective actions were taken. Further investigation would be needed to determine the overall health and status of this block."
blk_73389299186801686,"The block blk_73389299186801686 encountered an exception while being served, indicating a potential issue with data retrieval. However, there are no details on specific error types, retries, or subsequent failures provided in the log lines. As a result, it is unclear if the block ended up in an inconsistent state or if any corrective actions were taken. Further investigation may be needed to determine the overall health and status of this block."
blk_4963214289850966664,"The block with ID blk_4963214289850966664 encountered an exception while being served, indicating a potential issue with data retrieval or communication between nodes. There are no details on the specific type of exception, but the log suggests that the operation to serve this block to a client failed. There is no information on retries, and it is unclear if the block ended up in an inconsistent state, as the log does not provide further context on the block's health or replication status. Overall, the operation was not completed successfully, and further investigation would be needed to determine the impact on the block's availability."
blk_-8082428389627750477,"The block with ID blk_-8082428389627750477 encountered an exception while being served, indicating a potential issue with data retrieval. The log does not specify the exact nature of the exception, but it suggests that there was a failure in the communication between the datanode and the client. There are no indications of retries, replication issues, or the block ending up in an inconsistent state. Further investigation may be needed to determine the cause of the exception and ensure the block's integrity."
blk_6338761369201338121,"The block blk_6338761369201338121 was successfully served to a client without any errors or warnings. There were no retries or failures reported, indicating that the block operations were completed normally and the block remains in a healthy state."
blk_7489155602821840025,"The block blk_7489155602821840025 encountered an exception while being served, indicating a potential issue with data retrieval. The log does not specify the type of exception, but it suggests that there was a failure in serving the block to a client. There are no indications of retries or further operations logged, nor is there evidence of the block being in an inconsistent state, such as being under-replicated or corrupted. The lack of additional log entries implies that the issue may have been isolated, but the specific nature of the exception and its impact on the block's availability remains unclear."
blk_2038610753592374847,"The block blk_2038610753592374847 was successfully served to a client without any reported errors or warnings. All operations related to this block completed normally, indicating a healthy state with no issues such as replication failures, missing blocks, or inconsistencies."
blk_2101007907134483259,"The block with ID blk_2101007907134483259 encountered an exception while being served, indicating a potential issue with data retrieval. The specific nature of the exception is not detailed, but it suggests a failure in the communication or data transfer process to the requesting client. There are no indications of retries, additional errors, or warnings in the log lines provided, leaving the state of the block uncertain. It is unclear if the block is under-replicated, corrupted, or lost, as no further information is available regarding its replication status or recovery attempts. Overall, the log suggests an abnormal operation that requires further investigation to determine the block's integrity and availability."
blk_3848747149919646864,"The block with ID blk_3848747149919646864 encountered an error while being served, indicated by the exception logged during the operation. There are no details on the specific type of exception or error message provided, but the log suggests that the block could not be successfully accessed by the requesting client. There is no information on retries, failures, or the final state of the block, leaving its consistency status (under-replicated, corrupted, or lost) unclear. Overall, this block experienced an operational issue without further context on its resolution or subsequent actions taken."
blk_8059204889272489644,"The block with ID blk_8059204889272489644 encountered an exception while being served, indicating a potential issue with data retrieval. The log does not provide details on the specific type of exception or whether it was retried, but the presence of an error suggests that the operation was not completed successfully. There is no information indicating that the block ended up in an inconsistent state, such as being under-replicated or corrupted, but the failure to serve the block raises concerns about its accessibility. Further investigation would be needed to determine the impact of this exception on the block's integrity and availability."
blk_1683075246463470765,"The block with ID blk_1683075246463470765 encountered an exception while being served, indicating a potential issue with data retrieval. There are no details on specific error types or subsequent operations, but the log suggests that the block may not have been successfully accessed by the requesting client. There is no indication of retries, failures, or the block ending up in an inconsistent state, but the presence of the exception raises concerns about its availability or integrity. Further investigation may be needed to determine the root cause of the serving issue."
blk_9216955386716663841,"The block blk_9216955386716663841 was served successfully without any errors or warnings. There were no retries or failures reported, and the block remains in a healthy state with no indications of being under-replicated, corrupted, or lost. All operations related to this block completed normally."
blk_4048438071314937575,"The block with ID blk_4048438071314937575 encountered an exception while being served, indicating a potential issue with data retrieval or communication. The specific error type is not detailed in the log, but the occurrence of an exception suggests that the block may not have been successfully accessed by the requesting client. There are no indications of retries, failures, or a change in the block's state (such as under-replication or corruption) based on the provided log lines. Further investigation may be needed to determine the nature of the exception and its impact on the block's integrity."
blk_-1432303681669932458,"The block blk_-1432303681669932458 was successfully served to a client without any errors or warnings. There were no indications of failures, retries, or inconsistencies, and the block appears to be in a healthy state following routine operations."
blk_1910039736720341651,"The block blk_1910039736720341651 encountered an exception while being served, indicating a potential issue with data retrieval. The log does not specify the type of exception or any subsequent retries, but the presence of an error suggests that the block may not have been accessible at that moment. There is no indication of the block being under-replicated, corrupted, or lost, but the error raises concerns about its availability. Further investigation may be needed to determine the impact of this exception on the block's overall health and accessibility."
blk_1646534811870220828,"The block with ID blk_1646534811870220828 encountered an exception while being served, indicating a potential issue with data retrieval. The specific error type is not detailed in the log, but the occurrence suggests that there was a failure in the data transfer process to the requesting client. There are no indications of retries or subsequent operations logged, and the block's final state is unclear due to the lack of further information regarding its replication or health status. This incident raises concerns about the block's availability and may necessitate further investigation to determine if it is under-replicated or in a corrupted state."
blk_-4984504651603069357,"The block blk_-4984504651603069357 underwent a verification process that completed successfully, indicating that the block is healthy and consistent with no errors or issues reported. There were no retries, failures, or unusual patterns noted during the operations."
blk_424461424221613461,"The block blk_424461424221613461 encountered an exception while being served, indicating a potential issue in data retrieval. There are no details on the specific error type or subsequent operations, but the log suggests that the block may not have been successfully accessed by the requesting client. There is no information on retries, failures, or the block's final state, leaving its consistency and health status uncertain."
blk_7297060562345904886,"The block blk_7297060562345904886 was successfully served to a client without any errors or warnings. There were no indications of retries, failures, or inconsistencies, and the block remains in a healthy state following routine operations."
blk_-7391656937286046074,"The block with ID blk_-7391656937286046074 encountered an error while being served, specifically an exception was logged during the operation. There are no indications of retries or further operations following the exception, suggesting that the block may not have been successfully served to the requesting client. The log does not provide details on whether the block is under-replicated, corrupted, or lost, but the presence of an exception indicates that the operation did not complete normally. Further investigation would be needed to determine the block's final state."
blk_387577766066135394,"The block blk_387577766066135394 was successfully allocated without any errors or exceptions. The operation completed normally, indicating that the block is healthy and in a consistent state. There were no retries, failures, or unusual patterns observed during this operation."
blk_6107935679779418195,"The block blk_6107935679779418195 was successfully received without any reported errors or exceptions. The operation completed normally, indicating that the block is healthy and in a consistent state. There were no retries, failures, or unusual patterns observed during this operation."
blk_3584162266158512993,"The block blk_3584162266158512993 experienced a termination of its PacketResponder, indicating that the block's data transmission process was completed. There are no recorded errors, exceptions, or warnings associated with this block, and no operations were retried or failed. The block appears to be in a healthy state with all operations completing normally."
blk_-2591043665372016488,"The log indicates that the PacketResponder for block blk_-2591043665372016488 has terminated, but there are no specific errors, exceptions, or warnings noted. There is no indication of retries, failures, or any unusual behavior associated with this block. The block appears to be in a healthy state with routine operations completing normally."
blk_-1732662141253491971,"The block with ID blk_-1732662141253491971 was allocated successfully without any errors or warnings. The operation completed normally, indicating that the block is healthy and in a consistent state. There were no retries, failures, or unusual patterns observed during this process."
blk_4959462704623252283,"The block blk_4959462704623252283 was successfully received without any errors or exceptions. The operation completed normally, indicating that the block is healthy and in a consistent state. There were no retries, failures, or unusual patterns noted during the operation."
blk_4553790855855864497,"The block blk_4553790855855864497 was successfully added to the block map with a size of 67,108,864 bytes. There were no errors, exceptions, or warnings reported during this operation, indicating that the block was handled normally and is in a healthy state."
blk_-3261177124784025140,"The block blk_-3261177124784025140 was successfully received without any errors or exceptions reported. The operation completed normally, indicating that the block is healthy and in a consistent state. There were no retries, failures, or unusual patterns observed during this operation."
blk_7501235595045510958,"The block blk_7501235595045510958 was successfully received with a size of 67,108,864 bytes. There were no errors, exceptions, or warnings reported during the operation, indicating that the block was processed normally and is in a healthy state. All operations related to this block completed without issues."
blk_-3486808304671603275,"The block blk_-3486808304671603275 was successfully received without any errors or exceptions. The operation completed normally, indicating that the block is healthy and in a consistent state. There were no retries, failures, or unusual patterns noted during this operation."
blk_6563909003697001371,"The block blk_6563909003697001371 was received successfully without any errors or exceptions. The operation completed normally, indicating that the block is healthy and in a consistent state. There were no retries, failures, or unusual patterns noted during this operation."
blk_4068667188725811395,"The block blk_4068667188725811395 experienced a termination of the PacketResponder, indicating that the communication for this block was interrupted. There are no indications of errors, exceptions, or warnings related to this block, and it appears that all operations were completed normally without any retries or failures. The block remains in a consistent state with no signs of being under-replicated, corrupted, or lost."
blk_-7355153279766988632,"The block blk_-7355153279766988632 was successfully received without any errors or exceptions. The operation was routine, with no indications of retries, failures, or unusual behavior. The block appears to be in a healthy state following the completion of the receiving operation."
blk_-4854562124894030819,"The block blk_-4854562124894030819 was successfully received without any errors or exceptions. The operation completed normally, indicating that the block is healthy and in a consistent state. There were no retries, failures, or unusual patterns observed during this operation."
blk_1828089683746536118,"The block blk_1828089683746536118 was successfully received with a size of 67,108,864 bytes. There were no errors, exceptions, or warnings reported during the operation, indicating that the block was processed normally without any issues. The block is healthy and in a consistent state."
blk_1345503778930512538,"The block blk_1345503778930512538 was successfully received without any errors or exceptions. The operation completed normally, indicating that the block is healthy and in a consistent state. There were no retries, failures, or unusual patterns noted during this operation."
blk_4318179566727871532,"The block blk_4318179566727871532 was successfully added to the block map with a size of 67,108,864 bytes. There were no errors, exceptions, or warnings reported during the operation, indicating that the block was handled normally and is in a healthy state."
blk_727000711161641724,"The log indicates that the PacketResponder for block blk_727000711161641724 has terminated, but there are no specific errors, exceptions, or warnings reported. There are no indications of retries, failures, or any unusual behavior associated with this block. The block appears to be in a healthy state, with routine operations completing normally."
blk_-2916658835497879256,"The block blk_-2916658835497879256 was successfully added to the block map with a size of 67,108,864 bytes. There were no errors, exceptions, or warnings reported during this operation, indicating that the block is healthy and in a consistent state. All operations completed normally without any retries or failures."
blk_7227035060836018780,"The block blk_7227035060836018780 was successfully received with a size of 67,108,864 bytes. There were no errors, exceptions, or warnings reported during the operation, indicating that the block was handled normally without any issues. The block is in a healthy state with no signs of under-replication, corruption, or loss."
blk_4069436988023676023,"The block blk_4069436988023676023 was successfully added to the block map with a size of 67,108,864 bytes. There were no errors, exceptions, or warnings reported during this operation, indicating that the block is healthy and all operations completed normally."
blk_-3981735565440284420,"The block blk_-3981735565440284420 was successfully received with a size of 67,108,864 bytes. There were no errors, exceptions, or warnings reported during the operation, indicating that the block was processed normally without any issues. The block is healthy and in a consistent state."
blk_728165942214842306,"The block blk_728165942214842306 was successfully received without any errors or exceptions. The operation completed normally, indicating that the block is healthy and in a consistent state. There were no retries, failures, or unusual patterns observed during this operation."
blk_-3157541550945505354,"The block blk_-3157541550945505354 was successfully received without any errors or exceptions. The operation completed normally, indicating that the block is healthy and in a consistent state. There were no retries, failures, or unusual patterns observed during this operation."
blk_7838843222458775811,"The block blk_7838843222458775811 was successfully added to the block map with a size of 67,108,864 bytes. There were no errors, exceptions, or warnings reported during the operation, indicating that the block is healthy and in a consistent state. All operations completed normally without any retries or failures."
blk_3088175971503531298,"The block blk_3088175971503531298 experienced a termination of its PacketResponder, indicating that the block's data transfer operations were completed without any reported errors or issues. There are no indications of retries, failures, or inconsistencies, suggesting that the block is in a healthy state with all operations concluding normally."
blk_-3620767662957963389,"The block blk_-3620767662957963389 was successfully received with a size of 67,108,864 bytes. There were no errors, exceptions, or warnings reported during the operation, indicating that the block was processed normally without any issues. The block is healthy and in a consistent state."
blk_-5078186985701364847,"The block blk_-5078186985701364847 was successfully received without any errors or exceptions. The operation was completed normally, indicating that the block is healthy and in a consistent state. There were no retries, failures, or unusual patterns observed during this operation."
blk_7193551490488433552,"The block blk_7193551490488433552 was successfully received without any errors or warnings. The operation completed normally, indicating that the block is healthy and in a consistent state. There were no retries, failures, or unusual patterns observed during this operation."
blk_-8022986908643041177,"The block blk_-8022986908643041177 was successfully added to the block map with a size of 67,108,864 bytes. There were no errors, exceptions, or warnings reported during this operation, indicating that the block is in a healthy state and has been stored correctly without any issues."
blk_-5003122231679852524,"The block blk_-5003122231679852524 was received successfully without any errors or exceptions. The operation completed normally, indicating that the block is healthy and in a consistent state. No retries, failures, or unusual patterns were noted during the operation."
blk_-3276232266876914214,"The block blk_-3276232266876914214 was successfully received with a size of 67,108,864 bytes. There were no errors, exceptions, or warnings reported during the operation, indicating that the block was handled normally without any issues. The block is in a healthy state with no inconsistencies or failures noted."
blk_-7667417209393167541,"The block with ID blk_-7667417209393167541 was successfully allocated without any errors or warnings. The operation completed normally, indicating that the block is healthy and in a consistent state. There were no retries, failures, or unusual patterns observed during this operation."
blk_-5400783031085008882,"The block blk_-5400783031085008882 was successfully added to the block map with a size of 67,108,864 bytes. There were no errors, exceptions, or warnings reported during this operation, indicating that the block was handled normally and is in a healthy state."
blk_-1197396592032418307,"The block blk_-1197396592032418307 experienced a termination of its PacketResponder, indicating that there may have been issues with data transmission or acknowledgment from the datanodes. However, there are no specific errors, exceptions, or warnings indicating failures or inconsistencies with the block itself. The log does not provide evidence of retries, failures, or an inconsistent state for this block, suggesting that it may have completed its operations normally despite the termination of the PacketResponder."
blk_7533949673910842243,"The block blk_7533949673910842243 experienced a termination of its PacketResponder, indicating that there may have been an issue with the communication or response handling for this block. However, no specific errors, exceptions, or warnings were logged beyond this termination. There are no indications of retries, failures, or any inconsistent state such as under-replication or corruption. The block appears to be in a healthy state despite the termination of the PacketResponder."
blk_8842097432176169457,"The block blk_8842097432176169457 experienced a termination of its PacketResponder, indicating that the communication for this block was interrupted. There are no specific errors, exceptions, or warnings noted beyond this termination, suggesting that the block did not encounter any critical issues during its operations. The block appears to be in a healthy state with no indications of under-replication, corruption, or loss."
blk_560063894682806537,"The block blk_560063894682806537 was successfully received with a size of 67,108,864 bytes. No errors, exceptions, or warnings were reported during the operation, indicating that the block was processed normally and is in a healthy state."
blk_2652444451422301232,"The block blk_2652444451422301232 was successfully received with a size of 67,108,864 bytes. There were no errors, exceptions, or warnings reported during this operation, indicating that the block was handled normally without any issues. The block is in a healthy state with no indications of under-replication, corruption, or loss."
blk_7016884347337429710,"The block blk_7016884347337429710 was successfully received with a size of 67,108,864 bytes. There were no errors, exceptions, or warnings reported during the operation, indicating that the block was processed normally without any issues. The block is healthy and in a consistent state."
blk_-4174618838156947380,"The block with ID blk_-4174618838156947380 was successfully added to the block map, indicating that it was stored correctly without any errors or exceptions. The operation completed normally, and the block size is 67,108,864 bytes. There were no indications of retries, failures, or any inconsistent states related to this block."
blk_-3402248757106237109,"The block blk_-3402248757106237109 experienced a termination of its PacketResponder, indicating that the block was likely in the process of being written or replicated. However, there are no specific errors, exceptions, or warnings noted in the log lines, suggesting that the operations related to this block completed without any issues. The block appears to be in a healthy state with no indications of inconsistencies, errors, or unusual behavior."
blk_-8915123233040672605,"The block blk_-8915123233040672605 was received successfully without any errors or exceptions. The operation completed normally, indicating that the block is healthy and in a consistent state. No retries, failures, or unusual patterns were noted during this operation."
blk_-5633587983998853189,"The block blk_-5633587983998853189 was successfully received with a size of 67,108,864 bytes. There were no errors, exceptions, or warnings reported during the operation, indicating that the block was handled normally and completed without any issues. The block is in a healthy state with no signs of inconsistency or failure."
blk_2570966823909513791,"The block blk_2570966823909513791 experienced a termination of the PacketResponder, but there are no indications of errors, exceptions, or warnings related to its state or operations. As a result, the block appears to have completed its operations normally without any reported issues."
blk_-6168484338203583997,"The block blk_-6168484338203583997 was successfully received with a size of 67,108,864 bytes. There were no errors, exceptions, or warnings reported during the operation, indicating that the block was handled normally without any issues. The block is in a healthy state with no indications of under-replication, corruption, or loss."
blk_-3172594752427649592,"The block blk_-3172594752427649592 was received successfully without any errors or exceptions. The operation completed normally, indicating that the block is healthy and in a consistent state. There were no retries, failures, or unusual patterns observed during this operation."
blk_8285441926344578159,"The block blk_8285441926344578159 experienced a termination of its PacketResponder, indicating that there may have been issues with data transmission or acknowledgment from the datanodes. However, there are no specific errors, exceptions, or warnings indicating that the block is in an inconsistent state, under-replicated, or corrupted. The log does not provide information on retries or failures, suggesting that the operations related to this block may have completed without significant issues. Overall, the block appears to be in a healthy state despite the termination of the PacketResponder."
blk_7415823309220171667,"The block blk_7415823309220171667 was successfully added to the block map with a size of 67108864 bytes. There were no errors, exceptions, or warnings reported during the operation, indicating that the block was handled normally and is in a healthy state. All operations completed successfully without any retries or failures."
blk_6749232449432458524,"The block with ID blk_6749232449432458524 was successfully allocated without any errors or exceptions. The operation completed normally, indicating that the block is healthy and in a consistent state. There were no retries, failures, or unusual patterns observed during this operation."
blk_-5427918313707752877,"The block blk_-5427918313707752877 was successfully added to the block map with a size of 67,108,864 bytes. There were no errors, exceptions, or warnings reported during this operation, indicating that the block was handled normally and is in a healthy state. No retries or failures occurred, and the block is fully replicated and consistent."
blk_-4673509946769671609,"The block blk_-4673509946769671609 was successfully received without any errors or exceptions. The operation completed normally, indicating that the block is healthy and in a consistent state. There were no retries, failures, or unusual patterns observed during this operation."
blk_-7803343374223161433,"The block with ID blk_-7803343374223161433 underwent a verification process that completed successfully, indicating that the block is healthy and consistent. No errors, exceptions, or warnings were reported during the operations, and there were no retries or failures noted. The block remains in a stable state with no issues related to replication or corruption."
blk_-3275237990609680332,"The block blk_-3275237990609680332 was successfully added to the block map with a size of 67,108,864 bytes. There were no errors, exceptions, or warnings reported during this operation, indicating that the block is healthy and all operations completed normally without any retries or failures. The block is in a consistent state and there are no indications of under-replication, corruption, or loss."
blk_-8584158329012779023,"The block blk_-8584158329012779023 was successfully received without any errors or exceptions. The operation completed normally, indicating that the block is healthy and in a consistent state. No retries, failures, or unusual patterns were noted during this operation."
blk_-4468166796563085237,"The block blk_-4468166796563085237 was successfully received without any errors or exceptions. The operation completed normally, indicating that the block was transferred from the source to the destination datanode without issues. There were no retries, failures, or inconsistencies reported for this block."
blk_-463998587096565542,"The block with ID blk_-463998587096565542 was successfully allocated without any errors or warnings. The operation completed normally, indicating that the block is healthy and in a consistent state. There were no retries, failures, or unusual patterns observed during this operation."
blk_578261619176233743,"The block blk_578261619176233743 was successfully added to the block map with a size of 67,108,864 bytes. There were no errors, exceptions, or warnings reported during the operation, indicating that the block was handled normally and is in a healthy state."
blk_-3897674589140998025,"The block with ID blk_-3897674589140998025 was successfully added to the block map, indicating that it was stored correctly with a size of 67,108,864 bytes. There are no errors, exceptions, or warnings noted in the log lines, and the block appears to be in a healthy state with no issues related to replication or consistency. All operations completed normally."
blk_-3573208405519699182,"The block blk_-3573208405519699182 was successfully added to the blockMap with a size of 64 MB. There were no errors, exceptions, or warnings reported during this operation, indicating that the block is healthy and all operations completed normally."
blk_4154740411570608045,"The block blk_4154740411570608045 was successfully added to the block map with a size of 67,108,864 bytes. There were no errors, exceptions, or warnings reported during this operation, indicating that the block was handled normally and is in a healthy state. No retries or failures occurred, and the block is fully replicated without any inconsistencies."
blk_8188837227311063557,"The block blk_8188837227311063557 was successfully added to the block map, indicating that it was stored correctly with a size of 67,108,864 bytes. There were no errors, exceptions, or warnings reported during the operation, and the block appears to be in a healthy state with no issues related to replication or consistency. All operations completed normally."
blk_-4208396523159735354,"The block blk_-4208396523159735354 was successfully added to the block map with a size of 67,108,864 bytes. There were no errors, exceptions, or warnings reported during this operation, indicating that the block was handled normally and is in a healthy state."
blk_7572868180557515526,"The block blk_7572868180557515526 was successfully received without any errors or exceptions. The operation completed normally, indicating that the block is healthy and in a consistent state. There were no retries, failures, or unusual patterns observed during this operation."
blk_-1733803097614960767,"The log indicates that the PacketResponder for block blk_-1733803097614960767 has terminated, but there are no specific errors, exceptions, or warnings noted. There is no indication of retries, failures, or any unusual behavior associated with this block. The block appears to be in a healthy state, with operations completing normally."
blk_-7603795308074215276,"The block with ID blk_-7603795308074215276 was successfully allocated without any errors or exceptions. The operation completed normally, indicating that the block is healthy and in a consistent state. There were no retries, failures, or unusual patterns observed during this operation."
blk_-2004529166303428909,"The block blk_-2004529166303428909 was successfully allocated without any errors or warnings. The operation completed normally, indicating that the block is healthy and in a consistent state. There were no retries, failures, or unusual patterns observed during this operation."
blk_-5817942497672492100,"The block blk_-5817942497672492100 was successfully received without any errors or exceptions. The operation involved transferring the block from the source to the destination, and there were no indications of retries, failures, or inconsistencies. The block appears to be in a healthy state following the operation."
blk_-7512746652453970810,"The block blk_-7512746652453970810 experienced a termination of the PacketResponder without any indication of errors, exceptions, or warnings. There were no retries or failures reported, and the block appears to be in a healthy state with all operations completing normally. No unusual patterns or inconsistencies were noted for this block."
blk_2618566506268332756,"The block blk_2618566506268332756 was successfully added to the block map with a size of 67,108,864 bytes. There were no errors, exceptions, or warnings reported during the operation, indicating that the block was handled normally and is in a healthy state. All operations completed successfully without any retries or failures."
blk_-265588615173040885,"The block blk_-265588615173040885 was successfully received with a size of 67,108,864 bytes. There were no errors, exceptions, or warnings reported during the operation, indicating that the block was processed normally without any issues. The block is in a healthy state with no inconsistencies or unusual patterns noted."
blk_5971534893446541111,"The block blk_5971534893446541111 was successfully added to the block map, indicating that it was stored correctly without any errors or exceptions. The operation completed normally, and the block size is reported as 67,108,864 bytes. There are no indications of retries, failures, or any inconsistent states associated with this block."
blk_4742178675580222210,"The block blk_4742178675580222210 was received successfully without any errors or exceptions. The operation completed normally, indicating that the block is healthy and in a consistent state. There were no retries, failures, or unusual patterns noted during this operation."
blk_-900229825899812461,"The log indicates that the PacketResponder for block blk_-900229825899812461 has terminated, but there are no specific errors, exceptions, or warnings noted. There is no indication of retries, failures, or any unusual behavior associated with this block. The block appears to be in a healthy state with routine operations completing normally."
blk_300967862449910205,"The block blk_300967862449910205 was successfully added to the block map with a size of 67,108,864 bytes. There were no errors, exceptions, or warnings reported during this operation, indicating that the block is healthy and all operations completed normally."
blk_2059389709317340334,"The block blk_2059389709317340334 was successfully added to the block map with a size of 67,108,864 bytes. There were no errors, exceptions, or warnings reported during this operation, indicating that the block is healthy and all operations completed normally."
blk_-6865167803683277211,"The block with ID blk_-6865167803683277211 encountered a termination of the PacketResponder, indicating that the block's data transfer process was interrupted. There are no indications of errors, exceptions, or warnings related to this block, and it appears that no operations were retried or failed. The block remains in a consistent state, with no signs of being under-replicated, corrupted, or lost. Overall, the operations related to this block were not completed normally due to the termination of the PacketResponder."
blk_1321799290531408498,"The block blk_1321799290531408498 was successfully received without any errors or exceptions. The operation completed normally, indicating that the block is healthy and in a consistent state. There were no retries, failures, or unusual patterns noted during this operation."
blk_-8507209254958698084,"The block blk_-8507209254958698084 underwent a verification process that completed successfully, indicating that the block is healthy and consistent with no errors or issues reported. There were no retries, failures, or unusual patterns observed during the operations on this block."
blk_-7716943410942322104,"The block blk_-7716943410942322104 was successfully received with a size of 67,108,864 bytes. There were no errors, exceptions, or warnings reported during the operation, indicating that the block was processed normally without any issues. The block is in a healthy state with no inconsistencies or failures noted."
blk_-6884056342993438262,"The block blk_-6884056342993438262 was successfully received without any reported errors or exceptions. The operation completed normally, indicating that the block is healthy and in a consistent state. There were no retries, failures, or unusual patterns observed during this operation."
blk_-4092973201423074374,"The block blk_-4092973201423074374 was successfully added to the block map with a size of 67,108,864 bytes. There were no errors, exceptions, or warnings reported during this operation, indicating that the block is healthy and all operations completed normally."
blk_5240632065631390212,"The block blk_5240632065631390212 was served successfully without any errors or warnings. There were no indications of retries, failures, or inconsistencies. The operations completed normally, and the block remains in a healthy state."
blk_-8907436477337775860,"The block blk_-8907436477337775860 was served successfully without any errors or warnings. There were no indications of retries, failures, or inconsistencies. The block appears to be in a healthy state with routine operations completed normally."
blk_-5340885607150360719,"The block with ID blk_-5340885607150360719 encountered an exception while being served, indicating a potential issue with data retrieval or communication. The log does not specify the type of exception or provide further details on the nature of the failure. As a result, it is unclear if the block remains in a consistent state, but the lack of additional errors suggests that it may not have been fully processed or replicated. There are no indications of retries or cascading failures noted in the log. Further investigation would be needed to determine the block's final state and whether it is under-replicated or lost."
blk_6702054389824523327,"The block blk_6702054389824523327 encountered an exception while being served, indicating a potential issue with data retrieval. However, the log does not provide specific details about the type of exception or any subsequent operations, retries, or failures. As a result, it is unclear whether the block ended up in an inconsistent state or if any corrective actions were taken. Further investigation would be needed to determine the impact of this exception on the block's health and status."
blk_7703498406755483188,"The block blk_7703498406755483188 was served successfully without any errors or warnings. There were no indications of retries, failures, or inconsistencies. The block is in a healthy state, and all operations completed normally."
blk_2904134648927436267,"The block blk_2904134648927436267 underwent a verification process that completed successfully, indicating that the block is healthy and consistent with no errors or issues detected. There were no retries, failures, or unusual patterns noted during the operations."
blk_-7125370327234065733,"The block with ID blk_-7125370327234065733 encountered an exception while being served, indicating a potential issue with data retrieval or communication. There are no details on specific error types, retries, or subsequent operations, suggesting that the block may not have been successfully accessed or utilized. The log does not provide information on whether the block ended up in an inconsistent state, but the presence of an exception implies that further investigation may be necessary to determine its health and availability."
blk_-5086369325828333421,"The block blk_-5086369325828333421 was successfully served to a client without any errors or warnings. There were no indications of retries, failures, or issues with replication, and the block remains in a healthy state with normal operations completed."
blk_8478683141242372735,"The block with ID blk_8478683141242372735 encountered an exception while being served, indicating a potential issue with data retrieval. The log does not specify the type of exception or provide details on whether the block was retried or if any operations failed. There is no indication of the block being in an inconsistent state, such as being under-replicated or corrupted, but the occurrence of an exception suggests that there may have been a disruption in normal operations. Further investigation would be needed to determine the nature of the exception and its impact on the block's status."
blk_668295516093167045,"The block blk_668295516093167045 was successfully served to a client without any reported errors or issues. There were no retries, failures, or warnings noted in the log lines, indicating that the block is in a healthy state and all operations completed normally."
blk_-4737948505610037427,"The block with ID blk_-4737948505610037427 encountered an exception while being served, indicating a potential issue with data retrieval. However, the log does not provide specific details about the type of exception or any subsequent operations that were attempted. There is no indication of retries, failures, or the block ending up in an inconsistent state such as being under-replicated or corrupted. The lack of additional log entries suggests that the issue may not have escalated further, but the block's health remains uncertain due to the reported exception."
blk_1584196996810164915,"The block blk_1584196996810164915 underwent a verification process that completed successfully, indicating that the block is healthy and consistent with no errors or warnings reported. All operations related to this block were executed normally without any issues."
blk_1150231966878829887,"The block blk_1150231966878829887 underwent a verification process that completed successfully, indicating that the block is healthy and consistent without any errors or issues. No retries or failures were recorded, and the block remains in a stable state."
blk_2967299761311489673,"The block blk_2967299761311489673 encountered an error while being served, specifically an exception was logged indicating a failure in the data transfer process to a client. There are no indications of retries or further operations logged for this block, and it is unclear whether the block ended up in an inconsistent state, as no additional context on the error or subsequent actions is provided. The log suggests a potential issue with data accessibility, but without further details, the overall health of the block remains uncertain."
blk_9095955277706686312,"The block blk_9095955277706686312 encountered an exception while being served, indicating a potential issue with data retrieval. The specific error type is not detailed in the log, but the presence of an exception suggests that the block may not have been accessible at that moment. There are no indications of retries or additional failures noted in the log, nor is there evidence of the block ending up in an inconsistent state such as being under-replicated or corrupted. Further investigation may be required to determine the root cause of the exception and ensure the block's integrity."
blk_-8558281124275910849,"The block with ID blk_-8558281124275910849 encountered an exception while being served, indicating a failure in the data transfer process. There are no details on the specific error type or whether any retries were attempted. As a result, it is unclear if the block remains in a consistent state, but the log suggests that the operation to serve this block was unsuccessful. Further investigation would be needed to determine the block's current status, as the log does not provide information on replication or potential corruption."
blk_6552418180158772377,"The block blk_6552418180158772377 was successfully served to a client without any reported errors or warnings. There were no retries or failures noted, and the block appears to be in a healthy state following routine operations."
blk_-3572295706132449090,"The block with ID blk_-3572295706132449090 encountered an exception while being served, indicating a potential issue with data retrieval. However, the log does not provide details on the specific type of exception or any subsequent actions taken to resolve it. There is no indication of retries, failures, or the block ending up in an inconsistent state such as being under-replicated or corrupted. Further investigation would be necessary to determine the impact of this exception on the block's overall health and availability."
blk_-1442905060580014339,"The block blk_-1442905060580014339 was served successfully without any errors or warnings. There were no indications of retries, failures, or inconsistencies. The block appears to be in a healthy state following routine operations."
blk_7760079751081658559,"The block blk_7760079751081658559 encountered an exception while being served, indicating a potential issue with data retrieval. However, the log does not provide specific details about the nature of the exception or any subsequent retries or failures. As a result, it is unclear whether the block ended up in an inconsistent state, such as being under-replicated or lost. Further investigation would be needed to determine the overall health and status of this block."
blk_798664047382151445,"The block blk_798664047382151445 was served successfully without any errors or warnings. There were no indications of retries, failures, or inconsistencies. The operations completed normally, and the block appears to be healthy."
blk_8591104451552720112,"The block blk_8591104451552720112 was served successfully without any errors or warnings. There were no indications of retries, failures, or inconsistencies, and the block appears to be in a healthy state following routine operations."
blk_-531469051872229488,"The block with ID blk_-531469051872229488 was marked as invalid and added to the invalid set, indicating that it is no longer usable or accessible. There are no indications of errors, exceptions, or warnings related to operations on this block, but its status suggests it may have been deleted or corrupted. The block is now in an inconsistent state and is not available for further operations."
blk_-4657423175636611807,"The block with ID blk_-4657423175636611807 was marked as invalid and added to the invalid set, indicating it is no longer considered usable within the HDFS. There are no indications of errors, exceptions, or warnings related to this block's operations, nor were there any retries or failures noted. The block is likely in an inconsistent state due to being invalidated, but no further details on its previous state or operations are provided."
blk_-6117917602803602155,"The block with ID blk_-6117917602803602155 was marked as invalid and added to the invalid set, indicating that it is no longer considered a valid block in the HDFS. There are no indications of errors, exceptions, or warnings related to this block's operations, and it does not appear to have undergone any routine operations or retries. The block is now in an inconsistent state, as it has been deemed invalid without further context on the reason for its invalidation."
blk_-7584542530081657301,"The block with ID blk_-7584542530081657301 was marked as invalid and added to the invalid set, indicating that it is no longer usable. There are no indications of errors, exceptions, or warnings related to this block's operations, nor any retries or failures noted. The block is likely in an inconsistent state due to being invalidated, but no further details are provided regarding its previous status or any operations that may have led to this outcome."
blk_4640277741339926850,"The block with ID blk_4640277741339926850 was marked as invalid and added to the invalid set, indicating that it is no longer considered a valid block within the HDFS. There are no indications of errors, exceptions, or warnings related to this block's operations prior to its invalidation. The log does not suggest any retries or failures associated with this block, nor does it indicate that the block ended up in an inconsistent state such as being under-replicated or corrupted. The operation appears to have been a straightforward deletion process without any unusual patterns or cascading errors."
blk_-7285565997486715015,"The block with ID blk_-7285565997486715015 was marked as invalid and added to the invalid set, indicating that it is no longer accessible or usable within the HDFS. There are no indications of errors, exceptions, or warnings related to this block's operations prior to its invalidation, and no retries or failures were noted. As a result, the block is likely in an inconsistent state, as it has been rendered invalid without further context on its previous status or operations."
blk_3652427357251545055,"The block with ID blk_3652427357251545055 was marked as invalid and added to the invalid set, indicating that it is no longer usable within the HDFS. There are no indications of errors, exceptions, or warnings related to this block's operations prior to its invalidation. The block did not undergo any successful operations or retries, and it ended up in an inconsistent state as an invalid block."
blk_5163387277374142808,"The block with ID blk_5163387277374142808 was marked as invalid and added to the invalid set, indicating that it is no longer considered usable within the HDFS. There are no indications of errors, exceptions, or warnings related to this block's operations prior to its invalidation, suggesting that it may have been deleted or became corrupted without further context provided in the logs. The block is now in an inconsistent state and is not available for retrieval or replication."
blk_-1342669964196815853,"The block with ID blk_-1342669964196815853 was marked as invalid and added to the invalid set, indicating that it is no longer accessible or usable within the HDFS. There are no indications of errors, exceptions, or warnings related to this block's operations prior to its invalidation, and no retries or failures are noted. The block is now in an inconsistent state, as it has been deemed invalid."
blk_-424018194735922479,"The block with ID blk_-424018194735922479 was marked as invalid and added to the invalid set, indicating that it is no longer accessible or usable within the HDFS. There are no indications of errors, exceptions, or warnings related to this block's operations, nor were there any retries or failures noted. The block is likely in an inconsistent state due to being invalidated, but no further details on its previous state or operations are provided."
blk_-3754029959138975487,"The block with ID blk_-3754029959138975487 was marked as invalid and added to the invalid set, indicating that it is no longer usable. There are no indications of errors, exceptions, or warnings related to this block's operations prior to its invalidation. The log does not show any retries or failures associated with this block, but its status suggests it may have been lost or corrupted, leading to its removal from active use. Overall, the block ended up in an inconsistent state as it was deemed invalid."
blk_-4149539113118855204,"The block with ID blk_-4149539113118855204 was marked as invalid and added to the invalid set, indicating that it is no longer accessible or usable within the HDFS. There are no indications of errors, exceptions, or warnings related to this block's operations prior to its invalidation. The log does not suggest any retries or failures associated with this block, nor does it indicate that the block was ever in a healthy state before being marked invalid. As a result, the block is likely lost or corrupted, and its status is inconsistent within the system."
blk_5868517220927475394,"The block with ID blk_5868517220927475394 was marked as invalid and added to the invalid set, indicating that it is no longer usable. There are no indications of errors, exceptions, or warnings related to this block's operations prior to its invalidation. The log does not specify any retries or failures associated with this block, nor does it indicate whether it was under-replicated, corrupted, or lost prior to being marked invalid. Overall, the block appears to have transitioned to an invalid state without any notable operational issues leading up to that point."
blk_6093858391888371854,"The block with ID blk_6093858391888371854 was marked as invalid and added to the invalid set, indicating that it has been deemed unusable. There are no indications of successful operations or retries, and the block appears to be in an inconsistent state, likely lost or corrupted. No specific errors or exceptions were logged beyond its invalidation."
blk_7048740572660501729,"The block with ID blk_7048740572660501729 was marked as invalid and added to the invalid set, indicating that it is no longer usable. There are no indications of errors, exceptions, or warnings related to this block's operations prior to its invalidation. The block did not undergo any successful operations or retries, and it ended up in an inconsistent state as it was deemed invalid."
blk_-2025578204394955498,"The block with ID blk_-2025578204394955498 was marked as invalid and added to the invalid set, indicating that it is no longer considered valid or usable within the HDFS. There are no indications of errors, exceptions, or warnings related to this block's operations, nor are there any retries or failures noted. The block has ended up in an inconsistent state, as it has been invalidated, but no further details about the cause of this invalidation are provided in the log lines."
blk_-795209964982424254,"The block with ID blk_-795209964982424254 was marked as invalid and added to the invalid set, indicating that it is no longer accessible or usable within the HDFS. There are no indications of errors, exceptions, or warnings related to this block's operations, nor were there any retries or failures reported. The block is now in an inconsistent state, as it has been deemed invalid."
blk_7606019272539977822,"The block with ID blk_7606019272539977822 was marked as invalid and added to the invalid set, indicating that it is no longer accessible or usable within the HDFS. There are no indications of errors, exceptions, or warnings related to this block's operations, nor were there any retries or failures noted in the log lines. The block is likely in an inconsistent state, as it has been invalidated without further context on its previous status or operations."
blk_1960893136630391966,"The block with ID blk_1960893136630391966 was marked as invalid and added to the invalid set, indicating that it is no longer accessible or usable within the HDFS. There are no indications of errors, exceptions, or warnings related to this block's operations prior to its invalidation. The log does not suggest any retries or failures associated with this block, nor does it indicate that the block was in a consistent state before being marked invalid. Overall, the block appears to have been rendered unusable without any prior operational issues documented in the logs."
blk_-8632488927959646482,"The block with ID blk_-8632488927959646482 was marked as invalid and added to the invalid set, indicating that it is no longer considered a valid block in the system. There are no indications of errors, exceptions, or warnings related to this block's operations, nor any retries or failures noted. The block appears to have been removed from active use, but there is no information suggesting it ended up in an inconsistent state such as being under-replicated or corrupted."
blk_1302893891174665780,"The block with ID blk_1302893891174665780 was marked as invalid and added to the invalid set, indicating that it is no longer considered usable within the HDFS. There are no indications of errors, exceptions, or warnings related to this block's operations prior to its invalidation. The log does not provide information on retries or failures, but the block's status suggests it may have been lost or corrupted, leading to its invalidation. Overall, this block is now in an inconsistent state and is not available for further operations."
blk_-490230821467544285,"The block with ID blk_-490230821467544285 was marked as invalid and added to the invalid set, indicating that it is no longer usable. There are no indications of errors, exceptions, or warnings related to this block's operations prior to its invalidation. The log does not show any retries or failures associated with this block, nor does it indicate that the block ended up in an inconsistent state such as being under-replicated or corrupted. The operation appears to have been a straightforward deletion without any unusual patterns or cascading errors."
blk_4713968111267226537,"The block with ID blk_4713968111267226537 was marked as invalid and added to the invalid set, indicating that it is no longer accessible or usable within the HDFS. There are no indications of errors, exceptions, or warnings related to this block's operations prior to its invalidation. The log does not suggest any retries or failures associated with this block, but its status is now inconsistent as it has been deemed invalid."
blk_7473411975130090672,"The block with ID blk_7473411975130090672 was marked as invalid and added to the invalid set, indicating that it is no longer usable. There are no indications of errors or exceptions related to this block's operations, but its status suggests it may have been deleted or corrupted. No retries or failures were noted, and the block ended up in an inconsistent state as it was deemed invalid."
blk_753559000954836892,"The block blk_753559000954836892 was marked as invalid and added to the invalid set, indicating that it is no longer accessible or usable within the HDFS. There were no indications of errors, exceptions, or warnings related to this block's operations, nor were there any retries or failures noted. The block is now in an inconsistent state, as it has been deemed invalid."
blk_9085898147979939648,"The block with ID blk_9085898147979939648 was marked as invalid and added to the invalid set, indicating that it is no longer usable. There are no indications of errors, exceptions, or warnings related to this block's operations, nor were there any retries or failures reported. The block appears to have been removed from the active dataset without any further details on its previous state or operations."
blk_-5403209762224435166,"The block with ID blk_-5403209762224435166 was marked as invalid and added to the invalid set, indicating that it is no longer considered valid within the HDFS. There are no indications of errors, exceptions, or warnings related to this block's operations, nor are there any retries or failures noted. The block appears to have been removed from the active set without any further details on its previous state or operations, suggesting a clean deletion process without cascading errors or unusual patterns."
blk_-6932221506331060207,"The block with ID blk_-6932221506331060207 was marked as invalid and added to the invalid set, indicating that it is no longer accessible or usable within the HDFS. There are no indications of errors, exceptions, or warnings related to this block's operations prior to its invalidation, nor are there any details about retries or failures. The block is likely in a lost state, as it has been explicitly invalidated without further context on its previous status or operations."
blk_-7693277678281547790,"The block with ID blk_-7693277678281547790 was marked as invalid and added to the invalid set, indicating that it is no longer accessible or usable within the HDFS. There are no indications of errors, exceptions, or warnings related to this block's operations, nor were there any retries or failures logged. The block is now in an inconsistent state, as it has been deemed invalid."
blk_3792448673967861371,"The block blk_3792448673967861371 was marked as invalid and added to the invalid set, indicating that it is no longer considered valid by the NameNode. There are no indications of errors, exceptions, or warnings related to this block's operations prior to its invalidation. The block does not appear to have undergone any routine operations or successful completions, and its status suggests it may be lost or corrupted."
blk_5496448884081025648,"The block with ID blk_5496448884081025648 was marked as invalid and added to the invalid set, indicating that it is no longer usable. There are no indications of errors, exceptions, or warnings related to this block's operations prior to its invalidation. The log does not provide information about retries or failures, but the block's status suggests it may have been lost or corrupted, leading to its removal from active use. Overall, the block ended up in an inconsistent state as it was deemed invalid."
blk_1102735311308675356,"The block with ID blk_1102735311308675356 was marked as invalid and added to the invalid set, indicating that it is no longer accessible or usable within the HDFS. There are no indications of errors, exceptions, or warnings related to this block's operations prior to its invalidation. The log does not provide information on retries or failures, but the block's status suggests it is in an inconsistent state, as it has been deemed invalid."
blk_7094265091490664593,"The block with ID blk_7094265091490664593 was marked as invalid and added to the invalid set, indicating that it is no longer usable or accessible. There are no indications of errors, exceptions, or warnings related to this block's operations prior to its invalidation. The block did not undergo any retries or failures during its lifecycle as per the provided log lines. Consequently, the block is now in an inconsistent state, being marked as invalid without any further context on its previous status or operations."
blk_-1271403908410292619,"The block with ID blk_-1271403908410292619 was marked as invalid and added to the invalid set, indicating that it is no longer usable. There are no indications of errors, exceptions, or warnings related to this block's operations prior to its invalidation. The block did not experience any retries or failures during its lifecycle as per the provided log lines, but its status suggests it may have been corrupted or lost, resulting in its removal from active use."
blk_-2439225174716664723,"The block with ID blk_-2439225174716664723 was marked as invalid and added to the invalid set, indicating that it is no longer accessible or usable within the HDFS. There are no indications of errors, exceptions, or warnings related to this block's operations prior to its invalidation. The log does not show any retries or failures associated with this block, nor does it indicate any unusual patterns or states such as under-replication or corruption. The block has been rendered unusable without further context on the reason for its invalidation."
blk_-9220604860626391374,"The block with ID blk_-9220604860626391374 was marked as invalid and added to the invalid set, indicating that it is no longer considered a valid block within the HDFS. There are no indications of errors, exceptions, or warnings related to this block's operations prior to its invalidation. The log does not provide details on retries or failures, nor does it indicate that the block ended up in an inconsistent state such as being under-replicated or corrupted. The operation appears to have been a routine deletion process without any unusual patterns or cascading errors."
blk_-2557432794238860908,"The block blk_-2557432794238860908 was successfully served to a client without any reported errors or exceptions. There were no indications of retries, failures, or any unusual behavior. The block appears to be in a healthy state following routine operations."
blk_-8214089520956286311,"The block blk_-8214089520956286311 was successfully received with a size of 67,108,864 bytes. There were no errors, exceptions, or warnings reported during the operation, indicating that the block was processed normally without any issues. The block is in a healthy state with no indications of under-replication, corruption, or loss."
blk_-8949548167466276130,"The block blk_-8949548167466276130 was deleted without any indication of errors or warnings in the log lines. There are no records of retries, failures, or any unusual behavior associated with this block. It appears to have been removed successfully, indicating that it was likely in a healthy state prior to deletion."
blk_-4831379247767940447,"The block blk_-4831379247767940447 was successfully received without any errors or exceptions. The operation completed normally, indicating that the block is healthy and in a consistent state. There were no retries, failures, or unusual patterns observed during this operation."
blk_-7548149518969960333,"The block blk_-7548149518969960333 was deleted successfully without any errors or exceptions reported. There were no indications of failures, retries, or inconsistencies associated with this block. The operation completed normally, resulting in the block being removed from the file system."
blk_-7353572928777348242,"The block blk_-7353572928777348242 was deleted without any indication of errors or issues. There were no retries or failures reported during this operation, and the block did not end up in an inconsistent state. The deletion appears to have been a routine operation."
blk_7206839389762980382,"The block blk_7206839389762980382 was deleted successfully without any reported errors or exceptions. There were no indications of failures, retries, or inconsistencies associated with this block. The operation completed normally, resulting in the block being removed from the filesystem."
blk_-9171803179611497035,"The block blk_-9171803179611497035 was deleted without any indication of errors or issues during the operation. There are no recorded exceptions, warnings, or failures associated with this block, suggesting that the deletion process was completed normally and the block is no longer present in the system. There are no signs of the block being in an inconsistent state prior to deletion."
blk_-4598246018559857954,"The block blk_-4598246018559857954 was deleted without any indication of errors or warnings. There were no retries or failures reported during this operation, and the block does not appear to have ended up in an inconsistent state. The deletion was completed normally, suggesting that the block was likely no longer needed or was part of a routine cleanup process."
blk_-6901909114834172466,"The block blk_-6901909114834172466 was deleted without any indication of errors or issues. There are no recorded exceptions, warnings, or retries associated with this operation, suggesting that the deletion was routine and completed successfully. The block does not appear to be in an inconsistent state, as there are no indications of under-replication, corruption, or loss."
blk_-6075803209168884005,"The block blk_-6075803209168884005 was deleted without any indication of errors or issues. There were no retries or failures reported during this operation, and the block did not end up in an inconsistent state. The deletion process completed normally, indicating that the block was successfully removed from the system."
blk_-8617088607862430908,"The block blk_-8617088607862430908 was deleted without any indication of errors or warnings. There were no retries or failures noted in the log lines, and the block did not end up in an inconsistent state, as it was successfully removed from the filesystem. No unusual patterns or operations were reported regarding this block."
blk_7347539858784653625,"The block blk_7347539858784653625 was successfully received without any errors or exceptions. The operation completed normally, indicating that the block is healthy and in a consistent state. There were no retries, failures, or unusual patterns noted during this operation."
blk_7855353385462032387,"The block blk_7855353385462032387 was deleted without any indication of errors or issues. There were no retries or failures reported during this operation, and the block did not end up in an inconsistent state. The deletion process completed normally."
blk_3733339790842827121,"The block blk_3733339790842827121 was deleted successfully without any errors or exceptions reported. There were no indications of failures, retries, or any unusual behavior associated with this operation. The block does not appear to be in an inconsistent state, as the deletion process completed normally."
blk_-9017308542351369260,"The block with ID blk_-9017308542351369260 was deleted without any indication of errors or issues. There were no warnings, exceptions, or failures reported during this operation, suggesting that the deletion process was routine and completed successfully. The block does not appear to have entered an inconsistent state, as there are no indications of under-replication, corruption, or loss."
blk_-3734839878416656496,"The block blk_-3734839878416656496 was successfully received with a size of 67,108,864 bytes. There were no errors, exceptions, or warnings reported during the operation, indicating that the block was processed normally without any issues. The block is in a healthy state with no inconsistencies or unusual patterns observed."
blk_-8360774680830158225,"The block blk_-8360774680830158225 was deleted without any indication of errors or issues. There are no recorded exceptions, warnings, or failures associated with this operation, suggesting that the deletion was executed normally and the block was not in an inconsistent state prior to deletion."
blk_-6942784423611603919,"The block blk_-6942784423611603919 was deleted without any indication of errors or warnings in the log lines. There were no retries or failures reported, and the block did not end up in an inconsistent state. The operation was completed normally, resulting in the successful removal of the block from the filesystem."
blk_-5603192027616633151,"The block blk_-5603192027616633151 was deleted successfully without any reported errors or exceptions. There were no indications of failures or retries, and the block did not end up in an inconsistent state. The operation was routine, resulting in the block being removed from the filesystem."
blk_-7854501109698465657,"The block blk_-7854501109698465657 was deleted successfully without any reported errors or exceptions. There were no indications of failures, retries, or inconsistencies associated with this operation. The block appears to have been removed as part of routine maintenance or cleanup processes."
blk_-4551689611865410817,"The block blk_-4551689611865410817 was deleted without any indication of errors or issues. There were no retries, failures, or warnings associated with this operation, and the block did not end up in an inconsistent state. The deletion process completed normally."
blk_-1750007847201154657,"The block blk_-1750007847201154657 was deleted without any indication of errors or issues. There were no retries or failures reported during this operation, and the block did not end up in an inconsistent state. The deletion process completed normally, suggesting that the block was healthy prior to its removal."
blk_-3564493590065542578,"The block blk_-3564493590065542578 was deleted without any indication of errors or issues. There are no reported exceptions, warnings, or failures associated with this operation, suggesting that the deletion was routine and completed successfully. The block did not end up in an inconsistent state, and there were no retries or unusual patterns observed."
blk_-2929627680703662712,"The block blk_-2929627680703662712 was deleted successfully from the HDFS. There are no indications of errors, exceptions, or warnings associated with this operation, and the block did not end up in an inconsistent state. The deletion appears to have been routine, with no retries or failures reported."
blk_2708206493147801743,"The block blk_2708206493147801743 was deleted without any indication of errors or warnings in the log lines. There were no retries or failures reported, and the block did not end up in an inconsistent state. The operation was completed normally, resulting in the successful removal of the block from the filesystem."
blk_-4110699195744660699,"The block blk_-4110699195744660699 was deleted without any indication of errors or issues. There were no retries or failures reported during this operation, and the block did not end up in an inconsistent state. The deletion appears to have been a routine operation."
blk_7721951162137927252,"The block blk_7721951162137927252 was deleted successfully without any reported errors or exceptions. There were no indications of failures, retries, or inconsistencies related to this block, suggesting that it was removed as part of routine operations."
blk_-1535908830476495455,"The block blk_-1535908830476495455 was deleted without any indication of errors or issues. There were no retries or failures reported during this operation, and the block did not end up in an inconsistent state. The deletion appears to have been a routine operation."
blk_1184972950286241114,"The block blk_1184972950286241114 was deleted without any indication of errors or warnings in the log lines. There were no retries or failures noted, and the block did not end up in an inconsistent state. The operation completed normally, resulting in the successful removal of the block from the filesystem."
blk_-3396836569886642130,"The block blk_-3396836569886642130 was deleted successfully without any reported errors or exceptions. There were no indications of retries or failures during this operation, and the block did not end up in an inconsistent state. The deletion process appears to have been routine and completed normally."
blk_22457656256024207,"The block blk_22457656256024207 was deleted successfully without any reported errors or exceptions. There were no indications of failures, retries, or unusual behavior associated with this operation. The block did not end up in an inconsistent state, as it was removed as part of routine maintenance."
blk_5905689738251144455,"The block blk_5905689738251144455 was deleted successfully without any reported errors or exceptions. There were no indications of failures, retries, or inconsistencies, and the block appears to have been removed as part of routine operations."
blk_-2210703755506918304,"The block blk_-2210703755506918304 was deleted without any indication of errors or issues in the log lines. There are no recorded exceptions, warnings, or failures associated with this operation, suggesting that the deletion was routine and completed successfully. The block does not appear to have ended up in an inconsistent state, as there are no indications of under-replication or corruption prior to deletion."
blk_773599351835388127,"The block blk_773599351835388127 was deleted without any indication of errors or warnings in the log lines. There were no operations that failed or retried, and the block did not end up in an inconsistent state. The deletion appears to have been a routine operation."
blk_3921292580505776296,"The block blk_3921292580505776296 was deleted without any indication of errors or issues. There were no retries or failures noted in the log lines, and the block does not appear to have ended up in an inconsistent state. The operation was completed normally, resulting in the successful removal of the block from the filesystem."
blk_4162832865986721185,"The block blk_4162832865986721185 was deleted without any indication of errors or issues. There are no recorded exceptions, warnings, or failures related to this block, suggesting that the deletion process completed normally and the block is no longer present in the system. No unusual patterns or states were observed, and the block did not end up in an inconsistent state."
blk_2156262111024914941,"The block blk_2156262111024914941 was deleted successfully without any reported errors or warnings. There were no indications of failures, retries, or inconsistencies associated with this block, suggesting that it was removed as part of routine operations."
blk_4658551441818960395,"The block blk_4658551441818960395 was deleted successfully without any errors or warnings. There were no indications of failures, retries, or inconsistencies, and the operation completed normally."
blk_3076992299328673559,"The block blk_3076992299328673559 was deleted without any reported errors or exceptions. There were no indications of failures, retries, or unusual behavior associated with this operation. The block appears to have been removed successfully and is not in an inconsistent state."
blk_6085442148007558065,"The block blk_6085442148007558065 was deleted successfully without any reported errors or warnings. There were no indications of failures, retries, or issues related to replication, and the block did not end up in an inconsistent state. The operation was routine and completed normally."
blk_1746384029810476219,"The block blk_1746384029810476219 was deleted successfully without any errors or warnings reported. There were no retries or failures associated with this operation, and the block did not end up in an inconsistent state. The deletion process completed normally, indicating routine maintenance of the block."
blk_4939101994162863442,"The block blk_4939101994162863442 was deleted without any indication of errors or warnings. There were no retries or failures reported during this operation, and the block did not end up in an inconsistent state. The deletion appears to have been a routine operation, completing normally."
blk_1144571179430079218,"The block blk_1144571179430079218 was deleted without any indication of errors or issues. There are no reported exceptions, warnings, or failures associated with this operation. The block appears to have been removed successfully, indicating a routine operation without any unusual behavior or inconsistencies."
blk_8693774866554287286,"The block blk_8693774866554287286 was deleted successfully without any reported errors, exceptions, or warnings. There were no indications of issues such as replication failures, missing blocks, or inconsistencies. The operation completed normally, resulting in the block being removed from the filesystem."
blk_6695517786834913217,"The block blk_6695517786834913217 was deleted without any indication of errors or warnings in the log lines. There were no retries or failures reported, and the block did not end up in an inconsistent state. The operation appears to have completed normally."
blk_70980361971054326,"The block blk_70980361971054326 was deleted without any indication of errors or warnings in the log lines. There were no retries or failures noted, and the block does not appear to have ended up in an inconsistent state. The operation completed normally, resulting in the successful deletion of the block."
blk_6499414220139660338,"The block blk_6499414220139660338 was deleted without any indication of errors or exceptions in the log lines. There were no retries or failures reported, and the block did not end up in an inconsistent state. The operation completed normally, resulting in the successful deletion of the block."
blk_8598135237831029828,"The block blk_8598135237831029828 was deleted without any indication of errors or issues. There were no retries or failures reported during this operation, and the block did not end up in an inconsistent state. The deletion process completed normally, indicating that the block was handled as expected."
blk_7108974241330205218,"The block blk_7108974241330205218 was deleted successfully without any errors or warnings. There were no indications of failures, retries, or inconsistencies associated with this block. The operation completed normally, resulting in the block being removed from the file system."
blk_8929806114713265094,"The block blk_8929806114713265094 was deleted successfully from the HDFS. There are no errors, exceptions, or warnings noted in the log lines, indicating that the deletion operation completed normally without any issues. The block does not appear to be in an inconsistent state, as it was removed as intended."
blk_6445339027653789144,"The block blk_6445339027653789144 was deleted successfully without any reported errors or exceptions. There were no indications of failures, retries, or inconsistencies associated with this block. The operation completed normally, resulting in the block being removed from the filesystem."
blk_3235988328669699941,"The block blk_3235988328669699941 was successfully received without any errors or exceptions. The operation was completed normally, indicating that the block is healthy and in a consistent state. There were no retries, failures, or unusual patterns observed during this operation."
blk_8699831307500970779,"The block blk_8699831307500970779 was deleted without any indication of errors or issues. There were no retries or failures reported during this operation, and the block does not appear to have ended up in an inconsistent state. The deletion process completed normally, suggesting that the block was healthy prior to its removal."
blk_3221204570666147236,"The block blk_3221204570666147236 was deleted successfully without any errors or warnings. There were no indications of failures, retries, or inconsistencies, and the block is no longer present in the system."
blk_-5808893254440551816,"The block blk_-5808893254440551816 was successfully received without any errors or exceptions. The operation completed normally, indicating that the block is healthy and in a consistent state. There were no retries, failures, or unusual patterns noted during this operation."
blk_3940282600163903101,"The block blk_3940282600163903101 experienced a termination of its PacketResponder, indicating that there were no further operations or responses needed for this block at that time. There are no errors, exceptions, or warnings reported, suggesting that the block is in a healthy state with routine operations completed normally."
blk_4233013542759682998,"The block blk_4233013542759682998 was successfully received without any errors or exceptions. The operation completed normally, indicating that the block is healthy and in a consistent state. There were no retries, failures, or unusual patterns observed during this operation."
blk_7360639743953947587,"The block blk_7360639743953947587 was deleted successfully without any reported errors or exceptions. There were no indications of failures, retries, or unusual behavior associated with this operation. The block did not end up in an inconsistent state, as it was removed as part of routine operations."
blk_4182287230523664560,"The block blk_4182287230523664560 was successfully received with a size of 67,108,864 bytes. There were no errors, exceptions, or warnings reported during the operation, indicating that the block was processed normally and is in a healthy state. All operations related to this block completed successfully without any retries or failures."
blk_995094303184954394,"The block blk_995094303184954394 was successfully received without any reported errors or exceptions. The operation completed normally, indicating that the block is healthy and in a consistent state. There were no retries, failures, or unusual patterns observed during this operation."
blk_3585424189730250601,"The block blk_3585424189730250601 was successfully added to the block map with a size of 67,108,864 bytes. There were no errors, exceptions, or warnings reported during the operation, indicating that the block was handled normally without any issues. The block is in a healthy state with no inconsistencies or unusual patterns observed."
blk_-5680441982827916621,"The block blk_-5680441982827916621 experienced a termination of its PacketResponder, indicating that there were no ongoing operations or errors reported for this block. There were no specific errors, exceptions, or warnings logged, and the block appears to be in a healthy state with routine operations completed normally."
blk_2089955821703690032,"The block blk_2089955821703690032 experienced a termination of its PacketResponder, indicating that there may have been issues with data transmission or acknowledgment. However, there are no specific errors, exceptions, or warnings indicating failures or inconsistencies with the block itself. The log does not suggest any retries, failures, or unusual patterns, implying that the block is likely in a healthy state despite the termination of the PacketResponder."
blk_1151012386083696649,"The block blk_1151012386083696649 was successfully added to the block map with a size of 67,108,864 bytes. There were no errors, exceptions, or warnings reported during the operation, indicating that the block is healthy and all operations completed normally without any issues."
blk_4149909442914612270,"The block blk_4149909442914612270 was received successfully without any reported errors or exceptions. The operation completed normally, indicating that the block is healthy and in a consistent state. There were no retries, failures, or unusual patterns observed during this operation."
blk_2282833575688432184,"The block blk_2282833575688432184 experienced a termination of its PacketResponder, indicating that the block was likely not fully processed or acknowledged by the datanodes. There are no specific errors, exceptions, or warnings indicating failures or issues with replication, but the termination of the PacketResponder suggests that the block may not have completed its intended operations successfully. Further investigation would be needed to determine the final state of the block, as the log does not provide enough information to confirm whether it is under-replicated, corrupted, or lost."
blk_3960527526103274525,"The block blk_3960527526103274525 was successfully received with a size of 67,108,864 bytes. There were no errors, exceptions, or warnings reported during the operation, indicating that the block was handled normally without any issues. The block is in a healthy state with no inconsistencies or unusual patterns noted."
blk_-852118157909078164,"The block blk_-852118157909078164 was received successfully without any errors or exceptions. The operation was routine, indicating that the block was transferred from the source to the destination without issues. There were no retries, failures, or unusual patterns noted in the log lines, and the block remains in a healthy state."
blk_4292382298896622412,"The block blk_4292382298896622412 was successfully initiated for transfer from one datanode to another. There are no recorded errors, exceptions, or warnings in the log lines, indicating that the operation proceeded normally without any retries or failures. The block appears to be in a healthy state, with no indications of being under-replicated, corrupted, or lost."
blk_-185994527242886002,"The block blk_-185994527242886002 was successfully received with a size of 3,552,954 bytes. There were no errors, exceptions, or warnings reported during the operation, indicating that the block was handled normally without any issues. The block is in a healthy state with no inconsistencies or unusual patterns noted."
blk_8761786041973172187,"The block blk_8761786041973172187 was successfully added to the block map with a size of 64 MB. There were no errors, exceptions, or warnings reported during the operation, indicating that the block was handled normally and is in a healthy state."
blk_-5471660287004025096,"The block blk_-5471660287004025096 was successfully added to the block map with a size of 67,108,864 bytes. There were no errors, exceptions, or warnings reported during this operation, indicating that the block is healthy and all operations completed normally."
blk_3755116621101133849,"The block blk_3755116621101133849 experienced a termination of its PacketResponder, indicating that the communication process for this block was completed without any reported errors or issues. There are no indications of failures, retries, or inconsistencies associated with this block, suggesting that it is in a healthy state with all operations having completed normally."
blk_-5542336029922582303,"The block with ID blk_-5542336029922582303 was successfully added to the block map with a size of 67,108,864 bytes. There are no errors, exceptions, or warnings reported in the log lines, indicating that the block is in a healthy state and operations completed normally."
blk_165707910410871749,"The block blk_165707910410871749 experienced a termination of its PacketResponder, indicating that there may have been issues with communication or data transfer related to this block. However, there are no specific errors, exceptions, or warnings indicating failures or inconsistencies in the block's state. The log does not provide evidence of retries, failures, or unusual patterns, suggesting that the block may still be in a healthy state despite the termination of the PacketResponder. Further investigation may be needed to confirm the block's integrity and operational status."
blk_2957756905007569214,"The block blk_2957756905007569214 experienced a termination of its PacketResponder, indicating that the communication for this block was interrupted. There are no indications of errors, exceptions, or warnings related to replication, missing blocks, or other issues. The block appears to have completed its operations normally without any reported failures or inconsistencies."
blk_4884219613602801814,"The block blk_4884219613602801814 experienced a termination of the PacketResponder, indicating that the process responsible for sending acknowledgments for data packets related to this block has completed its operation. There are no indications of errors, exceptions, or warnings in the log lines, suggesting that the block is in a healthy state with routine operations having been performed successfully. No retries, failures, or inconsistencies were noted for this block."
blk_6698851413708497072,"The block blk_6698851413708497072 was successfully received with a size of 67,108,864 bytes. There are no reported errors, exceptions, or warnings associated with this block, indicating that the operation completed normally without any issues. The block is in a healthy state with no inconsistencies or failures noted."
blk_6730979070070986233,"The block blk_6730979070070986233 was successfully received with a size of 67108864 bytes. There were no errors, exceptions, or warnings reported during the operation, indicating that the block was processed normally and is in a healthy state. All operations related to this block completed successfully without any retries or failures."
blk_-468830939205980722,"The block blk_-468830939205980722 was deleted successfully without any reported errors or exceptions. There were no indications of failures, retries, or inconsistencies associated with this block. The operation completed normally, resulting in the block being removed from the system."
blk_-7056746602297676104,"The block blk_-7056746602297676104 was successfully received with a size of 67,108,864 bytes. There were no errors, exceptions, or warnings reported during the operation, indicating that the block was handled normally without any issues. The block is in a healthy state with no inconsistencies or unusual patterns observed."
blk_8473858691873523269,"The block blk_8473858691873523269 was successfully received without any errors or exceptions. The operation completed normally, indicating that the block is healthy and in a consistent state. No retries, failures, or unusual patterns were noted during this operation."
blk_6686361711974377273,"The block blk_6686361711974377273 was successfully received with a size of 3,554,889 bytes from a datanode. No errors, exceptions, or warnings were reported during the operation, indicating that the block was handled normally without any issues. The block is in a healthy state with no indications of under-replication, corruption, or loss."
blk_-6442394521537090621,"The block blk_-6442394521537090621 was successfully added to the block map with a size of 67,108,864 bytes. There were no errors, exceptions, or warnings reported during this operation, indicating that the block is healthy and in a consistent state. All operations related to this block completed normally without any retries or failures."
blk_-5140072410813878235,"The block with ID blk_-5140072410813878235 was requested for deletion by the NameNode. There are no indications of errors, exceptions, or warnings in the log lines, and no operations were retried or failed. The block appears to have been handled normally, with the deletion request being the only notable operation recorded. There is no evidence of the block being in an inconsistent state, as the log does not mention issues such as under-replication, corruption, or loss."
blk_6039898256291822367,"The block blk_6039898256291822367 was successfully added to the block map with a size of 67,108,864 bytes. There were no errors, exceptions, or warnings reported during this operation, indicating that the block was handled normally and is in a healthy state."
blk_-7988596544606686086,"The block with ID blk_-7988596544606686086 was successfully allocated without any errors or exceptions. The operation completed normally, indicating that the block is healthy and in a consistent state. There were no retries, failures, or unusual patterns observed during this operation."
blk_5729560286355779655,"The block blk_5729560286355779655 experienced a termination of its PacketResponder, indicating that the communication for this block was concluded without any reported errors or exceptions. There are no indications of retries, failures, or any inconsistent states such as under-replication or corruption. The operations related to this block appear to have completed normally."
blk_-989798817617753264,"The block blk_-989798817617753264 was successfully added to the block map with a size of 67,108,864 bytes. There were no errors, exceptions, or warnings reported during this operation, indicating that the block was processed normally and is in a healthy state."
blk_-2242088550278361724,"The block blk_-2242088550278361724 was successfully received with a size of 67,108,864 bytes. No errors, exceptions, or warnings were reported during the operation, indicating that the block was processed normally and is in a healthy state. There were no retries or failures, and the block is not under-replicated, corrupted, or lost. All operations related to this block completed successfully."
blk_5602895463700536678,"The block blk_5602895463700536678 was successfully received with a size of 67,108,864 bytes. There were no errors, exceptions, or warnings reported during the operation, indicating that the block was processed normally without any issues. The block is in a healthy state with no indications of under-replication, corruption, or loss."
blk_7580930377559819562,"The block blk_7580930377559819562 was successfully received without any errors or exceptions. The operation completed normally, indicating that the block is healthy and in a consistent state. There were no retries, failures, or unusual patterns noted during this operation."
blk_429279891070363457,"The log indicates that the PacketResponder for block blk_429279891070363457 has terminated, but there are no specific errors, exceptions, or warnings reported. There are no indications of retries, failures, or any unusual patterns. The block appears to be in a healthy state with routine operations completing normally."
blk_-9132218772786220159,"The block with ID blk_-9132218772786220159 experienced a termination of the PacketResponder, indicating that the communication for this block was interrupted. There are no indications of errors, exceptions, or warnings related to this block's operations, suggesting that it did not encounter any issues during its lifecycle. The block appears to be in a healthy state, with no signs of under-replication, corruption, or loss."
blk_-2901266958756042716,"The block blk_-2901266958756042716 was successfully received without any errors or exceptions. The operation was completed normally, indicating that the block is healthy and in a consistent state. There were no retries, failures, or unusual patterns noted during this operation."
blk_6323743466920239525,"The block blk_6323743466920239525 was successfully received with a size of 67,108,864 bytes. There were no errors, exceptions, or warnings reported during this operation, indicating that the block was processed normally without any issues. The block is in a healthy state with no indications of under-replication, corruption, or loss."
blk_-7948158002985968470,"The block blk_-7948158002985968470 experienced a termination of its PacketResponder, indicating that there were no further operations or responses being processed for this block. There are no recorded errors, exceptions, or warnings associated with this block, suggesting that it is in a healthy state with routine operations completed normally."
blk_-8974021306351083168,"The block blk_-8974021306351083168 was successfully received without any errors or exceptions. The operation was completed normally, indicating that the block is healthy and in a consistent state. There were no retries, failures, or unusual patterns observed during this operation."
blk_-4917866339076366459,"The block blk_-4917866339076366459 experienced a termination of the PacketResponder, indicating that the block's data transfer process was completed without any reported errors or exceptions. There were no indications of retries, failures, or inconsistencies, suggesting that the block remained healthy and all operations were executed normally."
blk_8063831442998721547,"The block blk_8063831442998721547 was successfully added to the block map with a size of 67,108,864 bytes. There were no errors, exceptions, or warnings reported during this operation, indicating that the block is healthy and all operations completed normally without any retries or failures. The block is in a consistent state."
blk_-4468645577339843974,"The block blk_-4468645577339843974 was successfully allocated without any errors or warnings. The operation completed normally, indicating that the block is healthy and in a consistent state. There were no retries, failures, or unusual patterns observed during this operation."
blk_9121519145462575118,"The block blk_9121519145462575118 was successfully received without any errors or exceptions. The operation completed normally, indicating that the block is healthy and in a consistent state. There were no retries, failures, or unusual patterns observed during this operation."
blk_-6773301007994789531,"The block blk_-6773301007994789531 experienced a termination of its PacketResponder, indicating that there were no ongoing operations or issues at that moment. There are no recorded errors, exceptions, or warnings associated with this block, suggesting that it is in a healthy state with routine operations completed normally. No retries or failures were noted, and the block remains consistent without any indication of being under-replicated, corrupted, or lost."
blk_-878226404201600469,"The block blk_-878226404201600469 was successfully received without any errors or exceptions. The operation was routine, with no indications of issues such as packet responder exceptions, pipeline failures, or replication timeouts. The block appears to be in a healthy state, having completed its transfer normally."
blk_-6031720401337601269,"The block blk_-6031720401337601269 was successfully received with a size of 67,108,864 bytes. There were no errors, exceptions, or warnings reported during the operation, indicating that the block was processed normally without any issues. The block is in a healthy state with no indications of under-replication, corruption, or loss."
blk_-5159573936338473350,"The block blk_-5159573936338473350 was successfully added to the block map with a size of 64 MB. There were no errors, exceptions, or warnings reported during the operation, indicating that the block was handled normally and is in a healthy state. No retries or failures occurred, and the block is fully replicated and consistent."
blk_-703436021914343546,"The block blk_-703436021914343546 experienced a termination of the PacketResponder without any indication of successful data transfer or completion of operations. There are no recorded errors, exceptions, or warnings associated with this block, suggesting that it may not have completed its intended operations. The log does not indicate any retries, failures, or issues such as under-replication or corruption, but the abrupt termination raises concerns about the block's final state, which remains uncertain. Overall, the block appears to be in an inconsistent state due to the lack of successful completion."
blk_-8641647081502666269,"The block blk_-8641647081502666269 was successfully received with a size of 67,108,864 bytes. There were no errors, exceptions, or warnings reported during the operation, indicating that the block was handled normally without any issues. The block is in a healthy state with no signs of under-replication, corruption, or loss."
blk_3542047035353248258,"The block blk_3542047035353248258 was successfully received without any errors or exceptions. The operation completed normally, indicating that the block is healthy and in a consistent state. There were no retries, failures, or unusual patterns noted during this operation."
blk_-736188013503336717,"The block blk_-736188013503336717 experienced a termination of its PacketResponder, indicating that there may have been issues with the communication or data transfer process. However, there are no specific errors, exceptions, or warnings indicating failures or inconsistencies related to this block. The log does not show any retries or failures, nor does it suggest that the block is in an inconsistent state. Overall, the operations for this block appear to have completed without notable issues."
blk_1188202922232921994,"The block blk_1188202922232921994 was successfully received with a size of 67,108,864 bytes. There were no errors, exceptions, or warnings reported during the operation, indicating that the block was processed normally and is in a healthy state. All operations completed successfully without any retries or failures."
blk_-9049344623659872649,"The block with ID blk_-9049344623659872649 was successfully added to the block map, indicating that it was stored correctly without any errors or exceptions. The operation completed normally, and the block size is 64 MB. There are no indications of retries, failures, or any inconsistent state for this block."
blk_4575129504644372394,"The block blk_4575129504644372394 experienced a termination of its PacketResponder, indicating that there may have been issues with communication or data transfer related to this block. However, there are no specific errors, exceptions, or warnings indicating failures or inconsistencies in the block's state. The log does not provide evidence of retries, errors, or unusual patterns, suggesting that the block may not have encountered significant operational issues. Overall, the block appears to be in a stable state without notable problems."
blk_8574493302165689212,"The block blk_8574493302165689212 was successfully received without any reported errors or exceptions. The operation completed normally, indicating that the block is healthy and in a consistent state. There were no retries, failures, or unusual patterns observed during this operation."
blk_5574898547439146021,"The block blk_5574898547439146021 was successfully added to the block map with a size of 67,108,864 bytes. There were no errors, exceptions, or warnings reported during the operation, indicating that the block was handled normally and is in a healthy state. All operations completed successfully without any retries or failures."
blk_2474460483915499078,"The block blk_2474460483915499078 was successfully received with a size of 67,108,864 bytes. There were no errors, exceptions, or warnings reported during the operation, indicating that the block was processed normally and is in a healthy state. All operations related to this block completed successfully without any retries or failures."
blk_7851643274522055587,"The block blk_7851643274522055587 was successfully received with a size of 67,108,864 bytes. There were no errors, exceptions, or warnings reported during the operation, indicating that the block was processed normally and is in a healthy state. All operations related to this block completed successfully without any retries or failures."
blk_8097409435735325492,"The block blk_8097409435735325492 was successfully received with a size of 67,108,864 bytes. There were no errors, exceptions, or warnings reported during the operation, indicating that the block was processed normally and is in a healthy state. All operations related to this block completed without any issues."
blk_-966013175018359901,"The block blk_-966013175018359901 experienced a termination of its PacketResponder, indicating that the process responsible for sending acknowledgments for data packets related to this block has completed its operation. There are no indications of errors, exceptions, or warnings in the log lines provided, suggesting that the block's operations were routine and completed normally without any issues. The block remains in a healthy state with no signs of under-replication, corruption, or loss."
blk_-6802153775367591521,"The block with ID blk_-6802153775367591521 was successfully allocated without any errors or warnings. The operation completed normally, indicating that the block is healthy and in a consistent state. There were no retries, failures, or unusual patterns observed during this operation."
blk_-3300851862683571086,"The block blk_-3300851862683571086 was successfully received with a size of 67,108,864 bytes. There were no errors, exceptions, or warnings reported during this operation, indicating that the block was handled normally without any issues. The block is in a healthy state with no indications of being under-replicated, corrupted, or lost."
blk_-2035996502664501008,"The block blk_-2035996502664501008 was successfully added to the blockMap with a size of 67,108,864 bytes. There were no errors, exceptions, or warnings reported during the operation, indicating that the block was handled normally and is in a healthy state."
blk_8222237992861447018,"The block blk_8222237992861447018 was successfully received without any errors or exceptions. The operation completed normally, indicating that the block is healthy and in a consistent state. There were no retries, failures, or unusual patterns observed during this operation."
blk_6556854018013706836,"The block blk_6556854018013706836 was received successfully without any errors or exceptions. The operation completed normally, indicating that the block is healthy and in a consistent state. There were no retries, failures, or unusual patterns noted during this operation."
blk_8302956190102508375,"The block blk_8302956190102508375 was successfully received with a size of 67,108,864 bytes. There were no errors, exceptions, or warnings reported during the operation, indicating that the block was processed normally and is in a healthy state. No retries or failures occurred, and the block is fully replicated and consistent."
blk_-2583370070230800221,"The block blk_-2583370070230800221 was successfully received without any errors or exceptions. The operation completed normally, indicating that the block is healthy and in a consistent state. There were no retries, failures, or unusual patterns noted during the operation."
blk_392347292517057138,"The block blk_392347292517057138 was successfully received without any errors or exceptions. The operation completed normally, indicating that the block is healthy and in a consistent state. There were no retries, failures, or unusual patterns observed during this operation."
blk_1639683981444528748,"The block blk_1639683981444528748 experienced a termination of its PacketResponder, indicating that the communication for this block was completed without any reported errors or exceptions. There are no indications of retries, failures, or inconsistencies, suggesting that the block is healthy and all operations were performed normally."
blk_5525607749827896334,"The block blk_5525607749827896334 was successfully received without any errors or exceptions. The operation completed normally, indicating that the block is healthy and in a consistent state. There were no retries, failures, or unusual patterns observed during this operation."
blk_6809155287484296510,"The block blk_6809155287484296510 experienced a termination of its PacketResponder, indicating that there may have been an issue with the communication or acknowledgment process for this block. However, there are no specific errors, exceptions, or warnings indicating a failure in replication or data integrity. The block appears to have completed its operations without entering an inconsistent state, as no further issues or retries are noted."
blk_-5908283405801966540,"The log indicates that the PacketResponder for block blk_-5908283405801966540 terminated, but there are no specific errors, exceptions, or warnings reported. There is no indication of retries, failures, or any unusual behavior associated with this block. The block appears to be in a healthy state with routine operations completing normally."
blk_-4654885003331291932,"The block with ID blk_-4654885003331291932 was successfully allocated without any errors or warnings. The operation completed normally, indicating that the block is healthy and in a consistent state. There were no retries, failures, or unusual patterns observed during this process."
blk_-8923698979247229952,"The block blk_-8923698979247229952 was successfully received with a size of 67,108,864 bytes from a data node. There were no errors, exceptions, or warnings reported during this operation, indicating that the block was handled normally and is in a healthy state. No retries or failures occurred, and the block is fully replicated and consistent."
blk_-2321016155994168744,"The block with ID blk_-2321016155994168744 was successfully added to the block map, indicating that it was stored correctly without any errors or exceptions. The operation completed normally, and the block size is reported as 67,108,864 bytes. There were no indications of retries, failures, or any inconsistent states associated with this block."
blk_-2151458111813215098,"The block blk_-2151458111813215098 was successfully received with a size of 67,108,864 bytes from a datanode. There were no errors, exceptions, or warnings reported during this operation, indicating that the block was handled normally without any issues. The block is in a healthy state with no signs of under-replication, corruption, or loss."
blk_-1733154814375651491,"The block blk_-1733154814375651491 experienced an issue with its PacketResponder, which terminated unexpectedly. There are no indications of successful operations or retries, and the log does not provide details on the state of the block following this termination. As a result, it is unclear whether the block is under-replicated, corrupted, or lost, but the termination of the PacketResponder suggests that there may be unresolved issues that could affect the block's integrity."
blk_-3187293586306086277,"The block blk_-3187293586306086277 was successfully received without any errors or exceptions reported. The operation completed normally, indicating that the block is healthy and in a consistent state. There were no retries, failures, or unusual patterns observed during this operation."
blk_-7914996925059840931,"The block blk_-7914996925059840931 was successfully received without any errors or exceptions. The operation was completed normally, indicating that the block is healthy and in a consistent state. There were no retries, failures, or unusual patterns observed during this operation."
blk_5379939266348893280,"The block blk_5379939266348893280 was successfully received with a size of 67,108,864 bytes. There were no errors, exceptions, or warnings reported during the operation, indicating that the block was processed normally without any issues. The block is in a healthy state with no inconsistencies or unusual patterns noted."
blk_8981795097778421111,"The block with ID blk_8981795097778421111 was marked as invalid and added to the invalid set, indicating that it is no longer considered a valid block in the HDFS. There are no indications of errors, exceptions, or warnings related to this block's operations, nor are there any retries or failures noted. The block appears to have been removed from active use, but there is no information suggesting it ended up in an inconsistent state such as being under-replicated or corrupted. Overall, this block's status has transitioned to invalid without any further operational details provided."
blk_1979447750586388860,"The block with ID blk_1979447750586388860 was marked as invalid and added to the invalid set, indicating that it is no longer accessible or usable within the HDFS. There are no indications of errors, exceptions, or warnings related to this block's operations prior to its invalidation. The log does not provide details on any retries or failures associated with this block, nor does it indicate whether it was under-replicated, corrupted, or lost prior to being marked invalid. Overall, this block appears to have been rendered unusable without any preceding operational issues documented in the logs."
blk_3332848207645320273,"The block with ID blk_3332848207645320273 was marked as invalid and added to the invalid set. There are no indications of errors, exceptions, or warnings related to this block's operations, and it appears to have been removed from the active data set without any reported issues. The block did not undergo any retries or failures, and it does not appear to be in an inconsistent state such as under-replicated, corrupted, or lost. Overall, the operation concluded without complications."
blk_6881216037013929188,"The block with ID blk_6881216037013929188 was marked as invalid and added to the invalid set, indicating that it is no longer considered usable within the HDFS. There are no indications of errors, exceptions, or warnings related to this block's operations prior to its invalidation. The log does not provide information on retries or failures, nor does it suggest that the block was in an inconsistent state prior to being marked invalid. Overall, this block appears to have been removed from active use without any noted operational issues leading up to its invalidation."
blk_7541621664406141215,"The block with ID blk_7541621664406141215 was marked as invalid and added to the invalid set, indicating that it is no longer considered a valid block in the system. There are no indications of errors, exceptions, or warnings related to operations on this block prior to its invalidation. The log does not provide details on any retries or failures associated with this block, nor does it indicate whether it was under-replicated, corrupted, or lost before being marked invalid. Overall, the block appears to have been removed from active use without further context on its previous state or operations."
blk_-1680175975862749862,"The block with ID blk_-1680175975862749862 was marked as invalid and added to the invalid set. There are no indications of successful operations or any errors related to replication, corruption, or loss. The log suggests that the block is no longer considered valid, but no further details are provided regarding the reasons for its invalidation or any attempts to recover or replicate it."
blk_5176179471361959897,"The block with ID blk_5176179471361959897 was marked as invalid and added to the invalid set, indicating that it is no longer usable within the HDFS. There are no indications of errors, exceptions, or warnings related to this block's operations prior to its invalidation, nor are there any details about retries or failures. The block is now in an inconsistent state, as it has been deemed invalid without further context on the reason for its invalidation."
blk_-4385347171136037814,"The block with ID blk_-4385347171136037814 was marked as invalid and added to the invalid set, indicating that it is no longer accessible or usable within the HDFS. There are no indications of errors, exceptions, or warnings related to this block's operations, nor were there any retries or failures noted. The block appears to have been removed from the system without any further complications, suggesting it did not end up in an inconsistent state such as being under-replicated or corrupted."
blk_8384329882986724706,"The block with ID blk_8384329882986724706 was marked as invalid and added to the invalidSet, indicating that it is no longer considered usable by the NameNode. There are no indications of errors, exceptions, or warnings related to this block's operations prior to its invalidation. The block did not experience any retries or failures during its lifecycle, but it ultimately ended up in an inconsistent state as it was deemed invalid."
blk_6392434729242722288,"The block with ID blk_6392434729242722288 was marked as invalid and added to the invalid set, indicating that it is no longer considered usable within the HDFS. There are no indications of errors, exceptions, or warnings related to this block's operations, nor are there any retries or failures noted. The block appears to have been removed from the active set without any further context on its previous state or operations, suggesting a clean deletion process rather than a result of corruption or failure."
blk_1714886759174770356,"The block with ID blk_1714886759174770356 was marked as invalid and added to the invalid set, indicating that it is no longer accessible or usable within the HDFS. There are no indications of errors, exceptions, or warnings related to this block's operations prior to its invalidation. The block appears to have been removed without any recorded retries or failures, suggesting a straightforward deletion process without complications. As a result, the block is now in an inconsistent state, being classified as invalid."
blk_7400944190976416273,"The block with ID blk_7400944190976416273 was marked as invalid and added to the invalid set, indicating that it is no longer usable. There are no indications of errors or exceptions related to this block's operations, but its status suggests it may have been deleted or corrupted. The log does not provide information on retries or failures, but the block is now in an inconsistent state as it has been invalidated."
blk_8442157310069672329,"The block with ID blk_8442157310069672329 was marked as invalid and added to the invalid set, indicating that it is no longer considered a valid block within the HDFS. There are no indications of errors, exceptions, or warnings related to this block's operations prior to its invalidation. The log does not mention any retries or failures associated with this block, nor does it indicate any unusual patterns or states such as under-replication or corruption. The block appears to have been removed from active consideration without any prior operational issues recorded in the logs."
blk_-5624558200776510955,"The block with ID blk_-5624558200776510955 was marked as invalid and added to the invalid set, indicating that it is no longer usable. There are no indications of errors, exceptions, or warnings related to this block's operations prior to its invalidation. The log does not provide details on retries or failures, nor does it suggest that the block was in a corrupted or inconsistent state prior to being marked invalid. Overall, the block appears to have been removed from the system without any preceding issues documented in the logs."
blk_1481009974400305784,"The block with ID blk_1481009974400305784 was marked as invalid and added to the invalid set, indicating that it is no longer considered usable within the HDFS. There are no indications of errors, exceptions, or warnings related to this block's operations prior to its invalidation. The log does not provide information about retries or failures, nor does it suggest that the block was in a healthy state before being marked invalid. Consequently, this block is now in an inconsistent state and is not available for further operations."
blk_355286618997526877,"The block with ID blk_355286618997526877 was marked as invalid and added to the invalid set, indicating that it is no longer usable. There are no indications of errors, exceptions, or warnings related to this block's operations prior to its invalidation. The log does not provide information on retries or failures, but the final state of the block is that it is considered invalid, suggesting it may have been lost or corrupted."
blk_-7369651436133452001,"The block with ID blk_-7369651436133452001 was marked as invalid and added to the invalid set, indicating that it is no longer usable. There are no indications of errors, exceptions, or warnings related to this block's operations prior to its invalidation. As a result, the block is likely in an inconsistent state and cannot be accessed or replicated further."
blk_-8353423262983821010,"The block with ID blk_-8353423262983821010 was marked as invalid and added to the invalid set, indicating that it is no longer accessible or usable within the HDFS. There are no indications of errors, exceptions, or warnings related to this block's operations prior to its invalidation, and no retries or failures were noted. The block has ended up in an inconsistent state, as it is now considered invalid."
blk_7017399031777870797,"The block with ID blk_7017399031777870797 was marked as invalid and added to the invalid set, indicating that it is no longer considered a valid block within the HDFS. There are no indications of errors, exceptions, or warnings related to this block's operations prior to its invalidation. As a result, the block is likely in an inconsistent state and may be considered lost or corrupted, as it has been removed from active use without any successful replication or recovery attempts noted in the logs."
blk_-6891122177443047531,"The block with ID blk_-6891122177443047531 was deleted without any indication of errors or warnings. There were no retries or failures reported during this operation, and the block did not end up in an inconsistent state. The deletion appears to have been a routine operation, with no unusual patterns or issues noted."
blk_641646158310569454,"The block blk_641646158310569454 was allocated successfully without any errors or warnings. The operation completed normally, indicating that the block is healthy and in a consistent state. There were no retries, failures, or unusual patterns noted during this operation."
blk_-9171930401624803515,"The block blk_-9171930401624803515 was deleted without any indication of errors or issues. There are no recorded exceptions, warnings, or failures associated with this operation, suggesting that the deletion was routine and completed successfully. The block did not end up in an inconsistent state, as there were no indications of under-replication, corruption, or loss prior to its deletion."
blk_5938666289587069744,"The block blk_5938666289587069744 was successfully added to the block map with a size of 67,108,864 bytes. There were no errors, exceptions, or warnings reported during the operation, indicating that the block was handled normally and is in a healthy state."
blk_-8294986551316947211,"The block blk_-8294986551316947211 was deleted successfully without any reported errors or exceptions. There were no indications of failures, retries, or inconsistencies associated with this block. The operation completed normally, resulting in the block being removed from the file system."
blk_-5718504625725408070,"The block with ID blk_-5718504625725408070 was deleted without any indication of errors or issues. There were no exceptions, warnings, or retries noted in the log lines. The block appears to have been removed successfully, suggesting that it was in a healthy state prior to deletion. No inconsistencies, corruption, or loss of data were reported for this block."
blk_-1941312615450572331,"The block with ID blk_-1941312615450572331 was successfully allocated without any errors or warnings. The operation completed normally, indicating that the block is healthy and in a consistent state. There were no retries, failures, or unusual patterns noted during this operation."
blk_2353918919834315845,"The block blk_2353918919834315845 was deleted without any indication of errors or warnings. There were no retries or failures reported during this operation, and the block does not appear to be in an inconsistent state. The deletion was completed normally."
blk_391507259220628397,"The block blk_391507259220628397 was deleted without any indication of errors or issues in the log lines. There were no retries, failures, or warnings associated with this operation. The block appears to have been removed successfully, and there is no evidence of it being in an inconsistent state prior to deletion."
blk_-1263913006422225885,"The block blk_-1263913006422225885 was deleted without any indication of errors or issues. There were no retries or failures reported during this operation, and the block did not end up in an inconsistent state. The deletion appears to have been a routine operation."
blk_6542592144596063478,"The block blk_6542592144596063478 was deleted without any indication of errors or warnings. There were no retries or failures noted during this operation, and the block did not end up in an inconsistent state. The deletion process appears to have completed normally."
blk_-4473277914543734578,"The block blk_-4473277914543734578 was successfully received with no errors or exceptions reported. The operation completed normally, indicating that the block is healthy and in a consistent state. There were no retries, failures, or unusual patterns observed during this operation."
blk_1689772850125323349,"The block blk_1689772850125323349 was deleted without any indication of errors or warnings. There were no retries or failures reported during this operation, and the block did not end up in an inconsistent state. The deletion appears to have been a routine operation, completing normally."
blk_8615522912610884162,"The block blk_8615522912610884162 was deleted without any indication of errors or issues. There were no retries, failures, or warnings logged during this operation, suggesting that the deletion was executed normally and the block is no longer present in the system. The block did not end up in an inconsistent state, as it was successfully removed."
blk_107727140948970996,"The block blk_107727140948970996 was deleted without any indication of errors or issues. There were no retries, failures, or warnings logged during this operation, suggesting that the deletion was routine and completed successfully. The block did not end up in an inconsistent state, as it was removed as intended."
blk_-1598760065436384831,"The block blk_-1598760065436384831 was deleted without any indication of errors or warnings. There were no retries or failures reported during this operation, and the block ended up in a consistent state as it was successfully removed from the filesystem. No unusual patterns or issues were noted in the log lines."
blk_8950932638808086257,"The block blk_8950932638808086257 was deleted successfully without any reported errors or exceptions. There were no indications of failures, retries, or issues related to replication or consistency. The operation completed normally, resulting in the block being removed from the filesystem."
blk_-8835758154471700679,"The block blk_-8835758154471700679 was successfully received with a size of 67,108,864 bytes. There were no errors, exceptions, or warnings reported during the operation, indicating that the block was handled normally and is in a healthy state. All operations related to this block completed successfully without any retries or failures."
blk_323887415551221572,"The block blk_323887415551221572 was successfully received without any errors or exceptions. The operation completed normally, indicating that the block is healthy and in a consistent state. There were no retries, failures, or unusual patterns observed during this operation."
blk_231502148921342925,"The block blk_231502148921342925 was successfully received with a size of 67,108,864 bytes. There were no errors, exceptions, or warnings reported during the operation, indicating that the block was processed normally without any issues. The block is healthy and in a consistent state."
blk_1349228381785843634,"The block blk_1349228381785843634 experienced a termination of its PacketResponder, indicating that the process responsible for handling packet acknowledgments for this block has stopped. There are no indications of errors, exceptions, or warnings related to this block, suggesting that it has not encountered any issues during its operations. The block appears to be in a healthy state with no signs of under-replication, corruption, or loss."
blk_-6754647973871368247,"The block with ID blk_-6754647973871368247 was successfully allocated without any errors or exceptions. The operation completed normally, indicating that the block is healthy and in a consistent state. No retries, failures, or unusual patterns were observed during this operation."
blk_-7539658633533020967,"The block blk_-7539658633533020967 was successfully received without any errors or exceptions. The operation completed normally, indicating that the block is healthy and in a consistent state. There were no retries, failures, or unusual patterns noted during this operation."
blk_6406847509870023726,"The block blk_6406847509870023726 was successfully received with a size of 67,108,864 bytes. There were no errors, exceptions, or warnings reported during the operation, indicating that the block was handled normally without any issues. The block is in a healthy state with no inconsistencies or failures noted."
blk_-7893636450787030202,"The block blk_-7893636450787030202 was successfully added to the block map with a size of 67,108,864 bytes. There were no errors, exceptions, or warnings reported during the operation, indicating that the block was handled normally and is in a healthy state."
blk_-5777981614298940026,"The block blk_-5777981614298940026 was successfully received with a size of 67,108,864 bytes. There were no errors, exceptions, or warnings reported during the operation, indicating that the block was processed normally and is in a healthy state. All operations related to this block completed successfully without any retries or failures."
blk_4231049049582051919,"The block blk_4231049049582051919 was successfully received with a size of 28,496,610 bytes. There were no errors, exceptions, or warnings reported during the operation, indicating that the block was processed normally without any issues. The block is in a healthy state with no signs of under-replication, corruption, or loss."
blk_8048594464172649365,"The block with ID blk_8048594464172649365 was requested for deletion by the NameNode. There are no indications of errors, exceptions, or warnings in the log lines. The operation appears to have been routine, with no retries or failures noted. The block is not reported as under-replicated, corrupted, or lost, suggesting it was in a healthy state prior to the deletion request."
blk_4414644179961808738,"The block blk_4414644179961808738 was successfully received without any errors or exceptions. The operation completed normally, indicating that the block is healthy and in a consistent state. No retries, failures, or unusual patterns were observed during this operation."
blk_7661189768086976193,"The block blk_7661189768086976193 was successfully received without any errors or exceptions. The operation completed normally, indicating that the block is healthy and in a consistent state. There were no retries, failures, or unusual patterns noted during this operation."
blk_-7170175035335391571,"The block blk_-7170175035335391571 experienced a termination of the PacketResponder, indicating that the block's data transfer operations were completed without any reported errors or issues. There are no indications of retries, failures, or any inconsistencies such as under-replication or corruption. The operations related to this block were executed normally, resulting in a healthy state for the block."
blk_4992622607400168655,"The block blk_4992622607400168655 was successfully added to the blockMap with a size of 67,108,864 bytes. There were no errors, exceptions, or warnings reported during this operation, indicating that the block was handled normally and is in a healthy state."
blk_8971893898579544235,"The block blk_8971893898579544235 experienced a termination of the PacketResponder, indicating that the process responsible for sending data packets to the datanodes for this block has stopped. There are no indications of errors, exceptions, or warnings related to this block, suggesting that it may have completed its operations normally without any issues. The block appears to be in a healthy state with no signs of under-replication, corruption, or loss."
blk_-7418372263556457716,"The block blk_-7418372263556457716 was successfully received without any errors or exceptions. The operation completed normally, indicating that the block is healthy and in a consistent state. There were no retries, failures, or unusual patterns observed during this operation."
blk_-3417101330634563680,"The block blk_-3417101330634563680 was successfully received without any errors or exceptions. The operation was routine, with no indications of failures, retries, or inconsistencies. The block is in a healthy state, having completed the receiving process normally."
blk_4294115716822011564,"The block blk_4294115716822011564 was successfully received with a size of 67,108,864 bytes. There were no errors, exceptions, or warnings reported during the operation, indicating that the block was processed normally without any issues. The block is in a healthy state with no indications of under-replication, corruption, or loss."
blk_1865953191447352631,"The block blk_1865953191447352631 was successfully added to the block map with a size of 67,108,864 bytes. There were no errors, exceptions, or warnings reported during this operation, indicating that the block was handled normally and is in a healthy state."
blk_2147212041377545584,"The block blk_2147212041377545584 was successfully received without any errors or exceptions. The operation completed normally, indicating that the block is healthy and in a consistent state. There were no retries, failures, or unusual patterns noted during this operation."
blk_708101772844351082,"The block blk_708101772844351082 experienced a termination of the PacketResponder without any indication of errors, exceptions, or warnings. There were no retries or failures noted in the log lines. The block appears to be in a healthy state, with no signs of being under-replicated, corrupted, or lost. All operations related to this block completed normally."
blk_-5610308397633191834,"The block blk_-5610308397633191834 experienced a termination of the PacketResponder without any indication of errors or exceptions. There are no recorded failures, retries, or warnings associated with this block. As a result, the block appears to be in a healthy state with no inconsistencies or unusual behavior noted. All operations related to this block completed normally."
blk_-7159695919045792245,"The block blk_-7159695919045792245 experienced a termination of its PacketResponder, indicating that there may have been issues with the communication or acknowledgment process for this block. However, there are no specific errors, exceptions, or warnings indicating failures or inconsistencies related to this block. The log does not provide evidence of retries, failures, or any unusual patterns, suggesting that the block may be in a stable state despite the termination of the PacketResponder. Further investigation may be needed to ensure that the block is not under-replicated or lost, but based on the provided log, no definitive issues are noted."
blk_8850044049297409379,"The block blk_8850044049297409379 was successfully added to the block map with a size of 67,108,864 bytes. There were no errors, exceptions, or warnings reported during this operation, indicating that the block is healthy and all operations completed normally."
blk_8561332122820208519,"The block with ID blk_8561332122820208519 was successfully allocated without any errors or warnings. The operation completed normally, indicating that the block is healthy and in a consistent state. There were no retries, failures, or unusual patterns noted during this operation."
blk_-8393060055740236791,"The block with ID blk_-8393060055740236791 was successfully added to the block map, indicating that it was stored correctly without any errors or exceptions. The operation completed normally, and the block size is reported as 67,108,864 bytes. There were no indications of retries, failures, or any inconsistent states for this block."
blk_-5861348317118763621,"The block blk_-5861348317118763621 was successfully added to the block map with a size of 28,500,222 bytes. There were no errors, exceptions, or warnings reported during this operation, indicating that the block is in a healthy state with no issues related to replication or data integrity. All operations completed normally without any retries or failures."
blk_5174461779237739025,"The block blk_5174461779237739025 was successfully received with a size of 67,108,864 bytes. There were no errors, exceptions, or warnings reported during the operation, indicating that the block was handled normally without any issues. The block is in a healthy state with no inconsistencies or unusual patterns observed."
blk_1463530401988623658,"The block blk_1463530401988623658 was successfully received without any errors or warnings. The operation completed normally, indicating that the block is healthy and in a consistent state. There were no retries, failures, or unusual patterns observed during this operation."
blk_-8377763431920892140,"The block blk_-8377763431920892140 was successfully received with a size of 67,108,864 bytes. No errors, exceptions, or warnings were reported during the operation, indicating that the block was processed normally without any issues. The block is in a healthy state with no signs of under-replication, corruption, or loss."
blk_-1728983474612515818,"The block blk_-1728983474612515818 was successfully received without any errors or exceptions. The operation was completed normally, indicating that the block is healthy and in a consistent state. There were no retries, failures, or unusual patterns observed during this operation."
blk_8007544297333060851,"The block blk_8007544297333060851 was successfully received without any errors or exceptions. The operation completed normally, indicating that the block is healthy and in a consistent state. There were no retries, failures, or unusual patterns observed during this operation."
blk_6238543795209416553,"The block blk_6238543795209416553 was successfully added to the blockMap with a size of 67,108,864 bytes. There were no errors, exceptions, or warnings reported during this operation, indicating that the block is healthy and all operations completed normally."
blk_4599950495841528213,"The block blk_4599950495841528213 was successfully received without any reported errors or exceptions. The operation completed normally, indicating that the block is healthy and in a consistent state. No retries, failures, or unusual patterns were observed during the operation."
blk_-8524952715666214329,"The block blk_-8524952715666214329 was successfully received with a size of 67,108,864 bytes. There were no errors, exceptions, or warnings reported during the operation, indicating that the block was handled normally without any issues. The block is in a healthy state with no indications of under-replication, corruption, or loss."
blk_-5882295985950637419,"The block blk_-5882295985950637419 was successfully added to the block map, indicating that it was stored correctly without any errors or exceptions. The operation completed normally, and the block is in a healthy state with no issues reported."
blk_-1485109068671160157,"The block blk_-1485109068671160157 was successfully received with a size of 67,108,864 bytes. There were no errors, exceptions, or warnings reported during the operation, indicating that the block was processed normally without any issues. The block is in a healthy state with no signs of under-replication, corruption, or loss."
blk_3586596428873150919,"The block blk_3586596428873150919 was successfully received with a size of 67,108,864 bytes. There were no errors, exceptions, or warnings reported during the operation, indicating that the block was processed normally without any issues. The block is healthy and in a consistent state."
blk_-7815259387557421424,"The block blk_-7815259387557421424 was received successfully without any errors or exceptions. The operation was completed normally, indicating that the block is healthy and in a consistent state. There were no retries, failures, or unusual patterns noted during the operation."
blk_3358274959811806117,"The block blk_3358274959811806117 was successfully received without any errors or warnings. The operation completed normally, indicating that the block is healthy and in a consistent state. There were no retries, failures, or unusual patterns observed during this operation."
blk_-5927343391895571936,"The block blk_-5927343391895571936 was successfully added to the blockMap, indicating that it was stored correctly without any errors or exceptions. The operation completed normally, and the block is healthy with a size of 67,108,864 bytes. No warnings, errors, or unusual patterns were noted during this operation."
blk_8907528844412790999,"The block blk_8907528844412790999 was successfully received without any errors or exceptions. The operation completed normally, indicating that the block is healthy and in a consistent state. There were no retries, failures, or unusual patterns observed during this operation."
blk_5262186175243998904,"The block blk_5262186175243998904 experienced a termination of the PacketResponder, indicating that the communication for this block was completed without any reported errors or exceptions. There were no indications of retries, failures, or any unusual behavior associated with this block. The block appears to be in a healthy state with all operations concluding normally."
blk_-1704027189958470814,"The block with ID blk_-1704027189958470814 was successfully added to the block map, indicating that it was stored without any errors. The operation completed normally, and the block size is 67,108,864 bytes. There are no indications of errors, exceptions, or warnings, and the block appears to be in a healthy state with no issues related to replication or consistency."
blk_-337665304078248571,"The block blk_-337665304078248571 was successfully received without any errors or exceptions. The operation completed normally, indicating that the block is healthy and in a consistent state. There were no retries, failures, or unusual patterns observed during this operation."
blk_-2023442822091562967,"The block blk_-2023442822091562967 was successfully added to the block map with a size of 67,108,864 bytes. There were no errors, exceptions, or warnings reported during this operation, indicating that the block was handled normally and is in a healthy state."
blk_1779145401405339993,"The block blk_1779145401405339993 was successfully added to the block map with a size of 28,499,417 bytes. There were no errors, exceptions, or warnings reported during this operation, indicating that the block was handled normally and is in a healthy state."
blk_7705518309270121951,"The block blk_7705518309270121951 was successfully added to the block map with a size of 67,108,864 bytes. There were no errors, exceptions, or warnings reported during this operation, indicating that the block was handled normally and is in a healthy state."
blk_-9120005470237070778,"The block blk_-9120005470237070778 experienced a termination of the PacketResponder, indicating that the block was likely not fully processed or acknowledged by the DataNode. There are no specific errors, exceptions, or warnings indicating failures or retries in the log lines provided. As a result, it is unclear if the block ended up in an inconsistent state, but the termination of the PacketResponder suggests that there may have been an issue with the block's handling. Further investigation would be needed to determine the final state of the block."
blk_3849239820458663566,"The block blk_3849239820458663566 was successfully added to the block map with a size of 67,108,864 bytes. There were no errors, exceptions, or warnings reported during this operation, indicating that the block was handled normally and is in a healthy state."
blk_-1657856234642335063,"The block blk_-1657856234642335063 was successfully received without any errors or exceptions. The operation was completed normally, indicating that the block is healthy and in a consistent state. There were no retries, failures, or unusual patterns noted during the operation."
blk_6490003020931145707,"The block blk_6490003020931145707 was successfully received with a size of 67,108,864 bytes. No errors, exceptions, or warnings were reported during the operation, indicating that the block was processed normally and is in a healthy state. There were no retries or failures, and the block is fully replicated without any inconsistencies."
blk_6048652012880073760,"The block blk_6048652012880073760 experienced a termination of the PacketResponder, indicating that the block's data transfer operations were completed without any reported errors or exceptions. There were no indications of retries, failures, or inconsistencies, suggesting that the block is in a healthy state and all operations were executed normally."
blk_5648034804629064273,"The block blk_5648034804629064273 was successfully received with a size of 67,108,864 bytes. There were no errors, exceptions, or warnings reported during this operation, indicating that the block was processed normally without any issues. The block is in a healthy state with no indications of under-replication, corruption, or loss."
blk_5912213716795619450,"The block blk_5912213716795619450 experienced a termination of the PacketResponder, indicating that the communication for this block was completed. There are no errors, exceptions, or warnings reported, and no operations were retried or failed. The block appears to be in a healthy state with all operations completed normally."
blk_-5534560875087182998,"The block blk_-5534560875087182998 was successfully received with a size of 67,108,864 bytes. There were no errors, exceptions, or warnings reported during the operation, indicating that the block was handled normally without any issues. The block is in a healthy state with no indications of under-replication, corruption, or loss."
blk_3376391218693716925,"The block blk_3376391218693716925 was allocated successfully without any errors or warnings. The operation completed normally, indicating that the block is healthy and in a consistent state. There were no retries, failures, or unusual patterns observed during this process."
blk_2691304991047255190,"The log indicates that the PacketResponder for block blk_2691304991047255190 has terminated, but there are no specific errors, exceptions, or warnings reported. There are no indications of retries, failures, or any unusual patterns. The block appears to be in a healthy state with routine operations completing normally."
blk_8708862520108736953,"The block with ID blk_8708862520108736953 was successfully allocated without any errors or exceptions. The operation completed normally, indicating that the block is healthy and in a consistent state. There were no retries, failures, or unusual patterns observed during this operation."
blk_-5718873743060788176,"The block with ID blk_-5718873743060788176 was successfully added to the block map, indicating that it was stored correctly without any errors or exceptions. The operation completed normally, and the block size is reported as 67,108,864 bytes. There were no indications of retries, failures, or any inconsistent states for this block."
blk_-2989288139685694818,"The block blk_-2989288139685694818 was successfully received without any errors or exceptions. The operation completed normally, indicating that the block is healthy and in a consistent state. There were no retries, failures, or unusual patterns noted during this operation."
blk_6245594177708848366,"The block blk_6245594177708848366 was successfully received without any errors or exceptions. The operation completed normally, indicating that the block is healthy and in a consistent state. There were no retries, failures, or unusual patterns observed during this operation."
blk_4433676399725693167,"The block blk_4433676399725693167 was successfully received with a size of 67,108,864 bytes. There were no errors, exceptions, or warnings reported during the operation, indicating that the block was processed normally and is in a healthy state. All operations related to this block completed successfully without any retries or failures."
blk_-5644397018622018109,"The block blk_-5644397018622018109 was successfully received with a size of 67,108,864 bytes. There were no errors, exceptions, or warnings reported during this operation, indicating that the block was processed normally without any issues. The block is in a healthy state with no indications of under-replication, corruption, or loss."
blk_-6986311820863339652,"The block blk_-6986311820863339652 was successfully received with a size of 67,108,864 bytes. There were no errors, exceptions, or warnings reported during the operation, indicating that the block was handled normally without any issues. The block is in a healthy state with no indications of being under-replicated, corrupted, or lost. All operations completed successfully."
blk_207875475387433291,"The block blk_207875475387433291 was successfully added to the block map with a size of 67,108,864 bytes. There were no errors, exceptions, or warnings reported during this operation, indicating that the block was handled normally and is in a healthy state."
blk_-7115635482536854135,"The block with ID blk_-7115635482536854135 was successfully added to the block map, indicating that it was stored correctly without any errors or exceptions. The operation completed normally, and the block is healthy with a size of 67,108,864 bytes. There were no indications of retries, failures, or inconsistencies associated with this block."
blk_-1956140031907143783,"The block blk_-1956140031907143783 was successfully received with a size of 67,108,864 bytes. There were no errors, exceptions, or warnings reported during the operation, indicating that the block was processed normally without any issues. The block is in a healthy state with no signs of inconsistency or failure."
blk_7534378757788640871,"The block blk_7534378757788640871 was successfully received with a size of 67,108,864 bytes. There were no errors, exceptions, or warnings reported during this operation, and the block appears to be in a healthy state with no issues related to replication or integrity. All operations completed normally."
blk_8196657927516481490,"The block with ID blk_8196657927516481490 was successfully allocated without any errors or exceptions. The operation completed normally, indicating that the block is healthy and in a consistent state. No retries, failures, or unusual patterns were observed during this operation."
blk_-5029807829679779067,"The block blk_-5029807829679779067 was successfully received without any reported errors or exceptions. The operation completed normally, indicating that the block is healthy and in a consistent state. There were no retries, failures, or unusual patterns noted during this operation."
blk_-3657751236932275338,"The block blk_-3657751236932275338 was received successfully without any errors or exceptions. The operation completed normally, indicating that the block is healthy and in a consistent state. There were no retries, failures, or unusual patterns observed during the operation."
blk_1594026090263820445,"The block blk_1594026090263820445 was successfully added to the block map with a size of 67,108,864 bytes. There were no errors, exceptions, or warnings reported during this operation, indicating that the block was handled normally and is in a healthy state."
blk_3894335463008345041,"The block blk_3894335463008345041 underwent a verification process that completed successfully, indicating that the block is healthy and consistent with no errors or issues reported. There were no retries, failures, or unusual patterns noted during the operations."
blk_-6299730951392868297,"The block blk_-6299730951392868297 was successfully added to the block map with a size of 67,108,864 bytes. There were no errors, exceptions, or warnings reported during the operation, indicating that the block was handled normally and is in a healthy state."
blk_157913239647511296,"The block blk_157913239647511296 experienced a termination of its PacketResponder, indicating that the communication for this block was interrupted. There are no indications of errors, exceptions, or warnings related to this block, and it appears that the operations completed normally without any retries or failures. The block remains in a healthy state with no signs of being under-replicated, corrupted, or lost."
blk_-6454539193224916125,"The block blk_-6454539193224916125 experienced a termination of the PacketResponder, indicating that the data transfer process for this block was interrupted. There are no indications of errors, exceptions, or warnings related to this block, suggesting that it may have completed its operations normally without any issues. The block appears to be in a healthy state with no signs of under-replication, corruption, or loss."
blk_-3575568207121859434,"The block blk_-3575568207121859434 was successfully added to the blockMap, indicating that it is healthy and operational. The block has a size of 67,108,864 bytes, and there were no errors, exceptions, or warnings reported during this operation. The block appears to be in a consistent state with no issues related to replication or integrity."
blk_-4325209272072286951,"The log indicates that PacketResponder 2 for block blk_-4325209272072286951 has terminated, but there are no specific errors, exceptions, or warnings noted. There are no indications of retries, failures, or any unusual behavior associated with this block. The block appears to be in a healthy state with routine operations completing normally."
blk_-5739126205963920408,"The block blk_-5739126205963920408 was successfully added to the block map with a size of 67,108,864 bytes. There are no errors, exceptions, or warnings reported, indicating that the block is healthy and all operations completed normally without any retries or failures. The block is in a consistent state with no issues related to replication or corruption."
blk_-9056865861421808370,"The log indicates that PacketResponder 2 for block blk_-9056865861421808370 terminated, but there are no specific errors, exceptions, or warnings reported. There is no indication of retries, failures, or any unusual behavior associated with this block. The block appears to be in a healthy state with routine operations completing normally."
blk_-6934248664959947757,"The block blk_-6934248664959947757 experienced a termination of the PacketResponder, indicating that the block's data transfer operations were completed or interrupted. There are no specific errors, exceptions, or warnings noted in the log lines, suggesting that the block did not encounter any issues during its operations. The block appears to be in a healthy state with no indications of under-replication, corruption, or loss."
blk_-2082401934988378573,"The block blk_-2082401934988378573 was successfully received with a size of 67,108,864 bytes. There were no errors, exceptions, or warnings reported during this operation, indicating that the block was handled normally and is in a healthy state. No retries or failures occurred, and the block is fully replicated without any inconsistencies."
blk_7627900514276120558,"The block blk_7627900514276120558 experienced a termination of its PacketResponder, indicating that the block's data transfer operations were completed without any reported errors or issues. There were no indications of retries, failures, or inconsistencies, suggesting that the block is in a healthy state and all operations were successfully finalized."
blk_-1250775350296476256,"The block with ID blk_-1250775350296476256 experienced a termination of its PacketResponder, indicating that the block's data transfer operations were interrupted. There are no indications of errors, exceptions, or warnings related to this block, suggesting that it may have completed its operations normally without any issues. The block does not appear to be in an inconsistent state, as there are no reports of under-replication, corruption, or loss. Overall, the log suggests routine handling of the block without notable problems."
blk_2389216938154332862,"The block blk_2389216938154332862 experienced a termination of the PacketResponder 2, indicating that there may have been issues with the data transfer or communication related to this block. However, no specific errors, exceptions, or warnings were detailed in the log lines, and there is no indication of retries, failures, or an inconsistent state for the block. The log suggests that the operations related to this block were not completed normally, but without further details, the exact nature of the issue remains unclear."
blk_7430820184211246929,"The block blk_7430820184211246929 was successfully added to the block map with a size of 64 MB. There were no errors, exceptions, or warnings reported during the operation, indicating that the block was processed normally and is in a healthy state. No retries or failures occurred, and the block is fully replicated and consistent."
blk_-608202790716579401,"The block with ID blk_-608202790716579401 was marked as invalid and added to the invalid set, indicating that it is no longer accessible or usable within the HDFS. There are no indications of errors, exceptions, or warnings related to this block's operations, but its status suggests that it may have been deleted or corrupted, leading to its invalidation. The block is now in an inconsistent state and cannot be recovered or replicated."
blk_-1335063409877429524,"The block with ID blk_-1335063409877429524 was marked as invalid and added to the invalid set, indicating that it is no longer considered a valid block in the HDFS. There are no indications of errors, exceptions, or warnings related to this block's operations prior to its invalidation, nor are there any retries or failures noted. The block is likely in an inconsistent state due to its invalid status, but no further details on its previous state or operations are provided in the log lines."
blk_-5236655516146555545,"The block blk_-5236655516146555545 was served successfully without any errors or warnings. There were no indications of retries, failures, or inconsistencies. The block appears to be in a healthy state following routine operations."
blk_2262752117989012641,"The block blk_2262752117989012641 encountered an exception while being served, indicating a potential issue with data retrieval. The specific error type was not detailed in the log, but the occurrence suggests that there may have been a problem with the data node's ability to serve the block to the requesting client. There are no indications of retries, failures, or subsequent operations logged, nor is there evidence of the block being left in an inconsistent state, such as being under-replicated or corrupted. Further investigation would be necessary to determine the root cause of the exception and ensure the block's integrity."
blk_-4181768899028058192,"The block with ID blk_-4181768899028058192 encountered an exception while being served, indicating a potential issue with data retrieval or communication. There are no details on retries or specific error types provided in the log, but the presence of an exception suggests that the block may not have been successfully accessed by the requesting client. As a result, the block's state is uncertain, and it may be under-replicated or at risk of being lost if the issue persists without resolution. Further investigation would be needed to determine the exact nature of the exception and its impact on the block's integrity."
blk_-7990763409688650846,"The block blk_-7990763409688650846 was successfully served to a client without any reported errors or exceptions. There were no indications of retries, failures, or any unusual behavior, and the block appears to be in a healthy state following routine operations."
blk_-2656323385657954732,"The block blk_-2656323385657954732 was served successfully without any errors or warnings. There were no indications of retries, failures, or inconsistencies. The operations completed normally, and the block remains healthy."
blk_8711213005689112399,"The block blk_8711213005689112399 was successfully served to a client without any reported errors or warnings. There were no retries or failures noted, and the block remains in a healthy state with all operations completing normally."
blk_-3696162841836791939,"The block blk_-3696162841836791939 was successfully served without any errors or warnings. There were no indications of retries, failures, or inconsistencies. The block appears to be in a healthy state, with routine operations completed normally."
blk_-8915491531889006304,"The block blk_-8915491531889006304 was served successfully without any errors or warnings. There were no indications of retries, failures, or inconsistencies. The block appears to be healthy and operational."
blk_-657087263710195616,"The block blk_-657087263710195616 was successfully served to a client without any reported errors, exceptions, or warnings. There were no retries or failures noted, and the block remains in a healthy state with no issues related to replication or consistency. All operations completed normally."
blk_-1125621902344947014,"The block blk_-1125621902344947014 was successfully served without any errors or warnings. There were no indications of retries, failures, or inconsistencies. The operations completed normally, and the block remains in a healthy state."
blk_481857539063371482,"The block blk_481857539063371482 encountered an exception while being served, indicating a failure in the data transfer process. The specific error type is not detailed in the log, but the occurrence suggests that the block may not have been successfully accessed by the requesting client. There are no indications of retries or subsequent operations logged, which raises concerns about the block's availability. As a result, the block may be in an inconsistent state, potentially leading to issues such as being under-replicated or inaccessible. Further investigation would be necessary to determine the block's integrity and replication status."
blk_1200136320542454615,"The block blk_1200136320542454615 was served successfully without any errors or exceptions. There were no indications of retries, failures, or unusual behavior. The block appears to be in a healthy state with routine operations completed normally."
blk_-8083036675630459841,"The block with ID blk_-8083036675630459841 encountered an exception while being served, indicating a potential issue in data retrieval or communication. The log does not provide details on the specific type of exception or whether any retries were attempted. As a result, it is unclear if the block is in a consistent state, but the presence of an exception suggests that there may be underlying issues that need to be addressed. Further investigation would be necessary to determine the impact on the block's availability or integrity."
blk_-1508527605812345693,"The block with ID blk_-1508527605812345693 encountered an error while being served, specifically an exception was logged indicating a failure in the data transfer process to a client. There are no indications of retries or additional errors in the logs, but the block may be in an inconsistent state due to the failure to serve it properly. Further investigation would be needed to determine if the block is under-replicated or corrupted as a result of this issue."
blk_3905759687686730625,"The block blk_3905759687686730625 was served successfully without any errors or warnings. There were no indications of retries, failures, or inconsistencies. The block appears to be healthy and operational."
blk_342378162324355732,"The block blk_342378162324355732 was successfully served without any errors or warnings. There were no indications of retries, failures, or inconsistencies, and the block remains in a healthy state following routine operations."
blk_-8674089929114017279,"The block blk_-8674089929114017279 was successfully served to a client without any errors or warnings. There were no indications of retries, failures, or any unusual behavior. The block appears to be in a healthy state with routine operations completed normally."
blk_-3140031507252212554,"The block with ID blk_-3140031507252212554 encountered an exception while being served, indicating a potential issue with data retrieval. The log does not specify the type of exception or provide details on whether the operation was retried or failed. As a result, it is unclear if the block ended up in an inconsistent state, such as being under-replicated or lost. Further investigation would be needed to determine the exact nature of the issue and its impact on the block's integrity."
blk_-309134958179110212,"The block blk_-309134958179110212 was successfully served without any errors or warnings. There were no indications of retries, failures, or inconsistencies. The operations completed normally, and the block remains in a healthy state."
blk_-3134225108208373949,"The block blk_-3134225108208373949 was successfully served without any errors or warnings. There were no indications of retries, failures, or inconsistencies, and the block appears to be in a healthy state following routine operations."
blk_-8887373200836701910,"The block with ID blk_-8887373200836701910 was marked as invalid and added to the invalid set, indicating that it is no longer considered usable within the HDFS. There are no indications of errors, exceptions, or warnings related to this block's operations prior to its invalidation. The log does not suggest any retries or failures associated with this block, nor does it indicate that the block ended up in an inconsistent state such as being under-replicated or corrupted. The action appears to be a definitive step in the block's lifecycle, leading to its removal from active use."
blk_-1162676743264290624,"The block with ID blk_-1162676743264290624 was marked as invalid and added to the invalid set. There are no indications of errors, exceptions, or warnings related to this block's operations prior to its deletion. The log does not suggest any retries or failures, nor does it indicate that the block ended up in an inconsistent state such as being under-replicated or corrupted. The operation appears to have been a routine deletion without any unusual patterns or cascading issues."
blk_-5513640508500780385,"The block with ID blk_-5513640508500780385 was marked as invalid and added to the invalid set, indicating that it is no longer considered usable. There are no indications of errors, exceptions, or warnings related to this block's operations prior to its invalidation. The log does not show any retries or failures associated with this block, but its status suggests it may have been lost or corrupted, resulting in its removal from active use."
blk_-7767902948513849386,"The block with ID blk_-7767902948513849386 was marked as invalid and added to the invalid set, indicating that it is no longer considered a valid block in the system. There are no indications of errors, exceptions, or warnings related to this block's operations, nor are there any retries or failures noted. The block appears to have ended up in an inconsistent state, as it has been invalidated without any successful operations recorded."
blk_-5382946262718129284,"The block with ID blk_-5382946262718129284 was marked as invalid and added to the invalid set, indicating that it is no longer usable. There are no indications of errors, exceptions, or warnings related to this block's operations prior to its invalidation. As a result, the block is likely in an inconsistent state, and no successful read or write operations were recorded."
blk_5668137923110942035,"The block with ID blk_5668137923110942035 was marked as invalid and added to the invalid set, indicating that it is no longer accessible or usable. There are no indications of errors, exceptions, or warnings related to this block's operations prior to its invalidation. The block did not experience any retries or failures during its lifecycle as per the provided log lines. However, its status is now inconsistent as it has been deemed invalid, suggesting it may be lost or corrupted."
blk_7197514030988119866,"The block with ID blk_7197514030988119866 was marked as invalid and added to the invalid set, indicating that it is no longer considered usable by the NameNode. There are no indications of errors, exceptions, or warnings related to this block's operations prior to its invalidation. The block did not undergo any routine operations or replication processes, and its final state is inconsistent as it has been deemed invalid."
blk_-5362598472846558076,"The block with ID blk_-5362598472846558076 was marked as invalid and added to the invalid set, indicating that it is no longer accessible or usable within the HDFS. There are no indications of errors, exceptions, or warnings related to this block's operations prior to its invalidation. As a result, the block is likely in an inconsistent state and cannot be retrieved or replicated."
blk_-4269939382058952254,"The block with ID blk_-4269939382058952254 was marked as invalid and added to the invalid set, indicating that it is no longer usable. There are no indications of errors, exceptions, or warnings related to this block's operations prior to its invalidation. The log does not show any retries or failures associated with this block, nor does it indicate that it ended up in an inconsistent state such as being under-replicated or corrupted. The operation appears to have been a straightforward deletion process without any unusual patterns or cascading errors."
blk_-6978845808078082463,"The block with ID blk_-6978845808078082463 was marked as invalid and added to the invalid set, indicating that it is no longer usable within the HDFS. There are no indications of errors, exceptions, or warnings related to this block's operations prior to its invalidation. The log does not show any retries or failures associated with this block, nor does it indicate that the block was ever in a healthy state or underwent any routine operations. As a result, the block is now considered lost and is likely to be removed from the system."
blk_-1071115021179995772,"The block with ID blk_-1071115021179995772 was marked as invalid and added to the invalid set, indicating that it is no longer accessible or usable within the HDFS. There are no indications of errors, exceptions, or warnings related to this block's operations prior to its invalidation, and no retries or failures were noted. The block is now in an inconsistent state, as it has been deemed invalid."
blk_7336636250384047238,"The block with ID blk_7336636250384047238 was marked as invalid and added to the invalid set, indicating that it is no longer usable. There are no indications of errors, exceptions, or warnings related to this block's operations prior to its invalidation. The block did not experience any retries or failures during its lifecycle, but its status suggests it may have been lost or corrupted, resulting in its removal from active use."
blk_8493856762887493521,"The block with ID blk_8493856762887493521 was marked as invalid and added to the invalid set, indicating that it is no longer considered valid by the NameNode. There are no indications of errors, exceptions, or warnings related to this block's operations, nor were there any retries or failures noted. The block appears to have been removed from the active dataset, but the log does not provide details on whether it was corrupted, lost, or under-replicated. Overall, the block's status is inconsistent, as it has been invalidated without further context on the reason for this action."
blk_1043487525777829194,"The block with ID blk_1043487525777829194 was marked as invalid and added to the invalid set, indicating that it has been deemed unusable. There are no indications of successful operations or further actions taken on this block, suggesting it may be in a lost or corrupted state. No retries or additional errors were noted in the log lines provided."
blk_-3225035678192156905,"The block with ID blk_-3225035678192156905 was marked as invalid and added to the invalid set, indicating that it is no longer considered usable by the NameNode. There are no indications of errors or exceptions related to this block's operations, but its status suggests it may have been corrupted or lost. The log does not provide details on any retries or failures, but the addition to the invalid set implies a definitive failure in maintaining the block's integrity."
blk_5572208681898881669,"The block with ID blk_5572208681898881669 was marked as invalid and added to the invalid set, indicating that it is no longer considered usable within the HDFS. There are no indications of errors, exceptions, or warnings related to this block's operations prior to its invalidation. As a result, the block is likely in an inconsistent state and cannot be recovered or accessed."
blk_-2225353020301959077,"The block with ID blk_-2225353020301959077 was marked as invalid and added to the invalid set. There are no indications of errors, exceptions, or warnings related to this block's operations, suggesting that it was likely deleted without any issues. The block does not appear to be in an inconsistent state, as there are no reports of under-replication, corruption, or loss. Overall, the operation completed normally with no retries or failures noted."
blk_3946183108430554053,"The block with ID blk_3946183108430554053 was marked as invalid and added to the invalid set, indicating that it is no longer accessible or usable within the HDFS. There are no indications of errors, exceptions, or warnings related to this block's operations prior to its invalidation, suggesting that it may have been deleted or corrupted without any prior issues being logged. The block is now in an inconsistent state and is effectively lost."
blk_-3681974396824196300,"The block with ID blk_-3681974396824196300 was marked as invalid and added to the invalid set, indicating that it is no longer usable. There are no indications of errors, exceptions, or warnings related to this block's operations prior to its invalidation. Consequently, the block is likely in an inconsistent state and cannot be recovered or accessed."
blk_2736251498135196075,"The block with ID blk_2736251498135196075 was marked as invalid and added to the invalid set. There are no indications of errors, exceptions, or warnings related to this block's operations, nor were there any retries or failures noted. The block appears to have ended up in an inconsistent state, as it was deemed invalid, but no further details are provided regarding the cause of this invalidation or any unusual patterns."
blk_1275198635723397883,"The block with ID blk_1275198635723397883 was marked as invalid and added to the invalid set, indicating that it is no longer accessible or usable within the HDFS. There are no indications of errors, exceptions, or warnings related to this block's operations prior to its invalidation. The log does not provide details on retries or failures, but the block's status suggests it may be lost or corrupted, resulting in an inconsistent state."
blk_3428998332517532825,"The block with ID blk_3428998332517532825 was marked as invalid and added to the invalid set, indicating that it is no longer accessible or usable within the HDFS. There are no indications of errors, exceptions, or warnings related to this block's operations prior to its invalidation. The block did not undergo any successful operations or retries, and it appears to have been directly invalidated without any prior healthy state or replication processes. As a result, the block is now in an inconsistent state and is effectively lost."
blk_-7106479503467535906,"The block blk_-7106479503467535906 was deleted without any indication of errors or issues. There were no exceptions, warnings, or failures reported during the deletion process, suggesting that the operation completed normally and the block was removed successfully from the filesystem. The block did not end up in an inconsistent state, as there were no indications of under-replication, corruption, or loss."
blk_-7411858598798393933,"The block with ID blk_-7411858598798393933 was deleted without any indication of errors or warnings. There were no retries or failures reported during this operation, and the block did not end up in an inconsistent state. The deletion appears to have been a routine operation."
blk_-5429479049793046826,"The block blk_-5429479049793046826 was deleted without any indication of errors or issues. There are no records of operations being retried or failed, and the block did not end up in an inconsistent state. The deletion appears to have been a routine operation."
blk_-6431101765137189231,"The block blk_-6431101765137189231 was deleted without any indication of errors or issues. There were no warnings, exceptions, or retries noted in the log lines. The operation completed normally, suggesting that the block was not in an inconsistent state prior to deletion."
blk_-2923662094689783995,"The block blk_-2923662094689783995 was deleted without any indication of errors or issues. There were no retries or failures reported during this operation, and the block did not end up in an inconsistent state. The deletion appears to have been a routine operation, with no unusual patterns or warnings noted in the log lines."
blk_-664656559337730574,"The block blk_-664656559337730574 was successfully served to a client without any reported errors or exceptions. There were no indications of retries, failures, or inconsistencies, and the block appears to be in a healthy state following routine operations."
blk_3224393364314749254,"The block blk_3224393364314749254 was successfully received with a size of 67,108,864 bytes. There were no errors, exceptions, or warnings reported during the operation, indicating that the block was processed normally and is in a healthy state. All operations related to this block completed successfully without any retries or failures."
blk_1483582953997932733,"The block blk_1483582953997932733 was deleted successfully without any reported errors or exceptions. There were no indications of failures, retries, or inconsistencies associated with this block. The operation completed normally, resulting in the block being removed from the filesystem."
blk_-3607708283707030582,"The block blk_-3607708283707030582 was deleted without any indication of errors or warnings in the log lines. There were no operations reported that suggest the block was in an inconsistent state, and it appears that the deletion was completed normally. No retries or failures were noted during this operation."
blk_4365203784873840210,"The block blk_4365203784873840210 was deleted successfully without any reported errors or exceptions. There were no indications of failures, retries, or inconsistencies associated with this block. The operation completed normally, resulting in the block being removed from the filesystem."
blk_1920931690498309324,"The block blk_1920931690498309324 was deleted successfully without any reported errors or exceptions. There were no indications of failures or retries, and the block did not end up in an inconsistent state. The operation completed normally."
blk_2731746367139956284,"The block blk_2731746367139956284 was deleted without any indication of errors or issues. There were no retries or failures reported, and the block did not end up in an inconsistent state. The operation completed normally, resulting in the successful removal of the block from the filesystem."
blk_3312198496468502316,"The block with ID blk_3312198496468502316 was deleted without any indication of errors or warnings in the log lines. There were no retries or failures reported, and the block did not end up in an inconsistent state, as it was successfully removed from the file system. No unusual patterns or operations were noted."
blk_-626413149556394155,"The block blk_-626413149556394155 was deleted without any indication of errors or issues. There are no records of exceptions, warnings, or failed operations associated with this block. It appears to have been removed as part of routine maintenance or cleanup, and there is no evidence of it being in an inconsistent state prior to deletion."
blk_1350741653957819140,"The block blk_1350741653957819140 was deleted successfully without any errors or warnings. There were no indications of issues such as replication failures, missing block errors, or inconsistencies. The operation completed normally, and the block is no longer present in the system."
blk_6675564098604634452,"The block blk_6675564098604634452 was deleted successfully without any errors or warnings. There were no indications of failures, retries, or inconsistencies associated with this block. The operation completed normally, resulting in the block being removed from the filesystem."
blk_1692958087244489888,"The block blk_1692958087244489888 was deleted without any indication of errors or issues. There were no retries, failures, or warnings associated with this operation, and the block did not end up in an inconsistent state. The deletion process completed normally."
blk_5528471097481810388,"The block with ID blk_5528471097481810388 was deleted successfully. There are no errors, exceptions, or warnings reported in the log lines, indicating that the deletion operation was routine and completed without issues. The block did not end up in an inconsistent state, as it was removed as intended."
blk_797263375273454863,"The block blk_797263375273454863 was deleted without any indication of errors or exceptions in the log lines. There were no retries or failures noted, and the block did not end up in an inconsistent state. The operation appears to have completed normally."
blk_5209577451013188921,"The block blk_5209577451013188921 was deleted without any indication of errors or issues. There were no warnings, exceptions, or retries noted in the log lines. The operation completed normally, and the block is no longer present in the system."
blk_4713539908695785630,"The block blk_4713539908695785630 was deleted without any indication of errors or issues. There were no retries, failures, or warnings logged during this operation, suggesting that the deletion was routine and completed successfully. The block did not end up in an inconsistent state, as there were no indications of corruption or under-replication."
blk_6148201552996212693,"The block blk_6148201552996212693 was deleted successfully without any reported errors or exceptions. There were no indications of failures, retries, or inconsistencies associated with this block. The operation completed normally, resulting in the block being removed from the file system."
blk_9014154925388243050,"The block blk_9014154925388243050 was deleted successfully without any errors or warnings reported. There were no indications of failures, retries, or inconsistencies associated with this block. The operation completed normally, resulting in the block being removed from the filesystem."
blk_8761138012128091849,"The block blk_8761138012128091849 was deleted without any indication of errors or warnings in the log lines. There were no retries or failures noted, and the block did not end up in an inconsistent state. The operation appears to have completed normally, resulting in the successful removal of the block from the filesystem."
blk_-4071286774767564790,"The block blk_-4071286774767564790 was successfully received with a size of 67,108,864 bytes. There were no errors, exceptions, or warnings reported during the operation, indicating that the block was processed normally without any issues. The block is in a healthy state with no inconsistencies or failures noted."
blk_2866275036574950116,"The block blk_2866275036574950116 was served successfully without any errors or warnings. There were no indications of retries, failures, or inconsistencies. The block remains healthy and operational."
blk_-6811519872198278365,"The block blk_-6811519872198278365 was successfully received with a size of 67,108,864 bytes. There were no errors, exceptions, or warnings reported during the operation, indicating that the block was processed normally without any issues. The block is in a healthy state with no signs of under-replication, corruption, or loss."
blk_6748710057489679257,"The block blk_6748710057489679257 was successfully added to the block map with a size of 67,108,864 bytes. There were no errors, exceptions, or warnings reported during this operation, indicating that the block was handled normally and is in a healthy state. No retries or failures were noted, and the block is not under-replicated, corrupted, or lost. All operations completed successfully without any unusual patterns."
blk_1833093108290599780,"The block blk_1833093108290599780 was successfully added to the block map with a size of 67,108,864 bytes. There were no errors, exceptions, or warnings reported during this operation, indicating that the block is healthy and all operations completed normally."
blk_9163807899833139121,"The block blk_9163807899833139121 was successfully added to the block map with a size of 67,108,864 bytes. There were no errors, exceptions, or warnings reported during this operation, indicating that the block was handled normally and is in a healthy state."
blk_3941798034503185737,"The block blk_3941798034503185737 was received successfully without any errors or exceptions. The operation completed normally, indicating that the block is healthy and in a consistent state. No retries or failures were noted during this process."
blk_6894918622505820383,"The block blk_6894918622505820383 was successfully received with a size of 67,108,864 bytes from a datanode. There were no errors, exceptions, or warnings reported during this operation, indicating that the block was handled normally and is in a healthy state. No retries or failures occurred, and the block is fully intact and consistent."
blk_6491424745418112176,"The block blk_6491424745418112176 was successfully received without any errors or exceptions. The operation was completed normally, indicating that the block is healthy and in a consistent state. No retries, failures, or unusual patterns were noted during this operation."
blk_-17685631368401548,"The block with ID blk_-17685631368401548 was successfully allocated without any errors or warnings. The operation completed normally, indicating that the block is healthy and in a consistent state. There were no retries, failures, or unusual patterns observed during this process."
blk_8924207394547472950,"The block with ID blk_8924207394547472950 was successfully allocated without any errors or warnings. The operation completed normally, indicating that the block is healthy and in a consistent state. There were no retries, failures, or unusual patterns observed during this process."
blk_-4526931594457272384,"The block blk_-4526931594457272384 was successfully received without any errors or exceptions. The operation completed normally, indicating that the block is healthy and in a consistent state. No retries or failures were noted during this process."
blk_5390763359901143305,"The block blk_5390763359901143305 was successfully added to the block map with a size of 67,108,864 bytes. There were no errors, exceptions, or warnings reported during this operation, indicating that the block was handled normally and is in a healthy state."
blk_-11867600358649678,"The block blk_-11867600358649678 was successfully received without any errors or exceptions. The operation completed normally, indicating that the block is healthy and in a consistent state. There were no retries, failures, or unusual patterns noted during this operation."
blk_2430417102497887445,"The block blk_2430417102497887445 was successfully added to the blockMap with a size of 67,108,864 bytes. There were no errors, exceptions, or warnings reported during this operation, indicating that the block is healthy and all operations completed normally."
blk_-747046374856916711,"The block blk_-747046374856916711 was successfully added to the block map with a size of 67,108,864 bytes. There were no errors, exceptions, or warnings reported during this operation, indicating that the block was handled normally and is in a healthy state."
blk_5062112794659861146,"The block blk_5062112794659861146 was successfully received with a size of 67,108,864 bytes. There were no errors, exceptions, or warnings noted in the log lines, indicating that the operation completed normally without any issues. The block is in a healthy state with no indications of under-replication, corruption, or loss."
blk_-116589515245909549,"The block blk_-116589515245909549 was successfully received without any errors or exceptions. The operation completed normally, indicating that the block is healthy and in a consistent state. There were no retries, failures, or unusual patterns observed during this operation."
blk_4628975089896927394,"The block blk_4628975089896927394 experienced a termination of the PacketResponder, indicating that the block was likely not fully processed or acknowledged by the datanodes. There are no specific errors, exceptions, or warnings indicating failures or issues with replication, but the termination of the PacketResponder suggests that the block may not have completed its intended operations successfully. Further investigation would be needed to determine the final state of the block, as the log does not provide enough information to confirm whether it is healthy, under-replicated, or in any other state."
blk_-764747190320632607,"The block blk_-764747190320632607 was successfully received without any reported errors or exceptions. The operation completed normally, indicating that the block is healthy and in a consistent state. There were no retries, failures, or unusual patterns observed during the operation."
blk_-8015797075596093783,"The block blk_-8015797075596093783 was successfully received with a size of 67,108,864 bytes. There were no errors, exceptions, or warnings reported during the operation, indicating that the block was handled normally without any issues. The block is in a healthy state with no indications of under-replication, corruption, or loss."
blk_-1675768179383804109,"The block blk_-1675768179383804109 was successfully added to the block map, indicating that it was stored correctly without any errors or exceptions. The operation completed normally, and the block is in a healthy state with a size of 67,108,864 bytes. There were no indications of retries, failures, or inconsistencies associated with this block."
blk_1155029843511109085,"The block blk_1155029843511109085 experienced a termination of its PacketResponder 2, indicating that the block was likely involved in a data transfer operation that concluded without any reported errors or exceptions. There are no indications of retries, failures, or inconsistencies, suggesting that the block remains in a healthy state with normal operations completed successfully."
blk_9060964400089016309,"The block blk_9060964400089016309 was successfully added to the block map with a size of 67,108,864 bytes. There are no errors, exceptions, or warnings noted in the log lines, indicating that the block operations completed normally without any issues. The block appears to be in a healthy state with no signs of under-replication, corruption, or loss."
blk_-1417908110808566576,"The block with ID blk_-1417908110808566576 was successfully added to the block map, indicating that it was stored correctly with a size of 67,108,864 bytes. There are no errors, exceptions, or warnings present in the log lines, and the block appears to be in a healthy state with no issues related to replication or data integrity."
blk_-7483426835701512490,"The block blk_-7483426835701512490 encountered an issue with the PacketResponder, which terminated unexpectedly. There are no indications of successful operations or retries, and the log does not provide information on the block's final state, suggesting it may be in an inconsistent state. Further investigation would be needed to determine if the block is under-replicated, corrupted, or lost."
blk_-3752135158991310104,"The block blk_-3752135158991310104 was successfully received without any reported errors or exceptions. The operation completed normally, indicating that the block is healthy and in a consistent state. No retries, failures, or unusual patterns were noted during this operation."
blk_-8649503431827393598,"The block blk_-8649503431827393598 was successfully received without any errors or exceptions. The operation completed normally, indicating that the block is healthy and in a consistent state. There were no retries, failures, or unusual patterns observed during this operation."
blk_-6883339133893273874,"The log indicates that the PacketResponder for block blk_-6883339133893273874 has terminated, but there are no specific errors, exceptions, or warnings reported. There is no indication of retries, failures, or any unusual behavior associated with this block. The block appears to be in a healthy state with routine operations completed normally."
blk_3695169334833427187,"The block blk_3695169334833427187 experienced a termination of its PacketResponder, indicating that there may have been issues with the communication or acknowledgment process for this block. However, no specific errors, exceptions, or warnings were logged beyond this termination. There is no indication of retries, failures, or any inconsistent state such as under-replication or corruption. The block appears to have completed its operations without any notable issues, but the termination of the PacketResponder suggests that further monitoring may be warranted to ensure ongoing stability."
blk_6055109613223910610,"The block blk_6055109613223910610 experienced a termination of its PacketResponder, indicating that there may have been issues with the communication or data transfer related to this block. However, there are no specific errors, exceptions, or warnings indicating failures or inconsistencies. The log does not suggest any retries, failures, or unusual patterns, and it does not indicate that the block ended up in an inconsistent state. Overall, the operations related to this block appear to have completed without notable issues, despite the termination of the PacketResponder."
blk_-1868325377308234190,"The block blk_-1868325377308234190 was successfully received without any errors or exceptions. The operation completed normally, indicating that the block is healthy and in a consistent state. There were no retries, failures, or unusual patterns observed during this operation."
blk_-6338549285508312302,"The block blk_-6338549285508312302 was successfully added to the block map with a size of 3,530,010 bytes. There were no errors, exceptions, or warnings reported during this operation, indicating that the block is healthy and all operations completed normally without any issues."
blk_-900758580041645081,"The block with ID blk_-900758580041645081 was successfully added to the block map, indicating that it was stored correctly with a size of 3,543,900 bytes. There were no errors, exceptions, or warnings reported during the operation, and the block appears to be in a healthy state with no issues related to replication or consistency."
blk_1756478622414930264,"The block blk_1756478622414930264 was successfully added to the block map with a size of 67,108,864 bytes. There were no errors, exceptions, or warnings reported during this operation, indicating that the block is healthy and has completed its routine storage operation without any issues."
blk_-6555060221133060529,"The block blk_-6555060221133060529 was successfully added to the block map with a size of 67,108,864 bytes. There were no errors, exceptions, or warnings reported during the operation, indicating that the block was handled normally and is in a healthy state."
blk_9076677650086747187,"The block blk_9076677650086747187 was successfully received without any errors or exceptions. The operation completed normally, indicating that the block is healthy and in a consistent state. There were no retries, failures, or unusual patterns observed during this operation."
blk_-4165562468976768862,"The block blk_-4165562468976768862 experienced a termination of its PacketResponder, indicating that there may have been an issue with the communication or response handling for this block. However, no specific errors, exceptions, or warnings were detailed in the log lines, and there is no indication of retries, failures, or an inconsistent state for the block. The log suggests that the operations related to this block were not completed normally, but without further details, it is unclear if the block is under-replicated, corrupted, or lost."
blk_-3295982945091621137,"The block blk_-3295982945091621137 experienced a termination of the PacketResponder, indicating that the communication for this block was completed without any reported errors or exceptions. There were no indications of retries, failures, or any unusual patterns in the log lines. The block appears to be in a healthy state with all operations completing normally."
blk_-7637577152926063076,"The block blk_-7637577152926063076 was successfully added to the block map with a size of 67,108,864 bytes. There were no errors, exceptions, or warnings reported during this operation, indicating that the block was handled normally and is in a healthy state."
blk_3181161977343808286,"The block blk_3181161977343808286 was successfully received without any errors or exceptions. The operation completed normally, indicating that the block is healthy and in a consistent state. There were no retries, failures, or unusual patterns noted during this operation."
blk_6807535563873595117,"The block blk_6807535563873595117 was received successfully without any errors or exceptions. The operation was completed normally, indicating that the block is healthy and in a consistent state. There were no retries, failures, or unusual patterns observed during this operation."
blk_7513976340045981966,"The block blk_7513976340045981966 was successfully received without any errors or exceptions. The operation completed normally, indicating that the block is healthy and in a consistent state. There were no retries, failures, or unusual patterns noted during this operation."
blk_-749176535135404637,"The block with ID blk_-749176535135404637 was successfully allocated without any errors or warnings. The operation completed normally, indicating that the block is healthy and in a consistent state. There were no retries, failures, or unusual patterns observed during this operation."
blk_-7909610753867924116,"The block blk_-7909610753867924116 was successfully added to the block map with a size of 67,108,864 bytes. There were no errors, exceptions, or warnings reported during this operation, indicating that the block is healthy and all operations completed normally."
blk_-7247291679155656679,"The block blk_-7247291679155656679 was successfully received with a size of 67,108,864 bytes. There were no errors, exceptions, or warnings reported during the operation, indicating that the block was processed normally and is in a healthy state. All operations related to this block completed successfully without any retries or failures."
blk_-6369730481066968769,"The log indicates that the PacketResponder for block blk_-6369730481066968769 terminated without any errors or exceptions reported. There are no indications of retries, failures, or unusual behavior associated with this block. The block appears to be in a healthy state with routine operations completed normally."
blk_7780461223860192433,"The block blk_7780461223860192433 was successfully received without any reported errors or exceptions. The operation completed normally, indicating that the block is healthy and in a consistent state. There were no retries, failures, or unusual patterns observed during this operation."
blk_2084123600915946046,"The block with ID blk_2084123600915946046 was successfully allocated without any errors or warnings. The operation completed normally, indicating that the block is healthy and in a consistent state. There were no retries, failures, or unusual patterns observed during this operation."
blk_92273823183917102,"The block blk_92273823183917102 was successfully received without any errors or exceptions. The operation completed normally, indicating that the block is healthy and in a consistent state. No retries or failures were recorded during this process."
blk_-1141332313413855099,"The block blk_-1141332313413855099 was successfully received with a size of 67,108,864 bytes. There were no errors, exceptions, or warnings reported during the operation, indicating that the block was handled normally without any issues. The block is in a healthy state with no signs of under-replication, corruption, or loss."
blk_3016571528120363023,"The block blk_3016571528120363023 was received successfully without any errors or warnings. The operation completed normally, indicating that the block is healthy and in a consistent state. No retries or failures were recorded during this operation."
blk_-7678242108759603056,"The block blk_-7678242108759603056 was successfully received without any errors or warnings. The operation completed normally, indicating that the block is healthy and in a consistent state. There were no retries, failures, or unusual patterns noted during the process."
blk_-7526023914950151999,"The block blk_-7526023914950151999 was successfully received with no errors or warnings reported. The operation completed normally, indicating that the block is healthy and in a consistent state. There were no retries, failures, or unusual patterns observed during this operation."
blk_-6380328072112550668,"The block blk_-6380328072112550668 was successfully received without any errors or exceptions. The operation completed normally, indicating that the block is healthy and in a consistent state. There were no retries, failures, or unusual patterns observed during this operation."
blk_3222673463853349950,"The block blk_3222673463853349950 was successfully added to the block map with a size of 64 MB. There were no errors, exceptions, or warnings reported during the operation, indicating that the block was handled normally and is in a healthy state. All operations completed successfully without any retries or failures."
blk_-3183355402229300197,"The log indicates that the PacketResponder for block blk_-3183355402229300197 has terminated, but there are no specific errors, exceptions, or warnings reported. There are no indications of retries, failures, or any unusual behavior associated with this block. The block appears to be in a healthy state with routine operations completing normally."
blk_-5963475042722370536,"The block blk_-5963475042722370536 was successfully added to the block map with a size of 67,108,864 bytes. There were no errors, exceptions, or warnings reported during the operation, indicating that the block was handled normally and is in a healthy state."
blk_-7527506469734664572,"The block with ID blk_-7527506469734664572 was successfully allocated without any errors or warnings. The operation completed normally, indicating that the block is healthy and in a consistent state. There were no retries, failures, or unusual patterns observed during this operation."
blk_9072486569292195232,"The block blk_9072486569292195232 was successfully received with a size of 67,108,864 bytes. There were no errors, exceptions, or warnings reported during the operation, indicating that the block was processed normally and is in a healthy state. All operations related to this block completed successfully without any retries or failures."
blk_-4455205822455130625,"The block blk_-4455205822455130625 was successfully added to the block map with a size of 67,108,864 bytes. There were no errors, exceptions, or warnings reported during this operation, indicating that the block was handled normally and is in a healthy state."
blk_3777399812922072863,"The block blk_3777399812922072863 was successfully received with a size of 67,108,864 bytes. There were no errors, exceptions, or warnings reported during the operation, indicating that the block was processed normally without any issues. The block is in a healthy state with no inconsistencies or replication problems."
blk_-4633546693082073737,"The block blk_-4633546693082073737 experienced a termination of the PacketResponder, indicating that the process responsible for sending data packets to the DataNodes has completed its operation. There are no indications of errors, exceptions, or warnings related to this block, suggesting that it is in a healthy state with routine operations having been performed successfully. No retries or failures were noted, and the block remains consistent without any issues such as under-replication or corruption."
blk_6799391641508508235,"The block blk_6799391641508508235 was successfully received with a size of 67,108,864 bytes from a datanode. There were no errors, exceptions, or warnings reported during this operation, indicating that the block was handled normally and is in a healthy state."
blk_1002945451269828722,"The log indicates that the PacketResponder for block blk_1002945451269828722 terminated, but there are no specific errors, exceptions, or warnings reported. There are no indications of retries, failures, or any issues with the block's state. Therefore, it appears that the operations related to this block completed normally without any notable problems."
blk_566413670355737377,"The block blk_566413670355737377 was successfully received with a size of 67,108,864 bytes. There were no errors, exceptions, or warnings reported during the operation, indicating that the block was processed normally and is in a healthy state. All operations related to this block completed successfully without any retries or failures."
blk_2819581679409796253,"The block blk_2819581679409796253 experienced a termination of its PacketResponder, indicating that the process responsible for sending data packets to the datanodes for this block has completed its operation. There are no recorded errors, exceptions, or warnings associated with this block, suggesting that it was handled normally without any issues. The block remains in a healthy state, and no unusual patterns or failures were noted during its operations."
blk_1512923509505250283,"The block blk_1512923509505250283 was successfully added to the block map with a size of 64 MB. There were no errors, exceptions, or warnings reported during this operation, indicating that the block was handled normally and is in a healthy state. No retries or failures occurred, and the block is fully replicated and consistent."
blk_285336326661214154,"The block with ID blk_285336326661214154 was allocated successfully without any errors or warnings. The operation completed normally, indicating that the block is healthy and in a consistent state. There were no retries, failures, or unusual patterns observed during this process."
blk_5955377624764578810,"The block blk_5955377624764578810 was successfully added to the block map with a size of 67,108,864 bytes. There were no errors, exceptions, or warnings reported during this operation, indicating that the block is healthy and all operations completed normally."
blk_-7458279618877678162,"The block with ID blk_-7458279618877678162 was allocated successfully without any errors or warnings. The operation completed normally, indicating that the block is healthy and in a consistent state. No retries or failures were recorded during this process."
blk_5018765878120211503,"The block blk_5018765878120211503 experienced a termination of its PacketResponder, indicating that there may have been an issue with the communication or acknowledgment process for this block. However, there are no specific errors, exceptions, or warnings indicating failures or inconsistencies related to this block. The log does not suggest any retries or failures, nor does it indicate that the block is in an inconsistent state. Overall, the operations appear to have completed without notable issues, but the termination of the PacketResponder could warrant further monitoring to ensure no underlying problems arise."
blk_313888672758374538,"The block blk_313888672758374538 was successfully received without any errors or warnings. The operation completed normally, indicating that the block is healthy and in a consistent state. There were no retries, failures, or unusual patterns observed during this operation."
blk_3764801892187716497,"The block blk_3764801892187716497 was successfully added to the block map with a size of 67,108,864 bytes. There were no errors, exceptions, or warnings reported during this operation, indicating that the block is healthy and all operations completed normally."
blk_-3491385689517593364,"The block blk_-3491385689517593364 was successfully received with a size of 67,108,864 bytes. There were no errors, exceptions, or warnings reported during this operation, indicating that the block was processed normally without any issues. The block is in a healthy state with no indications of under-replication, corruption, or loss."
blk_-2243784245784480521,"The block blk_-2243784245784480521 was successfully received with a size of 67,108,864 bytes from a datanode. There were no errors, exceptions, or warnings reported during the operation, indicating that the block was handled normally without any issues. The block is in a healthy state with no indications of under-replication, corruption, or loss."
blk_-4052810234606327693,"The block blk_-4052810234606327693 was successfully added to the block map with a size of 67,108,864 bytes. There were no errors, exceptions, or warnings reported during this operation, indicating that the block is healthy and all operations completed normally."
blk_-6695620358347030339,"The block blk_-6695620358347030339 experienced a termination of its PacketResponder, indicating that there may have been issues with data transmission or acknowledgment from the datanodes. However, there are no specific errors, exceptions, or warnings indicating failures or inconsistencies related to this block. The log does not provide evidence of retries, failures, or any unusual patterns, suggesting that the block may have completed its operations normally despite the termination of the PacketResponder. Overall, the block appears to be in a healthy state without any reported issues."
blk_-5102453487463005287,"The block blk_-5102453487463005287 experienced a termination of the PacketResponder, indicating that the block's data transfer process was interrupted. There are no indications of errors, exceptions, or warnings related to this block, suggesting that it may have completed its operations normally without any issues. The block appears to be in a healthy state with no signs of corruption, under-replication, or loss."
blk_7924393760966842810,"The block blk_7924393760966842810 was successfully received without any errors or warnings. The operation completed normally, indicating that the block is healthy and in a consistent state. There were no retries, failures, or unusual patterns noted during this operation."
blk_5915244038969911075,"The block blk_5915244038969911075 was successfully received with a size of 67,108,864 bytes. There were no errors, exceptions, or warnings reported during the operation, indicating that the block was handled normally without any issues. The block is in a healthy state with no indications of under-replication, corruption, or loss."
blk_3243316191092266549,"The block blk_3243316191092266549 was successfully added to the blockMap, indicating that it was stored correctly with a size of 64 MB. There were no errors, exceptions, or warnings reported during the operation, and the block appears to be in a healthy state with no issues related to replication or consistency."
blk_8229768485681546149,"The block blk_8229768485681546149 experienced a termination of the PacketResponder without any indication of errors, exceptions, or warnings. There were no retries or failures noted in the log lines, suggesting that the operations related to this block completed normally and it remains in a healthy state. No unusual patterns or inconsistencies were observed."
blk_3206064173813164493,"The block blk_3206064173813164493 was successfully added to the blockMap with a size of 67,108,864 bytes. There were no errors, exceptions, or warnings reported during this operation, indicating that the block is healthy and all operations completed normally."
blk_-1957299792594627113,"The block blk_-1957299792594627113 experienced a termination of its PacketResponder 2, indicating that the block may have encountered issues during data transmission or acknowledgment processes. However, there are no specific errors, exceptions, or warnings detailed in the log lines that suggest a failure or an inconsistent state for this block. As a result, it is unclear if the block is healthy or if it has entered an under-replicated or corrupted state. Further investigation may be needed to determine the overall status of the block."
blk_-1690784932539647416,"The block blk_-1690784932539647416 was successfully received without any errors or exceptions reported. The operation completed normally, indicating that the block is healthy and in a consistent state. There were no retries, failures, or unusual patterns noted during this operation."
blk_6745520736924802462,"The block blk_6745520736924802462 experienced a termination of its PacketResponder, indicating that the communication for this block was completed without any reported errors or issues. There are no indications of retries, failures, or inconsistencies, suggesting that the block remained healthy throughout its operations."
blk_-1525964299678787959,"The block with ID blk_-1525964299678787959 was marked as invalid and added to the invalid set, indicating that it is no longer usable. There are no indications of errors, exceptions, or warnings related to this block's operations, nor any retries or failures noted. The block's status suggests it may be lost or corrupted, but no further details are provided to clarify the cause of its invalidation."
blk_7045475543362904558,"The block with ID blk_7045475543362904558 was marked as invalid and added to the invalid set, indicating that it is no longer considered usable within the HDFS. There are no indications of errors, exceptions, or warnings related to this block's operations prior to its invalidation, nor are there any retries or failures noted. The block appears to have ended up in an inconsistent state, as it has been deemed invalid without further context on the reason for its invalidation."
blk_-6802124772693111025,"The block with ID blk_-6802124772693111025 was marked as invalid and added to the invalid set, indicating that it is no longer usable within the HDFS. There are no indications of errors or exceptions related to this block's operations, but its status suggests that it may have been corrupted or otherwise deemed unusable. The block is now in an inconsistent state and is not available for further operations."
blk_-5205950257901523262,"The block blk_-5205950257901523262 was deleted without any indication of errors or warnings in the log lines. There were no retries or failures reported, and the block did not end up in an inconsistent state. The operation completed normally, resulting in the successful deletion of the block."
blk_-1649239999940418046,"The log indicates that the PacketResponder for block blk_-1649239999940418046 terminated without any reported errors or exceptions. There are no indications of failures, retries, or unusual behavior associated with this block. The block appears to be in a healthy state, with operations completing normally."
blk_6880728743505526406,"The block blk_6880728743505526406 was successfully received with a size of 67,108,864 bytes. There were no errors, exceptions, or warnings reported during the operation, indicating that the block was handled normally without any issues. The block is in a healthy state with no inconsistencies or failures noted."
blk_5256716488526744434,"The block blk_5256716488526744434 was successfully received without any errors or exceptions. The operation completed normally, indicating that the block is healthy and in a consistent state. There were no retries, failures, or unusual patterns observed during this operation."
blk_6928449948805597176,"The block blk_6928449948805597176 was successfully added to the blockMap with a size of 67,108,864 bytes. There are no errors, exceptions, or warnings noted in the log lines, indicating that the operations completed normally without any issues. The block is healthy and in a consistent state."
blk_2529569087635823495,"The log indicates that the PacketResponder for block blk_2529569087635823495 has terminated, but there are no specific errors, exceptions, or warnings reported. There is no indication of retries, failures, or any unusual behavior associated with this block. Therefore, it appears that the operations related to this block completed normally without any issues, and the block remains in a healthy state."
blk_3764836840384130740,"The block with ID blk_3764836840384130740 was successfully allocated without any errors or warnings. The operation completed normally, indicating that the block is healthy and in a consistent state. There were no retries, failures, or unusual patterns observed during this operation."
blk_3020717811556957482,"The block blk_3020717811556957482 was received successfully without any errors or exceptions. The operation completed normally, indicating that the block is healthy and in a consistent state. There were no retries, failures, or unusual patterns noted during this operation."
blk_-577659324269246113,"The block blk_-577659324269246113 was successfully received with a size of 67,108,864 bytes. There were no errors, exceptions, or warnings reported during the operation, indicating that the block was processed normally and is in a healthy state. All operations related to this block completed successfully without any retries or failures."
blk_6137960563260046065,"The log indicates that the PacketResponder for block blk_6137960563260046065 terminated, but there are no specific errors, exceptions, or warnings reported. There are no indications of retries, failures, or any unusual patterns. The block appears to be in a healthy state with routine operations, as no issues were noted in the log."
blk_-6909400912794057067,"The block with ID blk_-6909400912794057067 was successfully added to the block map, indicating that it was stored correctly with a size of 67,108,864 bytes. There were no errors, exceptions, or warnings reported during this operation, and the block appears to be in a healthy state with no issues related to replication or consistency."
blk_8249475180346179102,"The block blk_8249475180346179102 was successfully added to the block map with a size of 67,108,864 bytes. There were no errors, exceptions, or warnings reported during the operation, indicating that the block is healthy and all operations completed normally."
blk_-5045144756510626150,"The block blk_-5045144756510626150 was successfully received with a size of 67,108,864 bytes. There were no errors, exceptions, or warnings reported during the operation, indicating that the block was handled normally without any issues. The block is in a healthy state with no indications of under-replication, corruption, or loss."
blk_752365829198406123,"The block blk_752365829198406123 was successfully received with a size of 67,108,864 bytes. There were no errors, exceptions, or warnings reported during this operation, indicating that the block was processed normally without any issues. The block is in a healthy state with no indications of under-replication, corruption, or loss."
blk_5663417083925711869,"The log indicates that the PacketResponder for block blk_5663417083925711869 terminated, but there are no specific errors, exceptions, or warnings reported. There is no indication of retries, failures, or any unusual patterns. The block appears to be in a healthy state with routine operations completing normally."
blk_-2014243777892518956,"The log indicates that the PacketResponder for block blk_-2014243777892518956 has terminated, but there are no specific errors, exceptions, or warnings noted. There is no indication of retries, failures, or any unusual behavior associated with this block. The block appears to be in a healthy state with routine operations completing normally."
blk_-8123824094195108685,"The block blk_-8123824094195108685 was successfully received without any errors or exceptions reported. The operation completed normally, indicating that the block is healthy and in a consistent state. There were no retries, failures, or unusual patterns noted during this operation."
blk_2080318574920472813,"The block blk_2080318574920472813 was successfully received without any errors or exceptions. The operation was completed normally, indicating that the block is healthy and in a consistent state. There were no retries, failures, or unusual patterns noted during this operation."
blk_-290874442865281380,"The block blk_-290874442865281380 was successfully received with a size of 28,497,700 bytes from a datanode. No errors, exceptions, or warnings were reported during the operation, indicating that the block was handled normally and is in a healthy state. There were no retries or failures, and the block is not in an inconsistent state. All operations related to this block completed successfully."
blk_5953577136151423920,"The block blk_5953577136151423920 was successfully added to the block map with a size of 67,108,864 bytes. There were no errors, exceptions, or warnings reported during this operation, indicating that the block is healthy and in a consistent state. All operations related to this block completed normally without any retries or failures."
blk_-2780312306380730204,"The block blk_-2780312306380730204 experienced a termination of its PacketResponder, indicating that the block's data transfer operations were completed without any reported errors or issues. There were no indications of retries, failures, or inconsistencies, suggesting that the block remained in a healthy state throughout the operations."
blk_-633826175832239328,"The log indicates that the PacketResponder for block blk_-633826175832239328 has terminated, but there are no specific errors, exceptions, or warnings reported. There are no indications of retries, failures, or any unusual patterns. The block appears to be in a healthy state with routine operations completing normally."
blk_-6540455811923725840,"The block blk_-6540455811923725840 was successfully added to the block map with a size of 67,108,864 bytes. There were no errors, exceptions, or warnings reported during this operation, indicating that the block is healthy and all operations completed normally."
blk_6308888821787547357,"The block blk_6308888821787547357 was successfully added to the block map with a size of 67,108,864 bytes. There were no errors, exceptions, or warnings reported during this operation, indicating that the block was handled normally and is in a healthy state."
blk_4638603954320058978,"The block blk_4638603954320058978 experienced a termination of the PacketResponder, indicating that the block was likely in the process of being written or replicated when the responder completed its task. There are no specific errors, exceptions, or warnings noted in the log lines, suggesting that the operations related to this block were completed normally without any issues. The block appears to be healthy and in a consistent state."
blk_-4651707530079874243,"The block blk_-4651707530079874243 was successfully added to the blockMap with a size of 67,108,864 bytes. There were no errors, exceptions, or warnings reported during this operation, indicating that the block is healthy and all operations completed normally."
blk_5115892145206906855,"The block blk_5115892145206906855 experienced a termination of its PacketResponder, indicating that there may have been an issue with the communication or acknowledgment process for this block. However, no specific errors, exceptions, or warnings were logged that would suggest a failure or inconsistency in the block's state. There were no indications of retries, failures, or unusual patterns, suggesting that the operations related to this block were completed normally despite the termination of the PacketResponder. The block appears to be in a healthy state without any reported issues."
blk_-2421414377433740760,"The block blk_-2421414377433740760 experienced a termination of its PacketResponder, indicating that the communication for this block was concluded. There are no indications of errors, exceptions, or warnings in the log lines, suggesting that the operations related to this block were completed normally without any issues. The block appears to be in a healthy state with no signs of under-replication, corruption, or loss."
blk_-420564586555502239,"The block blk_-420564586555502239 was successfully received with a size of 67,108,864 bytes. There were no errors, exceptions, or warnings reported during this operation, indicating that the block was handled normally without any issues. The block is in a healthy state with no indications of under-replication, corruption, or loss."
blk_-3091906986951252347,"The block with ID blk_-3091906986951252347 was successfully allocated without any reported errors or exceptions. The operation completed normally, indicating that the block is healthy and in a consistent state. There were no retries, failures, or unusual patterns observed during this process."
blk_-4068751061953213467,"The block blk_-4068751061953213467 experienced a termination of its PacketResponder, indicating that there may have been issues with data transmission or acknowledgment from the datanodes. However, there are no specific errors, exceptions, or warnings indicating failures or inconsistencies with the block itself. The log does not suggest any retries or failures, nor does it indicate that the block is in an under-replicated, corrupted, or lost state. Overall, the operations related to this block appear to have completed without notable issues."
blk_-3025440686907267472,"The block blk_-3025440686907267472 experienced a termination of its PacketResponder, indicating that there may have been issues with the communication or acknowledgment of data packets. However, there are no specific errors, exceptions, or warnings related to this block's state or operations. There is no indication of retries, failures, or an inconsistent state for this block. Overall, the log suggests that while the PacketResponder terminated, there are no notable issues or unusual patterns associated with this block."
blk_-420818767915591010,"The block blk_-420818767915591010 was successfully added to the blockMap, indicating that it was stored correctly with a size of 67,108,864 bytes. There were no errors, exceptions, or warnings reported during this operation, and the block appears to be in a healthy state with no issues related to replication or consistency."
blk_8422946850755720617,"The block blk_8422946850755720617 experienced a termination of the PacketResponder, indicating that the block's data transfer process was interrupted. There are no indications of errors, exceptions, or warnings related to this block, nor are there any retries or failures noted. The block appears to be in a consistent state, with no signs of being under-replicated, corrupted, or lost. Overall, the operations related to this block were completed normally, albeit with the termination of the PacketResponder."
blk_-5646228903161999640,"The block blk_-5646228903161999640 was successfully received without any errors or exceptions. The operation completed normally, indicating that the block is healthy and in a consistent state. There were no retries, failures, or unusual patterns noted during the operation."
blk_-7024895786822269814,"The block blk_-7024895786822269814 experienced a termination of its PacketResponder, indicating that there may have been an issue with the communication or response handling for this block. However, no specific errors, exceptions, or warnings were logged that suggest a failure or inconsistency in the block's state. There are no indications of retries, failures, or unusual patterns, suggesting that the block may not have encountered significant operational issues. Overall, the block appears to be in a healthy state following the termination of the PacketResponder."
blk_-4430291708660291878,"The log indicates that the PacketResponder for block blk_-4430291708660291878 terminated, but there are no specific errors, exceptions, or warnings reported. There are no indications of retries, failures, or any unusual patterns. The block appears to be in a healthy state with routine operations completing normally."
blk_-6250368566161066085,"The block blk_-6250368566161066085 was successfully received without any errors or exceptions reported. All operations related to this block completed normally, indicating that it is in a healthy state. There were no indications of retries, failures, or inconsistencies such as under-replication or corruption."
blk_-6213380972217661202,"The block blk_-6213380972217661202 was successfully received without any errors or exceptions. The operation completed normally, indicating that the block is healthy and in a consistent state. There were no retries, failures, or unusual patterns noted during this operation."
blk_3813891701916249413,"The block blk_3813891701916249413 was successfully received with a size of 67,108,864 bytes. There were no errors, exceptions, or warnings reported during the operation, indicating that the block was processed normally without any issues. The block is in a healthy state, and all operations completed successfully."
blk_903961454948542202,"The log indicates that PacketResponder 2 for block blk_903961454948542202 has terminated, but there are no specific errors, exceptions, or warnings reported. There is no indication of retries, failures, or any unusual behavior associated with this block. The block appears to be in a healthy state, with operations completing normally."
blk_3954386352306480748,"The block blk_3954386352306480748 was successfully added to the block map with a size of 67,108,864 bytes. There are no errors, exceptions, or warnings noted in the log lines, indicating that the operations completed normally without any issues. The block is in a healthy state with no signs of under-replication, corruption, or loss."
blk_4812792845864526586,"The block blk_4812792845864526586 was successfully added to the block map with a size of 67,108,864 bytes. There were no errors, exceptions, or warnings reported during the operation, indicating that the block was handled normally and is in a healthy state. All operations related to this block completed successfully without any retries or failures."
blk_5570475465835003801,"The block blk_5570475465835003801 was successfully added to the block map with a size of 67,108,864 bytes. There were no errors, exceptions, or warnings reported during this operation, indicating that the block is healthy and all operations completed normally."
blk_-9190864897806028230,"The block blk_-9190864897806028230 was successfully received with a size of 67,108,864 bytes. There were no errors, exceptions, or warnings reported during the operation, indicating that the block was processed normally without any issues. The block is in a healthy state with no signs of under-replication, corruption, or loss."
blk_-4342304152206614489,"The block with ID blk_-4342304152206614489 was successfully added to the block map, indicating that it was stored correctly with a size of 64 MB. There were no errors, exceptions, or warnings reported during this operation, and the block appears to be healthy with no issues related to replication or consistency. All operations completed normally."
blk_-190773840747023361,"The block blk_-190773840747023361 experienced a termination of the PacketResponder, indicating that there may have been an issue with the communication or data transfer process. However, there are no specific errors, exceptions, or warnings indicating failures or inconsistencies related to this block. The log does not suggest any retries or failures, nor does it indicate that the block ended up in an inconsistent state. Overall, while the termination of the PacketResponder is noted, there are no significant operational issues reported for this block."
blk_-5580048401594934039,"The block blk_-5580048401594934039 was successfully added to the block map with a size of 67,108,864 bytes. There were no errors, exceptions, or warnings reported during the operation, indicating that the block is healthy and all operations completed normally."
blk_6640583412927022083,"The block blk_6640583412927022083 was successfully added to the block map with a size of 67,108,864 bytes. There were no errors, exceptions, or warnings reported during this operation, indicating that the block was handled normally and is in a healthy state."
blk_-1332315107905285608,"The block blk_-1332315107905285608 was successfully added to the blockMap, indicating that it was stored correctly with a size of 67,108,864 bytes. There were no errors, exceptions, or warnings reported during the operation, and the block appears to be in a healthy state with no issues related to replication or consistency."
blk_3550669278239526374,"The block blk_3550669278239526374 was successfully received with a size of 67,108,864 bytes. There were no errors, exceptions, or warnings reported during the operation, indicating that the block was processed normally without any issues. The block is in a healthy state with no indications of being under-replicated, corrupted, or lost."
blk_4873550540813847659,"The block blk_4873550540813847659 experienced a termination of its PacketResponder, which indicates that there may have been an issue with the communication or data transfer process. However, there are no specific errors, exceptions, or warnings indicating failures, retries, or inconsistencies associated with this block. The log does not suggest any unusual patterns or operational failures, implying that the block may still be in a healthy state despite the termination of the PacketResponder."
blk_-1133573997287815203,"The block blk_-1133573997287815203 was received successfully without any errors or exceptions reported. The operation completed normally, indicating that the block is healthy and in a consistent state. No retries or failures were noted during this process."
blk_2740792916077430444,"The block blk_2740792916077430444 was successfully added to the block map with a size of 28,482,383 bytes. There were no errors, exceptions, or warnings reported during the operation, indicating that the block was handled normally and is in a healthy state."
blk_2851869865185325732,"The block blk_2851869865185325732 experienced a termination of its PacketResponder, indicating that there may have been an issue with the communication or response handling for this block. However, there are no specific errors, exceptions, or warnings indicating failures or inconsistencies related to this block. The log does not provide evidence of retries, failures, or any unusual patterns, suggesting that the block may be in a stable state despite the termination of the PacketResponder. Further investigation may be required to determine if this termination had any impact on the block's overall health or operations."
blk_-1842096107468319932,"The block with ID blk_-1842096107468319932 encountered an issue where the PacketResponder terminated unexpectedly. There are no indications of successful operations or retries, and the log does not provide details on any errors, exceptions, or warnings beyond the termination of the PacketResponder. As a result, the status of the block remains unclear, and it may be in an inconsistent state due to the lack of further information on its replication or health."
blk_-8965508153794244104,"The block blk_-8965508153794244104 was successfully received with a size of 28,494,398 bytes. No errors, exceptions, or warnings were reported during the operation, indicating that the block was processed normally without any issues. The block is in a healthy state with no inconsistencies or failures noted."
blk_1074754942323612586,"The block blk_1074754942323612586 was successfully received without any errors or exceptions. The operation completed normally, indicating that the block is healthy and in a consistent state. There were no retries, failures, or unusual patterns observed during this operation."
blk_-7727864185516010230,"The block blk_-7727864185516010230 was successfully received without any errors or exceptions. The operation completed normally, indicating that the block is healthy and in a consistent state. There were no retries, failures, or unusual patterns noted during this operation."
blk_-4779205255695723216,"The log indicates that the PacketResponder for block blk_-4779205255695723216 has terminated, but there are no specific errors, exceptions, or warnings noted. There are no indications of retries, failures, or any unusual behavior associated with this block. The block appears to be in a healthy state with routine operations completed normally."
blk_2261089810991980611,"The block blk_2261089810991980611 experienced a termination of its PacketResponder, indicating that there may have been issues with data transmission or acknowledgment from the datanodes. However, there are no specific errors, exceptions, or warnings indicating that the block is in an inconsistent state, under-replicated, or corrupted. The log does not provide evidence of retries or failures, suggesting that the operations related to this block may have completed normally despite the termination of the PacketResponder."
blk_5335498635665743905,"The block blk_5335498635665743905 was successfully received without any errors or exceptions reported. The operation completed normally, indicating that the block is healthy and in a consistent state. There were no retries, failures, or unusual patterns observed during this operation."
blk_-5144503768267321004,"The block blk_-5144503768267321004 was successfully received without any reported errors or exceptions. The operation completed normally, indicating that the block is healthy and in a consistent state. There were no retries, failures, or unusual patterns noted during this operation."
blk_1927336911952959118,"The block blk_1927336911952959118 experienced a normal termination of the PacketResponder without any reported errors, exceptions, or warnings. There were no indications of retries, failures, or inconsistencies, suggesting that the block is healthy and all operations completed successfully."
blk_-2332150303475653460,"The block blk_-2332150303475653460 was successfully stored, with the block map updated to reflect the addition of a datanode. The operation completed normally without any errors, exceptions, or warnings, indicating that the block is healthy and properly replicated."
blk_2111886617384066018,"The log indicates that the PacketResponder for block blk_2111886617384066018 has terminated, but there are no specific errors, exceptions, or warnings reported. There are no indications of retries, failures, or any unusual patterns. The block appears to be in a healthy state with routine operations completing normally."
blk_-2506231977021079951,"The block blk_-2506231977021079951 was successfully received without any errors or exceptions. The operation completed normally, indicating that the block is healthy and in a consistent state. There were no retries, failures, or unusual patterns noted during this operation."
blk_4330492872922862223,"The block blk_4330492872922862223 was successfully added to the block map, indicating that it was stored correctly without any errors or exceptions. The operation completed normally, and the block size is 64 MB. There were no indications of retries, failures, or any inconsistent states for this block."
blk_6918427074195439966,"The block blk_6918427074195439966 experienced a termination of its PacketResponder, indicating that there were no further operations or responses needed for this block. There are no recorded errors, exceptions, or warnings associated with this block, suggesting that it completed its operations normally without any issues. The block appears to be in a healthy state with no indications of inconsistencies, failures, or unusual patterns."
blk_4284688617983009262,"The block blk_4284688617983009262 was successfully received without any errors or exceptions. The operation completed normally, indicating that the block is healthy and in a consistent state. No retries, failures, or unusual patterns were noted during this operation."
blk_5813361416484537967,"The block blk_5813361416484537967 was successfully added to the block map with a size of 67,108,864 bytes. There were no errors, exceptions, or warnings reported during this operation, indicating that the block was handled normally and is in a healthy state."
blk_-2313277713021896570,"The block blk_-2313277713021896570 was successfully received without any reported errors or exceptions. The operation completed normally, indicating that the block is healthy and in a consistent state. No retries, failures, or unusual patterns were noted during this operation."
blk_-7778922135767840250,"The block with ID blk_-7778922135767840250 experienced a termination of its PacketResponder, indicating that there may have been issues with data transmission or acknowledgment. However, there are no specific errors, exceptions, or warnings indicating failures or inconsistencies related to this block. The log does not provide evidence of retries, failures, or any unusual patterns. As such, the block appears to be in a healthy state, with operations likely completing normally despite the termination of the PacketResponder."
blk_-7350482598011027441,"The block blk_-7350482598011027441 was successfully received without any errors or exceptions. The operation completed normally, indicating that the block is healthy and in a consistent state. There were no retries, failures, or unusual patterns noted during this operation."
blk_-3607860197409267245,"The block blk_-3607860197409267245 was received successfully with a size of 28,503,188 bytes. There were no errors, exceptions, or warnings reported during the operation, indicating that the block was processed normally and is in a healthy state. No retries or failures were noted, and the block is fully replicated without any inconsistencies."
blk_4178945095089206682,"The block blk_4178945095089206682 experienced a termination of its PacketResponder, indicating that the communication for this block was completed without any reported errors or issues. There are no indications of retries, failures, or inconsistencies, suggesting that the block is in a healthy state with all operations having completed normally."
blk_-3363550789841756902,"The log indicates that the PacketResponder for block blk_-3363550789841756902 has terminated, but there are no specific errors, exceptions, or warnings reported. There are no indications of retries, failures, or any issues with the block's state. The block appears to have completed its operations normally without any unusual patterns or inconsistencies."
blk_345577139488306634,"The block blk_345577139488306634 was successfully received without any errors or exceptions. The operation completed normally, indicating that the block is healthy and in a consistent state. There were no retries, failures, or unusual patterns observed during this operation."
blk_4577632468651859430,"The block blk_4577632468651859430 was successfully added to the block map with a size of 67,108,864 bytes. There were no errors, exceptions, or warnings reported during this operation, indicating that the block was handled normally and is in a healthy state."
blk_-2051219911597308805,"The block with ID blk_-2051219911597308805 was successfully allocated without any errors or exceptions. The operation completed normally, indicating that the block is healthy and in a consistent state. There were no retries, failures, or unusual patterns observed during this operation."
blk_-2680500627064966252,"The block with ID blk_-2680500627064966252 experienced a termination of its PacketResponder, indicating that the process responsible for managing data packet responses for this block has stopped. There are no indications of errors, exceptions, or warnings related to this block, and it appears that all operations were completed normally without any retries or failures. The block remains in a healthy state with no signs of being under-replicated, corrupted, or lost."
blk_-9092685890953655332,"The block blk_-9092685890953655332 was successfully received without any errors or exceptions. The operation completed normally, indicating that the block is healthy and in a consistent state. There were no retries, failures, or unusual patterns noted during the operation."
blk_-4473020641607592551,"The block blk_-4473020641607592551 was successfully received without any errors or exceptions. The operation was completed normally, indicating that the block is healthy and in a consistent state. No retries or failures were noted during the process."
blk_-524128780228307052,"The block blk_-524128780228307052 was successfully added to the block map with a size of 67,108,864 bytes. There were no errors, exceptions, or warnings reported during the operation, indicating that the block was processed normally and is in a healthy state."
blk_4443043493758564822,"The block blk_4443043493758564822 was successfully received with a size of 67,108,864 bytes. There were no errors, exceptions, or warnings reported during the operation, and the block appears to be in a healthy state with no issues related to replication or integrity. All operations completed normally."
blk_5118390778403008591,"The block blk_5118390778403008591 was successfully received with a size of 67,108,864 bytes. There were no errors, exceptions, or warnings reported during the operation, indicating that the block was handled normally without any issues. The block is in a healthy state with no inconsistencies or failures noted."
blk_2737505352081488746,"The block blk_2737505352081488746 was successfully received without any errors or exceptions. The operation completed normally, indicating that the block is healthy and in a consistent state. There were no retries, failures, or unusual patterns observed during this operation."
blk_-9013487557842539661,"The block blk_-9013487557842539661 was successfully received with a size of 28,485,342 bytes. No errors, exceptions, or warnings were reported during the operation, indicating that the block was handled normally without any issues. The block is in a healthy state and is fully operational."
blk_-8638442557570632582,"The block blk_-8638442557570632582 experienced a termination of the PacketResponder, indicating that there may have been an issue with the communication or data transfer process. However, there are no specific errors, exceptions, or warnings indicating failures, retries, or inconsistencies associated with this block. The log does not suggest that the block is in an under-replicated, corrupted, or lost state. Overall, the operations related to this block appear to have completed without notable issues."
blk_111759050707136656,"The block blk_111759050707136656 was successfully added to the block map with a size of 67,108,864 bytes. There were no errors, exceptions, or warnings reported during the operation, indicating that the block was handled normally and is in a healthy state. All operations related to this block completed successfully without any retries or failures."
blk_2259206517962925438,"The block with ID blk_2259206517962925438 was marked as invalid and added to the invalid set, indicating that it is no longer considered valid by the NameNode. There are no indications of errors, exceptions, or warnings related to this block's operations, nor were there any retries or failures reported. The block appears to have been removed from the active dataset, suggesting it may be lost or corrupted, but no further details are provided to clarify its final state."
blk_-3854777877236596649,"The block with ID blk_-3854777877236596649 was marked as invalid and added to the invalid set, indicating that it is no longer usable. There are no indications of errors, exceptions, or warnings related to this block's operations, nor any retries or failures noted. The block is likely in an inconsistent state, as it has been deemed invalid without further context on its previous status or operations."
blk_-4265150363959543078,"The block with ID blk_-4265150363959543078 was marked as invalid and added to the invalid set, indicating that it is no longer considered usable. There are no indications of errors, exceptions, or warnings related to this block's operations prior to its invalidation. The block did not experience any retries or failures during its lifecycle as per the provided log lines. However, its status is now inconsistent, as it has been deemed invalid, which suggests it may have been corrupted or lost."
blk_3729730843466061623,"The block with ID blk_3729730843466061623 was marked as invalid and added to the invalid set, indicating that it is no longer usable. There are no indications of errors, exceptions, or warnings related to this block's operations prior to its invalidation. The log does not show any retries or failures associated with this block, nor does it indicate that the block was ever in a healthy state before being marked invalid. As a result, the block is likely in an inconsistent state and is not available for further operations."
blk_3876184938151091897,"The block with ID blk_3876184938151091897 was marked as invalid and added to the invalid set, indicating that it is no longer usable. There are no indications of errors, exceptions, or warnings related to this block's operations prior to its invalidation. As a result, the block is now in an inconsistent state and cannot be recovered or accessed."
blk_-1227720343537039835,"The block with ID blk_-1227720343537039835 was marked as invalid and added to the invalid set, indicating that it is no longer usable. There are no indications of errors, exceptions, or warnings related to this block's operations, nor were there any retries or failures reported. The block appears to have ended up in an inconsistent state, as it has been deemed invalid. There are no unusual patterns or cascading errors noted in the log lines provided."
blk_-6921441628286995043,"The block with ID blk_-6921441628286995043 was marked as invalid and added to the invalid set, indicating that it is no longer accessible or usable within the HDFS. There are no indications of errors, exceptions, or warnings related to this block's operations prior to its invalidation. The log does not show any retries or failures associated with this block, nor does it indicate that the block was ever in a healthy state before being marked invalid. Consequently, the block is now considered lost and is not in a consistent state."
blk_3539852484771802299,"The block with ID blk_3539852484771802299 was marked as invalid and added to the invalid set, indicating that it is no longer accessible or usable within the HDFS. There are no indications of errors, exceptions, or warnings related to this block's operations prior to its invalidation, nor are there any retries or failures noted. The block is now in an inconsistent state, as it has been deemed invalid without further context on the reason for its invalidation."
blk_2341651676737321162,"The block with ID blk_2341651676737321162 was marked as invalid and added to the invalid set, indicating that it is no longer usable. There are no indications of errors, exceptions, or warnings related to this block's operations, nor were there any retries or failures noted. The block's status suggests it may have been deleted or corrupted, but no further details are provided regarding its previous state or any unusual patterns."
blk_-765820154946060546,"The block with ID blk_-765820154946060546 was marked as invalid and added to the invalid set, indicating that it is no longer usable. There are no indications of errors, exceptions, or warnings related to this block's operations prior to its invalidation. The block did not experience any retries or failures during its lifecycle as per the provided log lines. However, its status is now inconsistent as it has been deemed invalid, suggesting it may have been corrupted or lost."
blk_-2492400942012223395,"The block with ID blk_-2492400942012223395 was marked as invalid and added to the invalid set, indicating that it is no longer accessible or usable within the HDFS. There are no indications of errors, exceptions, or warnings related to this block's operations prior to its invalidation, nor any retries or failures noted. The block has ended up in an inconsistent state, as it is now considered invalid."
blk_-8351015090014570293,"The block with ID blk_-8351015090014570293 was marked as invalid and added to the invalid set, indicating that it is no longer considered valid by the NameNode. There are no indications of errors, exceptions, or warnings related to this block's operations, nor any retries or failures noted. The block is likely in an inconsistent state, as it has been invalidated, but no further details are provided regarding its previous status or operations."
blk_-328970571549408286,"The block with ID blk_-328970571549408286 was marked as invalid and added to the invalid set, indicating that it is no longer considered a valid block within the HDFS. There are no indications of errors, exceptions, or warnings related to this block's operations prior to its invalidation. The log does not provide details on any retries or failures, nor does it suggest that the block was in an inconsistent state before being marked invalid. Overall, the block appears to have been removed from the system without any preceding issues noted in the logs."
blk_-8130925109202184099,"The block with ID blk_-8130925109202184099 was marked as invalid and added to the invalid set, indicating that it is no longer accessible or usable within the HDFS. There are no indications of errors, exceptions, or warnings related to this block's operations prior to its invalidation. The log does not show any retries or failures associated with this block, nor does it indicate any unusual patterns or states such as under-replication or corruption. The block appears to have been removed from the system without any prior operational issues noted in the logs."
blk_-3242342105286997235,"The block with ID blk_-3242342105286997235 was marked as invalid and added to the invalid set, indicating that it is no longer usable. There are no indications of errors, exceptions, or warnings related to this block's operations prior to its invalidation. The block did not experience any retries or failures during its lifecycle as per the provided log lines. Consequently, it is likely that the block ended up in an inconsistent state, being marked invalid without any further context on its previous status or operations."
blk_2468407162668753567,"The block with ID blk_2468407162668753567 was marked as invalid and added to the invalid set, indicating that it is no longer accessible or usable within the HDFS. There are no indications of errors, exceptions, or warnings related to this block's operations prior to its invalidation, nor are there any retries or failures noted. The block is now in an inconsistent state, as it has been deemed invalid."
blk_7841365850685201915,"The block with ID blk_7841365850685201915 was marked as invalid and added to the invalid set, indicating that it has been deemed unusable. There are no indications of errors, exceptions, or warnings related to this block's operations prior to its invalidation. The log does not provide information on retries or failures, but the block is now in an inconsistent state as it has been invalidated."
blk_-6160667975382232149,"The block blk_-6160667975382232149 underwent a verification process that completed successfully, indicating that the block is healthy and consistent with no errors or issues detected. There were no retries, failures, or unusual patterns noted during the operations related to this block."
blk_2426255659473300323,"The block blk_2426255659473300323 was marked as invalid and added to the invalid set, indicating that it is no longer considered a valid block within the HDFS. There are no indications of errors, exceptions, or warnings related to this block's operations, nor any retries or failures noted. The block's status suggests it may be lost or corrupted, as it has been explicitly invalidated without further context on its previous state or operations."
blk_5203504995927133832,"The block with ID blk_5203504995927133832 was marked as invalid and added to the invalid set. There are no indications of errors, exceptions, or warnings related to this block's operations prior to its invalidation. The log does not suggest any retries or failures during its lifecycle, nor does it indicate that the block was under-replicated, corrupted, or lost prior to being marked invalid. The operation appears to have been a routine deletion without any unusual patterns or cascading errors."
blk_815809455641029563,"The block blk_815809455641029563 was marked as invalid and added to the invalid set, indicating that it is no longer considered usable. There are no indications of errors, exceptions, or warnings related to this block's operations, nor any retries or failures noted. The block appears to have ended up in an inconsistent state, as it has been invalidated without any further context provided on its previous status or operations."
blk_6413710007211667486,"The block with ID blk_6413710007211667486 was marked as invalid and added to the invalid set, indicating that it is no longer usable within the HDFS. There are no indications of errors, exceptions, or warnings related to this block's operations prior to its invalidation. The log does not provide information about retries or failures, nor does it suggest that the block was in an inconsistent state prior to being marked invalid. Overall, the block appears to have been removed from service without any reported issues during its lifecycle."
blk_-2907776069874917892,"The block with ID blk_-2907776069874917892 was marked as invalid and added to the invalid set, indicating that it is no longer accessible or usable within the HDFS. There are no indications of errors, exceptions, or warnings related to this block's operations prior to its invalidation. The log does not show any retries or failures associated with this block, nor does it indicate any unusual patterns or states such as under-replication or corruption. The block has been effectively rendered unusable without any prior operational issues noted."
blk_-5802915611610989626,"The block with ID blk_-5802915611610989626 was marked as invalid and added to the invalid set, indicating that it is no longer accessible or usable within the HDFS. There are no indications of errors, exceptions, or warnings related to this block's operations, nor any mention of retries or failures. The block appears to be in an inconsistent state, as it has been invalidated without any successful operations recorded."
blk_-7668075074035173978,"The block with ID blk_-7668075074035173978 was marked as invalid and added to the invalid set, indicating that it is no longer accessible or usable within the HDFS. There are no indications of errors, exceptions, or warnings related to this block's operations prior to its invalidation. The log does not show any retries or failures associated with this block, nor does it indicate any unusual patterns or states such as under-replication or corruption. The block appears to have been removed from active use without any prior operational issues noted in the logs."
blk_-1573544581830458089,"The block with ID blk_-1573544581830458089 was marked as invalid and added to the invalid set, indicating that it is no longer considered a valid data block in the system. There are no indications of errors, exceptions, or warnings related to this block's operations, nor any retries or failures noted. The block appears to have been removed from the active data set without any additional context provided regarding its previous state or the reason for its invalidation. As a result, the block is likely in an inconsistent state, as it has been deemed invalid."
blk_-1180596628202464893,"The block blk_-1180596628202464893 was deleted without any indication of errors or issues. There were no warnings, exceptions, or retries logged related to this block, suggesting that the deletion was a routine operation. The block does not appear to have ended up in an inconsistent state, as there are no indications of under-replication, corruption, or loss."
blk_1407935810673971357,"The block blk_1407935810673971357 was successfully received without any errors or exceptions reported. The operation completed normally, indicating that the block is healthy and in a consistent state. There were no retries, failures, or unusual patterns observed during this operation."
blk_-8167717961644709843,"The block blk_-8167717961644709843 was deleted without any indication of errors or issues. There were no retries or failures reported during this operation, and the block did not end up in an inconsistent state. The deletion appears to have been a routine operation."
blk_-7464161062429228045,"The block blk_-7464161062429228045 was deleted without any indication of errors or issues. There are no records of operations failing, retries, or warnings associated with this block. The deletion appears to have been a routine operation, and the block did not end up in an inconsistent state."
blk_-5934436507161953485,"The block blk_-5934436507161953485 was deleted successfully without any reported errors or exceptions. There were no indications of failures, retries, or inconsistencies associated with this block. The operation completed normally, resulting in the block being removed from the filesystem."
blk_-3922743468150895472,"The block blk_-3922743468150895472 was successfully received with a size of 67,108,864 bytes. There were no errors, exceptions, or warnings reported during the operation, indicating that the block was handled normally without any issues. The block is in a healthy state with no indications of under-replication, corruption, or loss."
blk_-7832937837605180330,"The block blk_-7832937837605180330 was deleted without any indication of errors or issues. There are no recorded exceptions, warnings, or failures associated with this operation, suggesting that the deletion was routine and completed successfully. The block does not appear to have entered an inconsistent state, as there are no indications of under-replication, corruption, or loss."
blk_-8547071368131084410,"The block blk_-8547071368131084410 was deleted without any indication of errors or issues. There are no recorded exceptions, warnings, or failures associated with this operation, suggesting that the deletion was routine and completed successfully. The block does not appear to be in an inconsistent state, as there are no indications of under-replication, corruption, or loss."
blk_-5429042599096020592,"The block blk_-5429042599096020592 was deleted successfully without any errors or warnings reported. There were no indications of failures, retries, or inconsistencies associated with this block. The operation completed normally, resulting in the block being removed from the filesystem."
blk_-6350492516478706425,"The block blk_-6350492516478706425 was deleted without any indication of errors or warnings in the log lines. There were no operations that failed or retried, and the block did not end up in an inconsistent state. The deletion appears to have been a routine operation."
blk_-6053005391233809507,"The block blk_-6053005391233809507 was deleted without any indication of errors or warnings in the log lines. There were no operations performed on the block prior to its deletion, and it appears to have been removed successfully without entering an inconsistent state. No retries or failures were noted, and the block did not exhibit any unusual patterns or behaviors."
blk_-1522998827901549925,"The block blk_-1522998827901549925 was successfully received with a size of 67,108,864 bytes. There were no errors, exceptions, or warnings reported during the operation, indicating that the block was handled normally without any issues. The block is in a healthy state with no indications of under-replication, corruption, or loss."
blk_-4311652947826112510,"The block with ID blk_-4311652947826112510 was deleted without any indication of errors or warnings in the log lines. There were no retries or failures reported during this operation, and the block did not end up in an inconsistent state, as it was successfully removed from the file system. There are no unusual patterns or issues noted regarding this block."
blk_-1754204887541031211,"The block blk_-1754204887541031211 was deleted without any errors or warnings reported. There were no indications of issues such as replication failures, missing blocks, or inconsistencies. The operation completed normally, resulting in the successful removal of the block from the HDFS."
blk_-4165176068096983220,"The block blk_-4165176068096983220 was deleted without any indication of errors or issues. There are no records of retries, failures, or warnings associated with this operation. The block did not end up in an inconsistent state, as it was successfully removed from the filesystem. Overall, the operation was routine and completed normally."
blk_4863571548336254624,"The block blk_4863571548336254624 was deleted successfully without any errors or warnings. There were no indications of issues such as replication failures, missing block errors, or inconsistencies. The operation completed normally, resulting in the block being removed from the filesystem."
blk_-4844505495441326897,"The block blk_-4844505495441326897 was deleted without any indication of errors or warnings. There were no retry attempts or failures recorded, and the block did not end up in an inconsistent state. The operation was completed normally, resulting in the successful removal of the block from the filesystem."
blk_-7513928662244669476,"The block with ID blk_-7513928662244669476 was deleted from the HDFS. There are no indications of errors, exceptions, or warnings associated with this operation, suggesting that the deletion was performed normally and the block did not end up in an inconsistent state. No retries or failures were noted in the log lines."
blk_-5014786445735476734,"The block blk_-5014786445735476734 was deleted without any indication of errors or issues. There are no recorded exceptions, warnings, or retries associated with this operation, suggesting that the deletion was routine and completed successfully. The block does not appear to have entered an inconsistent state, as there are no indications of under-replication, corruption, or loss."
blk_-1046472716157313227,"The block with ID blk_-1046472716157313227 was deleted without any indication of errors or issues. There are no recorded exceptions, warnings, or failures associated with this operation, suggesting that the deletion was performed as part of routine maintenance or cleanup. The block did not end up in an inconsistent state, as there were no indications of under-replication, corruption, or loss. Overall, the operation was completed normally."
blk_-1281276222788579863,"The block blk_-1281276222788579863 was deleted without any indication of errors or issues. There were no retries or failures reported during this operation, and the block did not end up in an inconsistent state. The deletion appears to have been routine and completed normally."
blk_449049393237281194,"The block blk_449049393237281194 was deleted successfully without any reported errors or exceptions. There were no indications of failures, retries, or inconsistencies associated with this block. The operation completed normally, resulting in the block being removed from the file system."
blk_352185875883785141,"The block blk_352185875883785141 was deleted without any indication of errors or warnings. There were no retries or failures reported during this operation, and the block did not end up in an inconsistent state. The deletion appears to have been a routine operation."
blk_-2890295200276774269,"The block with ID blk_-2890295200276774269 was deleted without any indication of errors or warnings in the log lines. There were no operations performed on the block prior to its deletion, and it appears to have been removed successfully without entering an inconsistent state. No retries or failures were noted, and there were no unusual patterns observed."
blk_1379455396847512711,"The block blk_1379455396847512711 was deleted without any indication of errors or warnings. There were no retry attempts or failures reported, and the block did not end up in an inconsistent state. The operation completed normally, resulting in the successful removal of the block from the file system."
blk_2180875151184358991,"The block blk_2180875151184358991 was deleted successfully without any reported errors or exceptions. There were no retries or failures noted during this operation, indicating that the deletion process completed normally and the block is no longer present in the system. There are no indications of the block being in an inconsistent state prior to deletion."
blk_-8879979113392880065,"The block blk_-8879979113392880065 was successfully received without any errors or exceptions. The operation completed normally, indicating that the block is healthy and in a consistent state. There were no retries, failures, or unusual patterns observed during this operation."
blk_1553688227908800900,"The block blk_1553688227908800900 was deleted successfully from the HDFS. There are no errors, exceptions, or warnings reported in the log lines, indicating that the deletion operation was routine and completed normally without any issues. The block does not appear to be in an inconsistent state, as the log only reflects the successful deletion."
blk_6138894560185644209,"The block blk_6138894560185644209 was deleted without any errors or warnings reported in the log lines. There were no indications of failures, retries, or unusual patterns associated with this operation. The block was removed successfully, suggesting it was in a healthy state prior to deletion."
blk_-1368324087589035770,"The block blk_-1368324087589035770 was deleted without any indication of errors or issues. There are no records of retries, failures, or warnings associated with this operation, suggesting that the deletion was performed as part of routine maintenance or cleanup. The block did not end up in an inconsistent state, as it was successfully removed from the system."
blk_3274968259628929519,"The block blk_3274968259628929519 was deleted without any indication of errors or issues. There are no recorded exceptions, warnings, or failures associated with this operation, suggesting that the block was removed as part of routine maintenance or cleanup processes. The block did not end up in an inconsistent state, and there were no retries or unusual patterns observed."
blk_5736622945587812309,"The block blk_5736622945587812309 was deleted without any indication of errors or warnings. There were no retries or failures reported during this operation, and the block did not end up in an inconsistent state. The deletion appears to have been a routine operation, completing normally."
blk_9142114171015520823,"The block blk_9142114171015520823 was deleted without any indication of errors or exceptions in the log lines. There were no retries or failures reported, and the block did not end up in an inconsistent state. The operation completed normally, resulting in the successful removal of the block from the filesystem."
blk_8556592730481313831,"The block blk_8556592730481313831 was deleted without any indication of errors or warnings in the log lines. There were no retries or failures noted, and the block did not end up in an inconsistent state. The operation completed normally, resulting in the successful deletion of the block."
blk_6147898566868510104,"The block blk_6147898566868510104 was deleted successfully without any reported errors or exceptions. There were no indications of failures, retries, or any unusual behavior associated with this operation. The block is no longer present in the system, and its deletion appears to have been routine and without complications."
blk_-4334868513923498900,"The block blk_-4334868513923498900 was successfully received without any reported errors or exceptions. The operation completed normally, indicating that the block is healthy and in a consistent state. No retries, failures, or unusual patterns were noted during this operation."
blk_9081834782322008396,"The block blk_9081834782322008396 was deleted successfully without any reported errors or exceptions. There were no indications of retries, failures, or any unusual behavior associated with this operation. The block is no longer present in the system, and its deletion appears to have been routine."
blk_8962411947457130719,"The block blk_8962411947457130719 was deleted without any indication of errors or issues. There were no retries or failures reported during this operation, and the block did not end up in an inconsistent state. The deletion process completed normally, indicating that the block was likely no longer needed or had been successfully replaced."
blk_2312679955495839894,"The block blk_2312679955495839894 was successfully added to the blockMap with a size of 67,108,864 bytes. There were no errors, exceptions, or warnings reported during this operation, indicating that the block was handled normally and is in a healthy state."
blk_7434237665308221519,"The block blk_7434237665308221519 was successfully added to the block map with a size of 67,108,864 bytes. There were no errors, exceptions, or warnings reported during the operation, indicating that the block was handled normally without any issues. The block is in a healthy state, and no unusual patterns or operations were noted."
blk_2380775154966815858,"The block blk_2380775154966815858 was successfully received without any errors or exceptions. The operation was routine, with no indications of failures, retries, or inconsistencies. The block is in a healthy state, having completed its transfer normally."
blk_3777389444004341563,"The block blk_3777389444004341563 was successfully received with a size of 67,108,864 bytes. There were no errors, exceptions, or warnings reported during the operation, indicating that the block was processed normally and is in a healthy state. All operations related to this block completed without issue."
blk_-4578850505370039622,"The log indicates that the PacketResponder for block blk_-4578850505370039622 has terminated, but there are no specific errors, exceptions, or warnings reported. There are no indications of retries, failures, or any unusual patterns. The block appears to be in a healthy state with routine operations completed normally."
blk_4893049344332234616,"The block blk_4893049344332234616 was successfully added to the block map with a size of 67,108,864 bytes. There were no errors, exceptions, or warnings reported during this operation, indicating that the block is healthy and all operations completed normally."
blk_9131004320470011870,"The block blk_9131004320470011870 was successfully received without any errors or exceptions. The operation completed normally, indicating that the block is healthy and in a consistent state. There were no retries, failures, or unusual patterns observed during this operation."
blk_1253515519191706153,"The block blk_1253515519191706153 was successfully allocated without any errors or warnings. The operation completed normally, indicating that the block is healthy and in a consistent state. There were no retries or failures noted during the allocation process."
blk_-9056748866943837167,"The block blk_-9056748866943837167 was successfully added to the blockMap with a size of 67,108,864 bytes. There were no errors, exceptions, or warnings reported during the operation, indicating that the block was handled normally and is in a healthy state."
blk_-8298519990603402919,"The block blk_-8298519990603402919 was successfully added to the block map with a size of 67,108,864 bytes. There were no errors, exceptions, or warnings reported during the operation, indicating that the block was stored normally without any issues. The block is in a healthy state with no signs of inconsistency or failure."
blk_-337972286882621518,"The block blk_-337972286882621518 was successfully received with a size of 67,108,864 bytes. There were no errors, exceptions, or warnings reported during the operation, indicating that the block was handled normally without any issues. The block is in a healthy state, and all operations completed successfully."
blk_-4411589101766563890,"The block blk_-4411589101766563890 was successfully received with a size of 64 MB, and there were no errors, exceptions, or warnings reported during its operations. The PacketResponder for this block terminated normally, indicating that all operations completed without issues. The block remains in a healthy state with no signs of under-replication, corruption, or loss."
blk_-8838632285969241889,"The block blk_-8838632285969241889 was successfully received without any reported errors or exceptions. The operation completed normally, indicating that the block is healthy and in a consistent state. There were no retries, failures, or unusual patterns observed during this operation."
blk_-8225435781013159573,"The log indicates that the PacketResponder for block blk_-8225435781013159573 has terminated, but there are no specific errors, exceptions, or warnings reported. There are no indications of retries, failures, or any unusual behavior associated with this block. The block appears to be in a healthy state with routine operations completing normally."
blk_-7985144765168396303,"The block blk_-7985144765168396303 was successfully added to the block map with a size of 67,108,864 bytes. There were no errors, exceptions, or warnings reported during the operation, indicating that the block was handled normally and is in a healthy state."
blk_-6841570414687342011,"The block with ID blk_-6841570414687342011 was successfully allocated without any errors or warnings. The operation completed normally, indicating that the block is healthy and in a consistent state. There were no retries, failures, or unusual patterns observed during this operation."
blk_3924177422736829493,"The block blk_3924177422736829493 was successfully received with a size of 67,108,864 bytes. There were no errors, exceptions, or warnings reported during the operation, indicating that the block was processed normally and is in a healthy state. All operations related to this block completed successfully without any retries or failures."
blk_9074726164158535746,"The block blk_9074726164158535746 was successfully received without any errors or exceptions. The operation completed normally, indicating that the block is healthy and in a consistent state. There were no retries, failures, or unusual patterns observed during this operation."
blk_-5773244829531118765,"The block blk_-5773244829531118765 was successfully added to the block map with a size of 67,108,864 bytes. There were no errors, exceptions, or warnings reported during the operation, indicating that the block was handled normally and is in a healthy state."
blk_-8923923031063738809,"The block blk_-8923923031063738809 was successfully added to the block map with a size of 67,108,864 bytes. There were no errors, exceptions, or warnings reported during this operation, indicating that the block is healthy and all operations completed normally."
blk_-8703611999267892995,"The block blk_-8703611999267892995 was successfully received without any errors or exceptions. The operation completed normally, indicating that the block is healthy and in a consistent state. There were no retries, failures, or unusual patterns observed during this operation."
blk_-5352085087037370841,"The block blk_-5352085087037370841 was successfully added to the blockMap with a size of 67,108,864 bytes. There were no errors, exceptions, or warnings reported during this operation, indicating that the block is healthy and in a consistent state. All operations related to this block completed normally without any retries or failures."
blk_1411218759880637753,"The block blk_1411218759880637753 was successfully received with a size of 67,108,864 bytes. There were no errors, exceptions, or warnings reported during the operation, indicating that the block was processed normally and is in a healthy state. No retries or failures occurred, and the block is fully replicated without any inconsistencies."
blk_-2268450354164990110,"The block blk_-2268450354164990110 experienced a termination of its PacketResponder, indicating that there may have been issues with the communication or data transfer related to this block. However, there are no specific errors, exceptions, or warnings indicating failures or inconsistencies in the block's state. As a result, the block appears to be in a healthy state without any reported issues such as under-replication, corruption, or loss."
blk_-3622135859810774312,"The block blk_-3622135859810774312 was successfully added to the block map with a size of 67,108,864 bytes. There were no errors, exceptions, or warnings reported during the operation, indicating that the block was handled normally and is in a healthy state."
blk_-2667669005094349452,"The block blk_-2667669005094349452 was successfully received without any errors or exceptions reported. The operation completed normally, indicating that the block is healthy and in a consistent state. There were no retries, failures, or unusual patterns observed during this operation."
blk_-2935178173527646581,"The block blk_-2935178173527646581 was successfully received with a size of 67,108,864 bytes. There were no errors, exceptions, or warnings reported during the operation, and the block appears to be in a healthy state with no issues related to replication or consistency. All operations completed normally without any retries or failures."
blk_5781791720343455145,"The block blk_5781791720343455145 was successfully added to the block map with a size of 67,108,864 bytes. There were no errors, exceptions, or warnings reported during this operation, indicating that the block was handled normally and is in a healthy state."
blk_49420377461855719,"The block blk_49420377461855719 was successfully received with a size of 67,108,864 bytes. No errors, exceptions, or warnings were reported during the operation, indicating that the block was processed normally without any issues. The block is in a healthy state with no indications of under-replication, corruption, or loss."
blk_-805262942087665153,"The block blk_-805262942087665153 experienced a termination of the PacketResponder without any indication of successful completion or errors. There are no recorded exceptions, warnings, or failures related to this block, suggesting that it may not have undergone any significant operations or that the operations were not logged. As a result, the block's state remains unknown, and it cannot be determined if it is healthy, under-replicated, or in any other state."
blk_8323519561483823145,"The block blk_8323519561483823145 was successfully added to the blockMap with a size of 67,108,864 bytes. There were no errors, exceptions, or warnings reported during this operation, indicating that the block was handled normally and is in a healthy state. No retries or failures occurred, and the block is fully replicated without any inconsistencies."
blk_2208589726473895860,"The block blk_2208589726473895860 was successfully received without any errors or exceptions. The operation completed normally, indicating that the block is healthy and in a consistent state. There were no retries, failures, or unusual patterns noted during this operation."
blk_-6618090096819679591,"The block blk_-6618090096819679591 was successfully received without any errors or exceptions reported. The operation completed normally, indicating that the block is healthy and in a consistent state. There were no retries, failures, or unusual patterns observed during this operation."
blk_-3253005280055520211,"The block blk_-3253005280055520211 was successfully added to the block map with a size of 67,108,864 bytes. There were no errors, exceptions, or warnings reported during the operation, indicating that the block was processed normally and is in a healthy state."
blk_-6832799704680039005,"The block blk_-6832799704680039005 was successfully received with a size of 67,108,864 bytes. There were no errors, exceptions, or warnings reported during the operation, indicating that the block was processed normally and is in a healthy state. All operations related to this block completed successfully without any retries or failures."
blk_4777657900314457675,"The block blk_4777657900314457675 was successfully added to the block map with a size of 3,546,628 bytes. There were no errors, exceptions, or warnings reported during the operation, indicating that the block was handled normally and is in a healthy state."
blk_-6464892000340112134,"The block blk_-6464892000340112134 was successfully received with a size of 67,108,864 bytes. There were no errors, exceptions, or warnings reported during the operation, indicating that the block was handled normally without any issues. The block is in a healthy state with no indications of under-replication, corruption, or loss."
blk_-8435779070374485499,"The block blk_-8435779070374485499 experienced a termination of the PacketResponder, indicating that the block's data transfer process was interrupted. There are no indications of errors, exceptions, or warnings related to this block, nor are there any signs of retries, failures, or inconsistencies. The block appears to be in a healthy state, with operations completing normally despite the termination of the PacketResponder."
blk_8993862241777591326,"The block blk_8993862241777591326 was successfully received with a size of 67,108,864 bytes. There were no errors, exceptions, or warnings reported during the operation, indicating that the block was handled normally and completed without any issues. The block is in a healthy state with no inconsistencies or unusual patterns observed."
blk_8452214765874767801,"The block blk_8452214765874767801 was successfully received without any reported errors or exceptions. The operation completed normally, indicating that the block is healthy and in a consistent state. There were no retries, failures, or unusual patterns noted during this operation."
blk_-2281067667503210140,"The block blk_-2281067667503210140 was successfully added to the block map with a size of 67,108,864 bytes. There were no errors, exceptions, or warnings reported during this operation, indicating that the block was handled normally and is in a healthy state."
blk_-4424971182856566289,"The block blk_-4424971182856566289 experienced a termination of the PacketResponder, indicating that there may have been issues with data transmission or acknowledgment from the datanodes. However, there are no specific errors, exceptions, or warnings indicating a failure in replication, corruption, or loss of the block. The log does not show any retries or failures, suggesting that the block may still be in a consistent state. Overall, the operations related to this block appear to have completed without notable issues."
blk_2040222317555585426,"The block blk_2040222317555585426 experienced a termination of its PacketResponder, indicating that there may have been issues with data transmission or acknowledgment. However, there are no specific errors, exceptions, or warnings indicating failures or inconsistencies with the block itself. The log does not show any retries or failures, suggesting that the operations related to this block were not completed or reported further. As a result, the block's final state remains unclear, but there is no evidence of it being under-replicated, corrupted, or lost based on the provided log lines."
blk_-663653551898848389,"The block blk_-663653551898848389 was successfully received without any errors or warnings. The operation was routine, with no indications of retries, failures, or inconsistencies. The block is in a healthy state, having completed its transfer normally."
blk_-5836693155656083066,"The block blk_-5836693155656083066 was successfully received without any errors or exceptions reported. The operation completed normally, indicating that the block is healthy and in a consistent state. There were no retries, failures, or unusual patterns observed during this operation."
blk_-7228803354694123939,"The block blk_-7228803354694123939 was successfully received without any errors or exceptions reported. The operation completed normally, indicating that the block is healthy and in a consistent state. There were no retries, failures, or unusual patterns observed during this operation."
blk_2953550760670423417,"The log indicates that PacketResponder 2 for block blk_2953550760670423417 has terminated, but there are no specific errors, exceptions, or warnings reported. There are no indications of retries, failures, or any unusual behavior associated with this block. The block appears to be in a healthy state with routine operations completed normally."
blk_5348548743130215090,"The block blk_5348548743130215090 was received successfully with no errors or warnings reported. The operation completed normally, and the block is in a healthy state."
blk_7413830214932763926,"The block blk_7413830214932763926 was successfully received with a size of 67,108,864 bytes. There were no errors, exceptions, or warnings reported during the operation, indicating that the block was processed normally without any issues. The block is in a healthy state with no inconsistencies or unusual patterns observed."
blk_6329639726609402522,"The block blk_6329639726609402522 was successfully received with a size of 67,108,864 bytes. There were no errors, exceptions, or warnings reported during the operation, indicating that the block was processed normally and is in a healthy state. No retries or failures occurred, and the block is fully intact without any issues related to replication or consistency."
blk_6601059760261449131,"The block with ID blk_6601059760261449131 was successfully allocated without any errors or warnings. The operation completed normally, indicating that the block is healthy and in a consistent state. There were no retries or failures reported during this process."
blk_-5439682406172672049,"The block blk_-5439682406172672049 was successfully received without any errors or exceptions reported. The operation completed normally, indicating that the block is healthy and in a consistent state. No retries, failures, or unusual patterns were observed during the operation."
blk_-7492294065771709299,"The block blk_-7492294065771709299 was successfully received without any reported errors, exceptions, or warnings. The operation completed normally, indicating that the block is healthy and in a consistent state. No retries or failures were noted during the process."
blk_1526403491950199810,"The block blk_1526403491950199810 was successfully added to the block map with a size of 3,534,443 bytes. There were no errors, exceptions, or warnings reported during this operation, indicating that the block was handled normally and is in a healthy state."
blk_8902425017314766082,"The block blk_8902425017314766082 was successfully received with a size of 67,108,864 bytes. There were no errors, exceptions, or warnings reported during the operation, indicating that the block was processed normally and is in a healthy state. All operations related to this block completed successfully without any retries or failures."
blk_6400082566804273401,"The block blk_6400082566804273401 was successfully allocated and received without any reported errors or exceptions. The operations completed normally, indicating that the block is healthy and in a consistent state. There were no retries, failures, or unusual patterns observed during the processing of this block."
blk_4989329877491629543,"The block blk_4989329877491629543 was successfully received with a size of 67,108,864 bytes. There were no errors, exceptions, or warnings reported during the operation, indicating that the block was processed normally and is in a healthy state. All operations related to this block completed successfully without any retries or failures."
blk_-6608350831463251448,"The block blk_-6608350831463251448 was successfully received without any reported errors or exceptions. The operation completed normally, indicating that the block is healthy and in a consistent state. No retries or failures were noted during this operation."
blk_-5580322334454533924,"The log indicates that the PacketResponder for block blk_-5580322334454533924 has terminated, but there are no specific errors, exceptions, or warnings reported. There are no indications of retries, failures, or any unusual behavior associated with this block. As such, the block appears to be in a healthy state with routine operations completed normally."
blk_7500282100357271699,"The block blk_7500282100357271699 experienced a termination of its PacketResponder, indicating that the block's data transfer process was completed without any reported errors or issues. There were no indications of retries, failures, or inconsistencies, suggesting that the block is in a healthy state and all operations were performed normally."
blk_8087142318511408355,"The block blk_8087142318511408355 was successfully received without any errors or exceptions. The operation was completed normally, indicating that the block is healthy and in a consistent state. There were no retries, failures, or unusual patterns observed during this operation."
blk_-997605125898553536,"The block blk_-997605125898553536 was successfully received with a size of 67,108,864 bytes. There were no errors, exceptions, or warnings reported during the operation, indicating that the block was handled normally without any issues. The block is in a healthy state with no indications of under-replication, corruption, or loss."
blk_-4510259260131940043,"The block blk_-4510259260131940043 was successfully added to the block map with a size of 3,552,141 bytes. There were no errors, exceptions, or warnings reported during this operation, indicating that the block is healthy and all operations completed normally."
blk_2270593866672608129,"The block blk_2270593866672608129 was successfully received with a size of 67,108,864 bytes. There were no errors, exceptions, or warnings reported during the operation, indicating that the block was handled normally and is in a healthy state. All operations related to this block completed successfully without any retries or failures."
blk_6685663454079607598,"The block blk_6685663454079607598 was successfully received with a size of 10,157,271 bytes from a data node. There were no errors, exceptions, or warnings reported during this operation, indicating that the block was handled normally and is in a healthy state. No retries or failures occurred, and the block is fully replicated without any inconsistencies."
blk_-4347054230277727863,"The block blk_-4347054230277727863 was successfully added to the blockMap with a size of 67,108,864 bytes. There were no errors, exceptions, or warnings reported during this operation, indicating that the block is healthy and all operations completed normally."
blk_-1067234447809438340,"The block blk_-1067234447809438340 experienced a termination of its PacketResponder, indicating that there may have been an issue with the data transfer or communication process. However, there are no specific errors, exceptions, or warnings indicating failures or inconsistencies related to this block. As a result, the block appears to be in a healthy state with no notable operational issues or unusual patterns reported."
blk_-1096621677333075077,"The block blk_-1096621677333075077 experienced a termination of its PacketResponder, indicating that there may have been an issue with the communication or data transfer process. However, there are no specific errors, exceptions, or warnings related to replication failures, missing blocks, or other operational issues noted in the log lines. As a result, it is unclear if the block ended up in an inconsistent state, but the lack of additional error messages suggests that it may not have encountered significant problems. Overall, the log indicates a potential disruption in the handling of the block without clear evidence of failure or corruption."
blk_-8657800226489501791,"The block blk_-8657800226489501791 was successfully added to the block map with a size of 3,550,839 bytes. There were no errors, exceptions, or warnings reported during the operation, indicating that the block is in a healthy state with routine operations completed normally."
blk_2151150262081352617,"The block blk_2151150262081352617 experienced a termination of its PacketResponder, indicating that the block's data transfer operations were completed normally without any reported errors or exceptions. There were no retries, failures, or inconsistencies noted, suggesting that the block is healthy and in a consistent state."
blk_3280859030919654043,"The block with ID blk_3280859030919654043 was marked as invalid and added to the invalid set, indicating that it is no longer usable. There are no indications of errors, exceptions, or warnings related to this block's operations prior to its invalidation. The log does not provide information about retries or failures, nor does it suggest that the block was in a healthy state before being marked invalid. As a result, the block is likely in an inconsistent state and is not available for further operations."
blk_-6811828069408410657,"The block blk_-6811828069408410657 experienced a termination of the PacketResponder, indicating that the process responsible for sending data packets to the datanodes has stopped. There are no indications of errors, exceptions, or warnings related to this block, suggesting that it is in a healthy state with routine operations. No retries or failures were noted, and the block remains consistent without any signs of being under-replicated, corrupted, or lost."
blk_4967370797322420259,"The block blk_4967370797322420259 was successfully received with a size of 67,108,864 bytes. There were no errors, exceptions, or warnings reported during the operation, and the block completed its transfer normally without any retries or failures. The block is in a healthy state with no inconsistencies or unusual patterns noted."
blk_-719178972315562824,"The block blk_-719178972315562824 was successfully added to the block map with a size of 67,108,864 bytes. There were no errors, exceptions, or warnings reported during this operation, indicating that the block was processed normally and is in a healthy state."
blk_9093176996492793041,"The block blk_9093176996492793041 was successfully added to the block map with a size of 67,108,864 bytes. There were no errors, exceptions, or warnings reported during this operation, indicating that the block was handled normally and is in a healthy state."
blk_-7200400342436668240,"The block blk_-7200400342436668240 encountered an issue with the PacketResponder, which indicates that the block's data transfer process was interrupted or terminated unexpectedly. There are no indications of successful operations or retries, and the log does not provide details on any specific errors or exceptions beyond the termination of the PacketResponder. As a result, the block may be in an inconsistent state, potentially leading to issues such as being under-replicated or lost, but further details are needed to confirm the exact status."
blk_7213990003235926706,"The block blk_7213990003235926706 was successfully received with a size of 67,108,864 bytes. There were no errors, exceptions, or warnings reported during the operation, indicating that the block was processed normally and is in a healthy state. All operations related to this block completed without any issues."
blk_-2125743956855238111,"The block blk_-2125743956855238111 was successfully added to the block map with a size of 67,108,864 bytes. There were no errors, exceptions, or warnings reported during the operation, indicating that the block is healthy and all operations completed normally without any retries or failures. The block is in a consistent state."
blk_-4875138366845786590,"The block blk_-4875138366845786590 was successfully added to the block map with a size of 67,108,864 bytes. There were no errors, exceptions, or warnings reported during the operation, indicating that the block was handled normally and is in a healthy state."
blk_2508619583759354778,"The block blk_2508619583759354778 experienced a termination of its PacketResponder, indicating that there may have been an issue with the communication or data transfer process. However, there are no specific errors, exceptions, or warnings indicating failures or inconsistencies related to this block. As a result, the block appears to be in a healthy state with no reported issues or unusual patterns."
blk_6095704128062577668,"The block blk_6095704128062577668 was successfully added to the blockMap, indicating that it has been stored correctly without any errors or exceptions. The operation completed normally, and the block size is recorded as 28,484,260 bytes. There are no indications of issues such as replication failures, under-replication, or corruption."
blk_6123232805286187512,"The block blk_6123232805286187512 experienced a termination of its PacketResponder, indicating that there may have been issues with data transmission or acknowledgment. However, no specific errors, exceptions, or warnings were logged that suggest a failure or inconsistency in the block's state. There were no retries or failures noted, and the block appears to be in a healthy state without any indications of being under-replicated, corrupted, or lost. Overall, the operations related to this block completed without notable issues."
blk_6413965758113058023,"The block blk_6413965758113058023 was successfully received without any errors or exceptions. The operation completed normally, indicating that the block is healthy and in a consistent state. There were no retries, failures, or unusual patterns observed during this operation."
blk_7275457888263057111,"The block blk_7275457888263057111 was successfully added to the block map with a size of 67,108,864 bytes. There are no errors, exceptions, or warnings reported in the log lines, indicating that the operations completed normally without any issues. The block is in a healthy state."
blk_6818232325322327288,"The block blk_6818232325322327288 experienced a termination of its PacketResponder, indicating that the communication for this block was completed without any reported errors or exceptions. There were no indications of retries, failures, or inconsistencies, suggesting that the block remained in a healthy state throughout the operations. All operations related to this block were executed normally."
blk_-5954527587435406374,"The block blk_-5954527587435406374 was successfully received with a size of 67,108,864 bytes. There were no errors, exceptions, or warnings reported during the operation, indicating that the block was processed normally and is in a healthy state. All operations related to this block completed successfully without any retries or failures."
blk_-4358842839092719327,"The block blk_-4358842839092719327 was successfully received with a size of 67,108,864 bytes from a datanode. There were no errors, exceptions, or warnings reported during this operation, indicating that the block was handled normally and completed without any issues. The block is in a healthy state with no indications of replication problems or inconsistencies."
blk_1489031087420498797,"The block blk_1489031087420498797 was successfully received with a size of 67,108,864 bytes. No errors, exceptions, or warnings were reported during the operation, indicating that the block was processed normally and is in a healthy state."
blk_-615578808743808725,"The block blk_-615578808743808725 experienced a termination of its PacketResponder, indicating that there may have been issues with data transmission or acknowledgment. However, there are no specific errors, exceptions, or warnings indicating failures or inconsistencies related to this block. The log does not suggest any retries, failures, or unusual patterns, implying that the block is likely in a healthy state despite the termination of the PacketResponder."
blk_4588471931728384541,"The block blk_4588471931728384541 was successfully received with a size of 67,108,864 bytes. There were no errors, exceptions, or warnings reported during the operation, indicating that the block was handled normally and is in a healthy state. All operations related to this block completed successfully without any retries or failures."
blk_7720864196601815614,"The block with ID blk_7720864196601815614 was successfully allocated without any errors or warnings. The operation completed normally, indicating that the block is healthy and in a consistent state. There were no retries, failures, or unusual patterns observed during this operation."
blk_-9098645110390099509,"The block blk_-9098645110390099509 experienced a termination of the PacketResponder, indicating that the block's data transfer operations were completed or interrupted. There are no indications of errors, exceptions, or warnings related to this block, suggesting that it was handled without issues and did not end up in an inconsistent state. All operations appear to have completed normally."
blk_1129715194117079802,"The block blk_1129715194117079802 was successfully added to the block map with a size of 67,108,864 bytes. There were no errors, exceptions, or warnings reported during the operation, indicating that the block was handled normally and is in a healthy state."
blk_6690143611140381289,"The block with ID blk_6690143611140381289 was allocated successfully without any errors or warnings. The operation completed normally, indicating that the block is healthy and in a consistent state. No retries or failures were recorded during this process."
blk_7463248820468902190,"The block blk_7463248820468902190 was successfully received with a size of 67,108,864 bytes. There were no errors, exceptions, or warnings reported during the operation, indicating that the block was handled normally without any issues. The block is in a healthy state with no signs of inconsistency or failure."
blk_3961831045048378097,"The block blk_3961831045048378097 was successfully received with a size of 67,108,864 bytes. There were no errors, exceptions, or warnings reported during the operation, indicating that the block was handled normally without any issues. The block is in a healthy state with no inconsistencies or failures noted."
blk_-6220821375880228145,"The log indicates that the PacketResponder for block blk_-6220821375880228145 has terminated, but there are no specific errors, exceptions, or warnings reported. There are no indications of retries, failures, or any unusual behavior associated with this block. The block appears to have completed its operations normally without entering an inconsistent state."
blk_-4405302133414008227,"The block with ID blk_-4405302133414008227 was successfully added to the block map, indicating that it is healthy and operational. The block has a size of 67,108,864 bytes, and there were no errors, exceptions, or warnings reported during this operation. All operations completed normally, and the block is in a consistent state."
blk_8854625173826438305,"The block blk_8854625173826438305 experienced a termination of its PacketResponder, indicating that the block's data transfer operations were completed without any reported errors or exceptions. There are no indications of failures, retries, or inconsistencies with the block, suggesting that it is in a healthy state following routine operations."
blk_8699194381234371727,"The block blk_8699194381234371727 was successfully received with a size of 67,108,864 bytes. There were no errors, exceptions, or warnings reported during the operation, indicating that the block was handled normally without any issues. The block is in a healthy state, and all operations completed successfully."
blk_-8389657728641837382,"The block blk_-8389657728641837382 experienced a termination of its PacketResponder 2, indicating that there may have been issues with data transmission or acknowledgment from the datanodes. However, there are no specific errors, exceptions, or warnings indicating failures, retries, or inconsistencies related to this block. The log does not suggest that the block is in an under-replicated, corrupted, or lost state. Overall, the operations related to this block appear to have completed without notable issues."
blk_-5145508449157510071,"The block blk_-5145508449157510071 was successfully received without any reported errors or exceptions. The operation completed normally, indicating that the block is healthy and in a consistent state. No retries or failures were noted during the process."
blk_6675543598756975559,"The block blk_6675543598756975559 was successfully added to the block map with a size of 67,108,864 bytes. There were no errors, exceptions, or warnings reported during the operation, indicating that the block was handled normally and is in a healthy state."
blk_-8364400144313355814,"The log indicates that the PacketResponder for block blk_-8364400144313355814 has terminated, but there are no specific errors, exceptions, or warnings reported. There are no indications of retries, failures, or any unusual behavior associated with this block. The block appears to be in a healthy state with routine operations completed normally."
blk_6108023147232847992,"The block blk_6108023147232847992 was received successfully without any errors or exceptions. The operation completed normally, indicating that the block is healthy and in a consistent state. There were no retries, failures, or unusual patterns noted during this operation."
blk_-1932467763723526131,"The block blk_-1932467763723526131 was successfully added to the block map with a size of 67,108,864 bytes. There were no errors, exceptions, or warnings reported during this operation, indicating that the block is healthy and in a consistent state. All operations completed normally without any retries or failures."
blk_-8834022217832819265,"The block blk_-8834022217832819265 was successfully received without any errors or exceptions. The operation completed normally, indicating that the block is healthy and in a consistent state. There were no retries, failures, or unusual patterns noted during the operation."
blk_5872617224009342667,"The block with ID blk_5872617224009342667 was allocated successfully without any errors or warnings. The operation completed normally, indicating that the block is healthy and in a consistent state. There were no retries, failures, or unusual patterns observed during this operation."
blk_4877808040461609832,"The block blk_4877808040461609832 experienced a termination of its PacketResponder, indicating that there may have been an issue with the communication or data transfer process associated with this block. However, there are no specific errors, exceptions, or warnings indicating failures or inconsistencies reported in the log lines. The block appears to have completed its operations normally without any noted retries or failures, suggesting that it remains in a healthy state."
blk_3049351456771045311,"The block blk_3049351456771045311 was successfully received with a size of 67,108,864 bytes. There were no errors, exceptions, or warnings reported during the operation, and the block appears to be in a healthy state with no issues related to replication or data integrity. All operations completed normally."
blk_1247599917761164561,"The block blk_1247599917761164561 was successfully received with a size of 67,108,864 bytes. No errors, exceptions, or warnings were reported during the operation, indicating that the block was processed normally and is in a healthy state. There were no retries or failures, and the block is fully replicated without any inconsistencies."
blk_2616961363639592748,"The block blk_2616961363639592748 was successfully received with a size of 67,108,864 bytes. There were no errors, exceptions, or warnings reported during the operation, indicating that the block was processed normally and completed without any issues. The block is in a healthy state with no inconsistencies or unusual patterns observed."
blk_-826920518336899809,"The block with ID blk_-826920518336899809 was successfully allocated without any errors or warnings. The operation completed normally, indicating that the block is healthy and in a consistent state. There were no retries, failures, or unusual patterns observed during this operation."
blk_-3436382429367583573,"The block blk_-3436382429367583573 was successfully received with a size of 67,108,864 bytes. There were no errors, exceptions, or warnings reported during the operation, indicating that the block was processed normally and is in a healthy state. No retries or failures occurred, and the block is not under-replicated, corrupted, or lost. All operations related to this block completed successfully."
blk_2824047463816148563,"The block blk_2824047463816148563 was successfully received without any errors or warnings. The operation completed normally, indicating that the block is healthy and in a consistent state. There were no retries, failures, or unusual patterns observed during this operation."
blk_-9211699406261033878,"The block blk_-9211699406261033878 was successfully received with a size of 67,108,864 bytes. There were no errors, exceptions, or warnings reported during the operation, indicating that the block was handled normally without any issues. The block is in a healthy state with no signs of under-replication, corruption, or loss."
blk_-5961895238114806886,"The block blk_-5961895238114806886 was successfully added to the block map with a size of 28,508,403 bytes. There were no errors, exceptions, or warnings reported during this operation, indicating that the block was handled normally and is in a healthy state."
blk_-2654726224018724510,"The block blk_-2654726224018724510 was successfully added to the block map with a size of 67,108,864 bytes. There were no errors, exceptions, or warnings reported during this operation, indicating that the block is healthy and all operations completed normally without any retries or failures. The block is in a consistent state."
blk_-3955287039966096707,"The block blk_-3955287039966096707 was successfully added to the blockMap, indicating that it is healthy and operational. The block has a size of 67,108,864 bytes, and there were no errors, exceptions, or warnings reported during this operation. All operations completed normally without any indication of inconsistencies or issues."
blk_-1379379987510648393,"The block with ID blk_-1379379987510648393 was successfully added to the block map, indicating that it is healthy and operational. The block has a size of 67,108,864 bytes, and there were no errors, exceptions, or warnings reported during the operation. All operations completed normally without any indication of inconsistencies or issues."
blk_1858805942071850133,"The block with ID blk_1858805942071850133 was allocated successfully without any errors or warnings. The operation completed normally, indicating that the block is healthy and in a consistent state. There were no retries, failures, or unusual patterns observed during this operation."
blk_5183831565578080242,"The block with ID blk_5183831565578080242 was allocated successfully without any errors or warnings. The operation completed normally, indicating that the block is healthy and in a consistent state. There were no retries or failures reported during this process."
blk_3248835454898465560,"The block blk_3248835454898465560 was successfully received without any errors or exceptions. The operation completed normally, indicating that the block is healthy and in a consistent state. There were no retries, failures, or unusual patterns observed during this operation."
blk_3776895047834644694,"The block with ID blk_3776895047834644694 was successfully allocated without any errors or exceptions. The operation completed normally, indicating that the block is in a healthy state and ready for use. There were no indications of retries, failures, or inconsistencies associated with this block."
blk_8521306385156958668,"The block blk_8521306385156958668 was successfully added to the block map with a size of 67,108,864 bytes. There were no errors, exceptions, or warnings reported during the operation, indicating that the block was handled normally and is in a healthy state."
blk_1606295458729964667,"The block blk_1606295458729964667 was successfully received without any errors or exceptions. The operation completed normally, indicating that the block is healthy and in a consistent state. There were no retries, failures, or unusual patterns noted during this operation."
blk_-7282356322111075290,"The block blk_-7282356322111075290 was successfully added to the block map with a size of 67,108,864 bytes. There were no errors, exceptions, or warnings reported during the operation, indicating that the block was handled normally and is in a healthy state."
blk_-5330522460969948971,"The block blk_-5330522460969948971 was successfully added to the block map with a size of 67,108,864 bytes. There were no errors, exceptions, or warnings reported during this operation, indicating that the block is healthy and in a consistent state. All operations completed normally without any retries or failures."
blk_1077394056781488,"The block blk_1077394056781488 experienced a termination of its PacketResponder, indicating that the communication for this block was completed without any reported errors or exceptions. There were no indications of retries, failures, or any unusual behavior, suggesting that the block remained in a healthy state throughout the operations."
blk_6054235487623373096,"The block with ID blk_6054235487623373096 was successfully allocated without any errors or warnings. The operation completed normally, indicating that the block is healthy and in a consistent state. There were no retries, failures, or unusual patterns observed during this operation."
blk_-7256345477493725857,"The block blk_-7256345477493725857 experienced a termination of the PacketResponder, indicating that the block was likely involved in a data transfer process that was completed or interrupted. There are no specific errors, exceptions, or warnings noted in the log lines, suggesting that the operations related to this block were routine and completed normally without any failures or inconsistencies. The block appears to be in a healthy state with no indications of under-replication, corruption, or loss."
blk_3480684347183600958,"The block blk_3480684347183600958 was successfully received with a size of 67,108,864 bytes. There were no errors, exceptions, or warnings reported during this operation, indicating that the block was handled normally without any issues. The block is in a healthy state with no signs of under-replication, corruption, or loss."
blk_9034993982993401678,"The block with ID blk_9034993982993401678 was successfully allocated without any reported errors or exceptions. The operation completed normally, indicating that the block is healthy and in a consistent state. There were no retries, failures, or unusual patterns observed during this operation."
blk_-1821104627978106102,"The block with ID blk_-1821104627978106102 was successfully added to the block map, indicating that it was stored correctly without any errors or exceptions. The operation completed normally, and the block size is 67,108,864 bytes. There are no indications of failures, retries, or inconsistencies associated with this block."
blk_8116683912654412228,"The block blk_8116683912654412228 was successfully received without any errors or exceptions. The operation completed normally, indicating that the block is healthy and in a consistent state. There were no retries, failures, or unusual patterns observed during this operation."
blk_-8329840785892216949,"The block blk_-8329840785892216949 experienced a termination of its PacketResponder, indicating that there may have been issues with the communication or data transfer related to this block. However, there are no specific errors, exceptions, or warnings indicating that the block is in an inconsistent state, under-replicated, or corrupted. The log does not show any retries or failures, suggesting that the operations related to this block were not completed successfully, but it is unclear if this resulted in a loss of data or other issues. Overall, the log indicates a potential problem with the block's handling, but without further details, the exact nature of the issue remains ambiguous."
blk_8254500345987409515,"The log indicates that the PacketResponder for block blk_8254500345987409515 terminated without any accompanying errors or warnings. There are no indications of failures, retries, or issues with the block's state. The block appears to be healthy, with all operations completing normally."
blk_-4657886075935807358,"The block blk_-4657886075935807358 was successfully received without any errors or exceptions. The operation was completed normally, indicating that the block is healthy and in a consistent state. There were no retries, failures, or unusual patterns observed during this operation."
blk_8201813022998766557,"The block blk_8201813022998766557 was successfully received without any errors or exceptions reported. The operation completed normally, indicating that the block is healthy and in a consistent state. No retries, failures, or unusual patterns were observed during this operation."
blk_-4438918035940270891,"The block with ID blk_-4438918035940270891 was marked as invalid and added to the invalid set. There are no indications of errors, exceptions, or warnings related to this block's operations, suggesting that it was not successfully retained in the system. The block is likely in an inconsistent state, as it has been flagged as invalid without any successful operations recorded."
blk_5616920288053661280,"The block with ID blk_5616920288053661280 was marked as invalid and added to the invalid set, indicating that it is no longer considered valid by the NameNode. There are no indications of errors, exceptions, or warnings related to this block's operations prior to its invalidation. The log does not provide information about retries or failures, but the block's status suggests it may be lost or corrupted, as it has been explicitly invalidated."
blk_1815340037591016775,"The block with ID blk_1815340037591016775 was marked as invalid and added to the invalid set, indicating that it is no longer considered usable within the HDFS. There are no indications of errors, exceptions, or warnings related to this block's operations prior to its invalidation, nor are there any retries or failures noted. The block is now in an inconsistent state, as it has been deemed invalid without further context on the reason for its invalidation."
blk_2154193600525549460,"The block with ID blk_2154193600525549460 was marked as invalid and added to the invalid set, indicating that it is no longer usable. There are no indications of errors, exceptions, or warnings related to this block's operations prior to its invalidation. The block did not experience any retries or failures during its lifecycle, but its status suggests it may have been lost or corrupted, resulting in it being flagged as invalid. There are no unusual patterns or cascading errors noted in the log lines provided."
blk_5580254744888391593,"The block blk_5580254744888391593 was marked as invalid and added to the invalid set, indicating that it is no longer accessible or usable within the HDFS. There are no indications of errors, exceptions, or warnings related to this block's operations prior to its invalidation, nor are there any retries or failures noted. The block is now in an inconsistent state, as it has been deemed invalid without further context on the reason for its invalidation."
blk_-1641081065757890722,"The block with ID blk_-1641081065757890722 was marked as invalid and added to the invalid set, indicating that it is no longer considered a valid block in the HDFS. There are no indications of errors, exceptions, or warnings related to this block's operations prior to its invalidation. The log does not show any retries or failures associated with this block, but its status suggests it may be lost or corrupted. Overall, the block ended up in an inconsistent state as it was deemed invalid."
blk_5505696082121135363,"The block with ID blk_5505696082121135363 was marked as invalid and added to the invalid set, indicating that it is no longer considered usable within the HDFS. There are no indications of errors, exceptions, or warnings related to this block prior to its invalidation, and no operations were retried or failed. The block is now in an inconsistent state, as it has been deemed invalid but no further details are provided regarding the cause of this invalidation or any prior operations performed on it."
blk_5689009809369418749,"The block blk_5689009809369418749 was marked as invalid and added to the invalid set, indicating that it is no longer considered usable within the HDFS. There are no indications of errors, exceptions, or warnings related to this block's operations prior to its invalidation. The block does not appear to have undergone any routine operations or successful completions, and its status suggests it may have been corrupted or lost, leading to its removal from the active dataset."
blk_8155177385081669900,"The block with ID blk_8155177385081669900 was marked as invalid and added to the invalid set, indicating that it is no longer accessible or usable within the HDFS. There are no indications of errors, exceptions, or warnings related to this block's operations, nor are there any retry attempts or failures noted. The block appears to have ended up in an inconsistent state, as it has been invalidated without further context on its previous status or operations."
blk_247452006316846355,"The block blk_247452006316846355 was marked as invalid and added to the invalid set, indicating that it is no longer considered a valid block in the system. There are no indications of errors, exceptions, or warnings related to this block's operations, nor are there any retries or failures noted. The block's status suggests it may be in an inconsistent state, potentially leading to data loss if not addressed."
blk_2657997043417110888,"The block with ID blk_2657997043417110888 was marked as invalid and added to the invalid set, indicating that it is no longer considered usable within the HDFS. There are no indications of errors, exceptions, or warnings related to this block's operations prior to its invalidation. The block did not complete any successful operations and is now in an inconsistent state, as it has been deemed invalid without any details on prior failures or issues leading to this status."
blk_-323838382557775734,"The block with ID blk_-323838382557775734 was marked as invalid and added to the invalid set, indicating that it is no longer accessible or usable within the HDFS. There are no indications of errors, exceptions, or warnings related to this block's operations, nor are there any retry attempts or failures noted. The block is likely in an inconsistent state, as it has been deemed invalid, but no further details on its previous status or operations are provided."
blk_-719470845056640928,"The block with ID blk_-719470845056640928 was marked as invalid and added to the invalid set, indicating that it is no longer considered a valid block in the system. There are no indications of errors, exceptions, or warnings related to this block's operations, nor are there any retries or failures noted. The block's status suggests it may have been deleted or corrupted, leading to its invalidation, but no further details are provided regarding its previous state or any unusual patterns."
blk_-7999375661905777727,"The block with ID blk_-7999375661905777727 was marked as invalid and added to the invalid set, indicating that it is no longer accessible or usable within the HDFS. There are no indications of errors, exceptions, or warnings related to this block's operations prior to its invalidation. As a result, the block is likely in an inconsistent state and cannot be recovered or replicated."
blk_-2451769929123196359,"The block with ID blk_-2451769929123196359 was marked as invalid and added to the invalid set, indicating that it is no longer usable. There are no indications of errors, exceptions, or warnings related to this block's operations prior to its invalidation. The log does not show any retries or failures associated with this block, nor does it indicate that the block was ever in a healthy state before being marked invalid. As a result, the block is now considered lost and is not in a consistent state."
blk_3231389654886008065,"The block with ID blk_3231389654886008065 was marked as invalid and added to the invalid set, indicating that it is no longer considered usable within the HDFS. There are no indications of errors, exceptions, or warnings related to this block's operations prior to its invalidation. As a result, the block is likely in an inconsistent state and may be considered lost or corrupted, with no successful operations recorded that would suggest it was healthy or properly replicated."
blk_3637945019239882309,"The block with ID blk_3637945019239882309 was marked as invalid and added to the invalid set, indicating that it is no longer considered usable. There are no indications of errors, exceptions, or warnings related to this block's operations prior to its invalidation. The log does not provide information about retries or failures, but the block's status suggests it may have been lost or corrupted, resulting in its removal from active use. Overall, the block ended up in an inconsistent state, being marked invalid without any successful operations recorded."
blk_-7423574498760490375,"The block blk_-7423574498760490375 was deleted without any indication of errors or issues. There are no records of retries, failures, or warnings associated with this operation. The block did not end up in an inconsistent state, as it was successfully removed from the filesystem. Overall, the operation was routine and completed normally."
blk_-1067866602168873257,"The block with ID blk_-1067866602168873257 was involved in a deletion request for multiple blocks, indicating it was likely part of a cleanup or maintenance operation. There are no specific errors, exceptions, or warnings reported for this block, and it does not appear to have encountered any operational failures or retries. The block ended up in a consistent state, as it was successfully included in the deletion process without any indication of being under-replicated, corrupted, or lost. Overall, the operations related to this block completed normally as part of the routine maintenance activities."
blk_-9169228974826183399,"The block blk_-9169228974826183399 was deleted successfully without any errors or warnings. There were no indications of failures, retries, or inconsistencies related to this block. The operation completed normally, resulting in the block being removed from the filesystem."
blk_-6759123807563555545,"The block with ID blk_-6759123807563555545 experienced a deletion request directed at multiple blocks, including itself. There were no specific errors, exceptions, or warnings reported in the log lines related to this block. The operations appear to have completed normally without any retries or failures noted. The block did not end up in an inconsistent state, and there were no indications of under-replication, corruption, or loss. Overall, the block was processed as part of a routine deletion operation without any unusual patterns or issues."
blk_5406084276349645828,"The block blk_5406084276349645828 was successfully received with a size of 67,108,864 bytes. There were no errors, exceptions, or warnings reported during the operation, indicating that the block was processed normally and is in a healthy state. All operations related to this block completed successfully without any retries or failures."
blk_2016964533702776852,"The block blk_2016964533702776852 experienced a termination of its PacketResponder, indicating that the communication for this block was completed without any reported errors or issues. There were no indications of retries, failures, or inconsistencies, suggesting that the block is in a healthy state with all operations having been performed normally."
blk_-1306900105984505600,"The block blk_-1306900105984505600 was deleted without any indication of errors or warnings in the log lines. There were no retries or failures reported during this operation, and the block did not end up in an inconsistent state. The deletion appears to have been a routine operation, completing normally."
blk_-1312981516354612257,"The block blk_-1312981516354612257 was deleted without any indication of errors or warnings in the log lines. There were no retries or failures reported, and the block did not end up in an inconsistent state. The operation appears to have completed normally, resulting in the successful removal of the block from the filesystem."
blk_-2658615574293326723,"The block blk_-2658615574293326723 was deleted without any indication of errors or issues. There are no records of retries, failures, or warnings associated with this operation. The block did not end up in an inconsistent state, and there were no unusual patterns observed. The deletion process completed normally."
blk_2107487634698646045,"The block blk_2107487634698646045 was deleted without any indication of errors or issues. There were no retries, failures, or warnings associated with this operation, and the block did not end up in an inconsistent state. The deletion process completed normally."
blk_-253282915050290778,"The block blk_-253282915050290778 was deleted successfully without any reported errors or warnings. There were no indications of failures, retries, or inconsistencies related to this block. The operation completed normally, resulting in the block being removed from the filesystem."
blk_1587615395786683981,"The block blk_1587615395786683981 was deleted successfully without any reported errors or exceptions. There were no indications of failures, retries, or inconsistencies related to this block, suggesting that it was removed as part of routine operations."
blk_3706543205492061794,"The block blk_3706543205492061794 was deleted successfully without any reported errors or warnings. There were no indications of failures, retries, or inconsistencies in the block's state. The operation completed normally, resulting in the block being removed from the file system."
blk_3862032846413436284,"The block blk_3862032846413436284 was deleted without any indication of errors or warnings in the log lines. There were no retries or failures noted, and the block did not end up in an inconsistent state. The operation completed normally, resulting in the successful removal of the block from the filesystem."
blk_4632283243694149854,"The block blk_4632283243694149854 was deleted successfully without any errors or warnings. There were no indications of failures, retries, or inconsistencies associated with this block. The operation completed normally, and the block is no longer present in the system."
blk_1018961650823645078,"The block blk_1018961650823645078 was deleted successfully without any reported errors or exceptions. There were no indications of failures, retries, or inconsistencies associated with this block, suggesting that it was removed as part of routine operations."
blk_1213582438865696738,"The block blk_1213582438865696738 was deleted without any indication of errors or issues. There are no records of retries, exceptions, or warnings associated with this operation. The block did not end up in an inconsistent state, as it was successfully removed from the filesystem. Overall, the operation was routine and completed normally."
blk_2473550781612396886,"The block blk_2473550781612396886 was deleted successfully without any reported errors or exceptions. There were no indications of failures, retries, or issues related to replication or consistency. The block appears to have been removed as part of routine operations."
blk_8102707766842966459,"The block blk_8102707766842966459 was deleted without any indication of errors, exceptions, or warnings in the log lines. There were no retries or failures noted during this operation, and the block did not end up in an inconsistent state. The deletion appears to have been routine and completed normally."
blk_-352190670750948803,"The log indicates that the PacketResponder for block blk_-352190670750948803 has terminated without any errors or exceptions reported. There are no indications of failures, retries, or unusual behavior associated with this block. The block appears to be in a healthy state, with all operations completing normally."
blk_6491888411266994867,"The block blk_6491888411266994867 was deleted successfully without any reported errors or exceptions. There were no indications of failures, retries, or inconsistencies related to this block, suggesting that it was removed as part of routine operations."
blk_3336810835691486095,"The block blk_3336810835691486095 was deleted successfully without any errors or warnings. There were no indications of failures, retries, or inconsistencies associated with this block. The operation completed normally, resulting in the block being removed from the file system."
blk_4367982328407767477,"The block blk_4367982328407767477 was deleted without any indication of errors or issues. There were no retries or failures reported during this operation, and the block did not end up in an inconsistent state. The deletion appears to have been routine and completed normally."
blk_6943254721518837570,"The block blk_6943254721518837570 was deleted without any indication of errors or issues. There were no warnings, exceptions, or retries noted in the log lines. The operation completed normally, and the block is no longer present in the system."
blk_6077744985764117617,"The block blk_6077744985764117617 was deleted successfully without any reported errors or exceptions. There were no indications of retries, failures, or unusual patterns during this operation. The block did not end up in an inconsistent state, as it was removed as part of routine maintenance."
blk_6975937964598933356,"The block blk_6975937964598933356 experienced a termination of the PacketResponder without any indication of errors, exceptions, or warnings. There were no retries or failures reported, and the block appears to be in a healthy state with no signs of being under-replicated, corrupted, or lost. All operations related to this block completed normally."
blk_5771906433100975293,"The block blk_5771906433100975293 was deleted successfully without any reported errors or exceptions. There were no indications of failures, retries, or issues related to replication or consistency. The operation completed normally, resulting in the block being removed from the system."
blk_-3884471885525630813,"The block blk_-3884471885525630813 was successfully received without any reported errors or exceptions. The operation completed normally, indicating that the block was transferred from the source to the destination datanode without issues. There were no retries, failures, or inconsistencies noted, and the block remains in a healthy state."
blk_8596624696139957935,"The block blk_8596624696139957935 was successfully received and allocated without any errors or exceptions. The operations completed normally, indicating that the block is healthy and in a consistent state. There were no retries, failures, or unusual patterns observed during the process."
blk_-8483420270408348004,"The block blk_-8483420270408348004 was successfully added to the block map with a size of 67,108,864 bytes. There were no errors, exceptions, or warnings reported during the operation, indicating that the block was handled normally and is in a healthy state. No retries or failures occurred, and the block is fully replicated without any inconsistencies."
blk_4506604798892399878,"The block blk_4506604798892399878 was deleted successfully without any reported errors or exceptions. There were no indications of failures, retries, or inconsistencies associated with this block. The operation completed normally, resulting in the block being removed from the filesystem."
blk_1832308388558480,"The block with ID blk_1832308388558480 was successfully allocated without any errors or warnings. The operation completed normally, indicating that the block is healthy and in a consistent state. There were no retries, failures, or unusual patterns observed during this operation."
blk_2247786307216183697,"The block blk_2247786307216183697 was successfully received with a size of 67,108,864 bytes. There were no errors, exceptions, or warnings reported during the operation, indicating that the block was processed normally without any issues. The block is healthy and in a consistent state."
blk_-4289592006812254261,"The block blk_-4289592006812254261 experienced a termination of its PacketResponder, indicating that there may have been issues with data transmission or acknowledgment. However, there are no specific errors, exceptions, or warnings indicating failures or inconsistencies related to this block. As a result, the block appears to be in a healthy state, with no reported issues regarding replication, corruption, or loss."
blk_5989505185938770383,"The block blk_5989505185938770383 was successfully received without any reported errors or exceptions. The operation completed normally, indicating that the block is healthy and in a consistent state. No retries or failures were noted during this process."
blk_3134656542322449478,"The block blk_3134656542322449478 was successfully added to the block map with a size of 67,108,864 bytes. There were no errors, exceptions, or warnings reported during this operation, indicating that the block was handled normally and is in a healthy state."
blk_-8050165297538775793,"The block blk_-8050165297538775793 underwent a verification process that completed successfully, indicating that the block is healthy and consistent. No errors, exceptions, or warnings were reported during its operations, and there were no retries or failures noted. The block remains in a stable state with no issues related to replication or corruption."
blk_-3184700311670257792,"The block blk_-3184700311670257792 was successfully added to the block map with a size of 67,108,864 bytes. There were no errors, exceptions, or warnings reported during this operation, indicating that the block is healthy and all operations completed normally."
blk_5114572025256210948,"The block blk_5114572025256210948 experienced a termination of its PacketResponder, indicating that the block's data transfer operations were completed normally without any reported errors or exceptions. There were no retries, failures, or indications of an inconsistent state for this block. Overall, the operations related to this block were executed successfully."
blk_-8744988583359134013,"The block with ID blk_-8744988583359134013 was successfully allocated without any errors or exceptions. The operation completed normally, indicating that the block is healthy and in a consistent state. No retries or failures were recorded during this process."
blk_4225726256421431188,"The block blk_4225726256421431188 was successfully allocated without any errors or warnings. The operation completed normally, indicating that the block is healthy and in a consistent state. There were no retries, failures, or unusual patterns observed during this operation."
blk_1060814796407897179,"The block blk_1060814796407897179 was successfully received with a size of 67,108,864 bytes. There were no errors, exceptions, or warnings reported during this operation, indicating that the block was handled normally and is in a healthy state. No retries or failures occurred, and the block is not under-replicated, corrupted, or lost."
blk_-1496429201748767714,"The block blk_-1496429201748767714 was successfully added to the block map, indicating that it was stored without any errors. The operation completed normally, and there were no reported issues, errors, or warnings associated with this block. The block remains in a healthy state with no inconsistencies or replication concerns."
blk_-4684475480143348818,"The block blk_-4684475480143348818 experienced a termination of its PacketResponder without any indication of errors or exceptions. There were no retries or failures noted in the log lines, suggesting that the operations related to this block completed normally. The block appears to be in a healthy state with no signs of being under-replicated, corrupted, or lost."
blk_608957629753483727,"The block blk_608957629753483727 was successfully allocated without any errors or warnings. The operation completed normally, indicating that the block is healthy and in a consistent state. There were no retries, failures, or unusual patterns observed during this operation."
blk_-7937864120968665564,"The block with ID blk_-7937864120968665564 experienced a termination of its PacketResponder, indicating that there may have been issues with data transmission or acknowledgment from the datanodes. However, there are no specific errors, exceptions, or warnings indicating failures or inconsistencies related to this block. The log does not show any retries or failures, nor does it indicate that the block is in an under-replicated, corrupted, or lost state. Overall, the operations related to this block appear to have completed without notable issues."
blk_-4427507243535536615,"The block with ID blk_-4427507243535536615 was successfully added to the block map, indicating that it was stored correctly without any errors or exceptions. The operation completed normally, and the block size is reported as 67,108,864 bytes. There are no indications of retries, failures, or any inconsistent states associated with this block."
blk_7830067201550857864,"The block blk_7830067201550857864 was successfully received with a size of 67,108,864 bytes. There were no errors, exceptions, or warnings reported during the operation, indicating that the block was handled normally without any issues. The block is in a healthy state with no inconsistencies or failures noted."
blk_-2194976790278647102,"The block blk_-2194976790278647102 was successfully received with a size of 67,108,864 bytes. There were no errors, exceptions, or warnings reported during this operation, indicating that the block was processed normally without any issues. The block is in a healthy state with no indications of under-replication, corruption, or loss."
blk_8459274965060101250,"The block blk_8459274965060101250 experienced a termination of the PacketResponder without any indication of errors, exceptions, or warnings. There were no retries or failures noted in the log lines, and the block appears to be in a healthy state with routine operations completed normally. No unusual patterns or inconsistencies were observed for this block."
blk_1561008813520212225,"The block blk_1561008813520212225 was successfully received with a size of 67,108,864 bytes. There were no errors, exceptions, or warnings noted in the log lines, indicating that the operation completed normally without any issues. The block is in a healthy state with no signs of under-replication, corruption, or loss."
blk_5963655886023015963,"The block blk_5963655886023015963 was successfully added to the block map with a size of 67,108,864 bytes. There were no errors, exceptions, or warnings reported during this operation, indicating that the block was handled normally and is in a healthy state."
blk_2377944115560974127,"The block blk_2377944115560974127 was successfully received without any errors or exceptions. The operation was routine, with no indications of failures, retries, or inconsistencies. The block is healthy and in a stable state."
blk_6030936529326346827,"The block blk_6030936529326346827 experienced a termination of its PacketResponder, indicating that the block was likely not being actively managed or had completed its operations without errors. There are no specific errors, exceptions, or warnings noted in the log lines, suggesting that the block remained in a healthy state throughout its lifecycle. No retries or failures were recorded, and the block did not end up in an inconsistent state. Overall, the operations related to this block completed normally."
blk_3322875843051058970,"The block blk_3322875843051058970 was successfully received without any errors or exceptions. The operation completed normally, indicating that the block is healthy and in a consistent state. There were no retries, failures, or unusual patterns observed during this operation."
blk_-7269672042149855641,"The block blk_-7269672042149855641 experienced a termination of its PacketResponder, indicating that the block was likely not fully processed or acknowledged by the datanodes. There are no specific errors, exceptions, or warnings indicating failures or issues with replication, but the termination of the PacketResponder suggests that there may have been an interruption in the communication or processing of this block. The block's final state is unclear, and it may be under-replicated or in a potentially inconsistent state due to the lack of further operational details."
blk_-5214060566378896158,"The block blk_-5214060566378896158 was successfully added to the blockMap with a size of 67,108,864 bytes. There were no errors, exceptions, or warnings reported during this operation, indicating that the block is healthy and all operations completed normally."
blk_-4801855948459616884,"The block with ID blk_-4801855948459616884 was successfully allocated without any errors or warnings. The operation completed normally, indicating that the block is healthy and in a consistent state. There were no retries, failures, or unusual patterns observed during this operation."
blk_-4846710336436578833,"The block blk_-4846710336436578833 was successfully received with a size of 67,108,864 bytes. There were no errors, exceptions, or warnings reported during the operation, indicating that the block was processed normally without any issues. The block is in a healthy state with no inconsistencies or failures noted."
blk_-1522107359378428427,"The block blk_-1522107359378428427 was successfully received with a size of 67,108,864 bytes. There were no errors, exceptions, or warnings reported during the operation, indicating that the block was processed normally and is in a healthy state. All operations related to this block completed without issues."
blk_-1846853350696018836,"The block blk_-1846853350696018836 was successfully received with a size of 67,108,864 bytes from a datanode. There were no errors, exceptions, or warnings reported during this operation, indicating that the block was handled normally and is in a healthy state. No retries or failures occurred, and the block is fully replicated without any inconsistencies."
blk_-500534246236005335,"The block with ID blk_-500534246236005335 was successfully allocated without any errors or warnings. The operation completed normally, indicating that the block is healthy and in a consistent state. There were no retries, failures, or unusual patterns observed during this operation."
blk_-1236077201457689973,"The block blk_-1236077201457689973 was successfully received with a size of 67,108,864 bytes. There were no errors, exceptions, or warnings reported during the operation, indicating that the block was processed normally and is in a healthy state. No retries or failures occurred, and the block is not under-replicated, corrupted, or lost. All operations completed successfully without any unusual patterns."
blk_8474920544984206742,"The block blk_8474920544984206742 was successfully received with a size of 67,108,864 bytes. There were no errors, exceptions, or warnings reported during the operation, indicating that the block was handled normally without any issues. The block is in a healthy state and no further actions or retries were necessary."
blk_-6464763289185102366,"The block blk_-6464763289185102366 was successfully added to the block map with a size of 67,108,864 bytes. There were no errors, exceptions, or warnings reported during this operation, indicating that the block is in a healthy state and all operations completed normally."
blk_-7646004878694144580,"The block blk_-7646004878694144580 was successfully received without any reported errors or exceptions. The operation completed normally, indicating that the block is healthy and in a consistent state. There were no retries, failures, or unusual patterns observed during this operation."
blk_-41928108292416895,"The block blk_-41928108292416895 experienced an issue with the PacketResponder, which terminated unexpectedly. There are no indications of successful operations or retries, and the log does not provide details on whether the block ended up in an inconsistent state. The termination of the PacketResponder suggests a potential failure in communication or processing related to this block, but without further information, the overall status of the block remains unclear."
blk_-7389979618829759505,"The block blk_-7389979618829759505 was successfully received without any errors or exceptions. The operation completed normally, indicating that the block is healthy and in a consistent state. There were no retries, failures, or unusual patterns observed during this operation."
blk_2096030750186708493,"The block blk_2096030750186708493 experienced a termination of its PacketResponder, indicating that the block was likely not being actively managed or that the communication for this block was completed without any errors. There are no recorded errors, exceptions, or warnings associated with this block, suggesting that it remained in a healthy state throughout its operations. No retries or failures were noted, and the block did not end up in an inconsistent state. Overall, the operations related to this block were completed normally."
blk_-2345355483730155757,"The block blk_-2345355483730155757 was successfully added to the block map with a size of 67,108,864 bytes. There were no errors, exceptions, or warnings reported during the operation, indicating that the block is healthy and all operations completed normally without any retries or failures. The block is in a consistent state with no issues related to replication or corruption."
blk_5834218936335592624,"The block blk_5834218936335592624 was successfully received with a size of 67,108,864 bytes. There were no errors, exceptions, or warnings reported during the operation, indicating that the block was processed normally and is in a healthy state. All operations related to this block completed successfully without any retries or failures."
blk_-5504500392858491441,"The log indicates that the PacketResponder for block blk_-5504500392858491441 has terminated, but there are no specific errors, exceptions, or warnings reported. There are no indications of retries, failures, or any unusual behavior associated with this block. The block appears to be in a healthy state with routine operations completed normally."
blk_4385764838827095986,"The block blk_4385764838827095986 was successfully added to the block map, indicating that it was stored correctly with a size of 3,541,872 bytes. There are no errors, exceptions, or warnings reported, and the block appears to be in a healthy state with no issues related to replication or consistency. All operations completed normally."
blk_-3710747952520609225,"The log indicates that the PacketResponder for block blk_-3710747952520609225 terminated, but there are no specific errors, exceptions, or warnings reported. There are no indications of retries, failures, or any unusual patterns. The block appears to be in a healthy state with routine operations, as no issues were noted in the log."
blk_707166530951154301,"The block blk_707166530951154301 was successfully added to the block map, indicating that it is stored correctly with a size of 67,108,864 bytes. There are no errors, exceptions, or warnings reported in the log lines, and the operations completed normally without any retries or failures. The block is in a healthy state with no indications of being under-replicated, corrupted, or lost."
blk_2241654010576170013,"The block blk_2241654010576170013 experienced a termination of the PacketResponder without any indication of successful completion or errors. There are no recorded exceptions, warnings, or failures related to this block, suggesting that it may not have undergone any significant operations or that the operations were not logged. The block appears to be in a healthy state, but the lack of detailed activity raises questions about its operational status."
blk_-8475679647841427708,"The block blk_-8475679647841427708 was successfully received without any errors or exceptions. The operation completed normally, indicating that the block is healthy and in a consistent state. There were no retries, failures, or unusual patterns observed during this operation."
blk_-7794786562417612249,"The block with ID blk_-7794786562417612249 was successfully added to the block map, indicating that it was stored correctly with a size of 67,108,864 bytes. There are no errors, exceptions, or warnings reported, and the block appears to be in a healthy state with normal operations completed successfully."
blk_-2068111211565768713,"The block blk_-2068111211565768713 experienced a termination of its PacketResponder, indicating that there may have been an issue with the communication or acknowledgment process for this block. However, there are no specific errors, exceptions, or warnings indicating failures, retries, or inconsistencies related to this block. The log does not provide evidence of any unusual behavior or operational issues, suggesting that the block may be in a healthy state despite the termination of the PacketResponder."
blk_-7238035741206373733,"The block blk_-7238035741206373733 was successfully received without any reported errors or exceptions. The operation was completed normally, indicating that the block is healthy and in a consistent state. There were no retries, failures, or unusual patterns observed during this operation."
blk_5708405953850477535,"The block blk_5708405953850477535 was allocated successfully without any errors or exceptions. The operation completed normally, indicating that the block is healthy and in a consistent state. There were no retries, failures, or unusual patterns noted during this operation."
blk_2253084440592362960,"The block blk_2253084440592362960 was successfully received with a size of 67,108,864 bytes. There were no errors, exceptions, or warnings reported during the operation, indicating that the block was processed normally and is in a healthy state. No retries or failures occurred, and the block is not under-replicated, corrupted, or lost. All operations related to this block completed successfully."
blk_-8127580564011467092,"The block blk_-8127580564011467092 was successfully added to the block map with a size of 67,108,864 bytes. There were no errors, exceptions, or warnings reported during this operation, indicating that the block is healthy and all operations completed normally."
blk_-8568673600040025636,"The block blk_-8568673600040025636 experienced a termination of its PacketResponder, indicating that the block was likely not fully processed or acknowledged by the DataNode. There are no indications of errors, exceptions, or warnings related to this block, and it appears that no operations were retried or failed. The block's state remains consistent, as there are no signs of it being under-replicated, corrupted, or lost. Overall, the log suggests a routine operation without notable issues."
blk_621685330749869453,"The block blk_621685330749869453 was successfully added to the block map with a size of 67,108,864 bytes. There were no errors, exceptions, or warnings reported during this operation, indicating that the block is healthy and all operations completed normally."
blk_8663640697928077697,"The block blk_8663640697928077697 was successfully added to the block map with a size of 67,108,864 bytes. There were no errors, exceptions, or warnings reported during this operation, indicating that the block is healthy and all operations completed normally."
blk_1508705816376906895,"The block blk_1508705816376906895 experienced an issue with its PacketResponder, which indicates that there was a problem in the communication process for this block. The log shows that PacketResponder 2 terminated, suggesting that it may have encountered an error while trying to send or receive data packets related to this block. However, there are no indications of specific errors, exceptions, or warnings beyond the termination of the PacketResponder. The block's state is unclear, as there are no details on whether it is under-replicated, corrupted, or lost. Further investigation would be needed to determine the final status of the block."
blk_-6441360440068187612,"The block blk_-6441360440068187612 was successfully received with a size of 67,108,864 bytes. There were no errors, exceptions, or warnings reported during the operation, indicating that the block was processed normally without any issues. The block is healthy and in a consistent state."
blk_2128110944185709079,"The log indicates that the PacketResponder for block blk_2128110944185709079 has terminated, but there are no specific errors, exceptions, or warnings noted. There is no indication of retries, failures, or any unusual behavior associated with this block. The block appears to be in a healthy state, with operations completing normally."
blk_871974742726663441,"The block blk_871974742726663441 experienced a termination of the PacketResponder, which typically indicates that the block's data transfer operations were completed or interrupted. There are no indications of errors, exceptions, or warnings related to this block, suggesting that it was handled normally without any issues. The block appears to be in a healthy state, with no signs of under-replication, corruption, or loss."
blk_8049943837789435742,"The block blk_8049943837789435742 experienced a termination of its PacketResponder, indicating that the block's data transfer operations were completed without any reported errors or exceptions. There were no indications of retries, failures, or inconsistencies, suggesting that the block remained in a healthy state throughout its operations."
blk_-8246207776580662770,"The block blk_-8246207776580662770 encountered an issue with PacketResponder 2 terminating unexpectedly. There are no indications of successful operations or completions, and the log does not provide details on retries or failures beyond the termination of the PacketResponder. As a result, the status of the block remains uncertain, and it may be in an inconsistent state due to the abrupt termination of the operation. Further investigation would be required to determine if the block is under-replicated, corrupted, or lost."
blk_3406384548372443486,"The block blk_3406384548372443486 was successfully added to the block map with a size of 67,108,864 bytes. There were no errors, exceptions, or warnings reported during this operation, indicating that the block is healthy and in a consistent state. All operations completed normally without any retries or failures."
blk_2460145905812664251,"The block blk_2460145905812664251 was successfully added to the block map with a size of 67,108,864 bytes. There were no errors, exceptions, or warnings reported during this operation, indicating that the block is healthy and all operations completed normally."
blk_-7207514537719465756,"The block blk_-7207514537719465756 was successfully received with a size of 67,108,864 bytes. There were no errors, exceptions, or warnings reported during the operation, indicating that the block was processed normally without any issues. The block is in a healthy state with no inconsistencies or failures noted."
blk_5216491057643255876,"The block blk_5216491057643255876 was successfully received without any errors or exceptions. The operation completed normally, indicating that the block is healthy and in a consistent state. There were no retries, failures, or unusual patterns observed during this operation."
blk_4641147544753118391,"The block blk_4641147544753118391 was successfully added to the block map with a size of 67,108,864 bytes. There were no errors, exceptions, or warnings reported during the operation, indicating that the block was processed normally and is in a healthy state."
blk_-85872290979354091,"The block with ID blk_-85872290979354091 experienced a termination of the PacketResponder without any indication of errors or exceptions. There were no retries or failures reported, and the block appears to be in a healthy state with no signs of being under-replicated, corrupted, or lost. All operations related to this block completed normally."
blk_-8310554294841246175,"The block blk_-8310554294841246175 was successfully received with a size of 67,108,864 bytes. There were no errors, exceptions, or warnings reported during the operation, indicating that the block was processed normally and is in a healthy state. All operations related to this block completed successfully without any retries or failures."
blk_-7293871043749246063,"The block blk_-7293871043749246063 was received successfully without any errors or exceptions. The operation was completed normally, indicating that the block is healthy and in a consistent state. There were no retries, failures, or unusual patterns noted during this operation."
blk_3107521534415119817,"The block blk_3107521534415119817 was successfully received with a size of 67,108,864 bytes. There were no errors, exceptions, or warnings reported during the operation, indicating that the block was processed normally and is in a healthy state. All operations related to this block completed successfully without any retries or failures."
blk_7194943883245628915,"The block blk_7194943883245628915 was received successfully with a size of 67,108,864 bytes. There were no errors, exceptions, or warnings reported during the operation, indicating that the block was processed normally without any issues. The block is in a healthy state with no inconsistencies or failures noted."
blk_-3816036740130815667,"The block blk_-3816036740130815667 was successfully received from a datanode with a size of 3,547,785 bytes. There were no errors, exceptions, or warnings reported during this operation, indicating that the block was processed normally without any issues. The block is healthy and in a consistent state."
blk_-5450224419450631495,"The block blk_-5450224419450631495 was successfully received with a size of 67,108,864 bytes. There were no errors, exceptions, or warnings reported during this operation, indicating that the block was processed normally and is in a healthy state. No retries or failures occurred, and the block is not under-replicated, corrupted, or lost."
blk_5881782374981838094,"The block blk_5881782374981838094 was successfully received without any errors or exceptions. The operation completed normally, indicating that the block is healthy and in a consistent state. No retries or failures were noted during this operation."
blk_7078766226078740026,"The block blk_7078766226078740026 experienced a termination of the PacketResponder, indicating that the block was likely not fully processed or acknowledged by the datanodes. There are no indications of errors, exceptions, or warnings related to replication, missing blocks, or other operational failures. The block appears to be in a consistent state, but the termination of the PacketResponder suggests that further investigation may be needed to ensure that all operations were completed successfully."
blk_-7380871572601322244,"The block blk_-7380871572601322244 was successfully received with a size of 67,108,864 bytes. There were no errors, exceptions, or warnings reported during the operation, indicating that the block was processed normally and is in a healthy state. All operations related to this block completed without any issues."
blk_3846795603907041885,"The block blk_3846795603907041885 was successfully received without any errors or exceptions. The operation completed normally, indicating that the block is healthy and in a consistent state. There were no retries, failures, or unusual patterns observed during this operation."
blk_7922331746517419368,"The block blk_7922331746517419368 was successfully received with a size of 67,108,864 bytes. There were no errors, exceptions, or warnings reported during the operation, indicating that the block was processed normally and is in a healthy state. All operations related to this block completed successfully without any retries or failures."
blk_155320394753274773,"The block blk_155320394753274773 was successfully received with a size of 67,108,864 bytes. There were no errors, exceptions, or warnings reported during this operation, indicating that the block was handled normally without any issues. The block is in a healthy state with no signs of corruption, under-replication, or loss."
blk_-5722491454804415982,"The block blk_-5722491454804415982 experienced a termination of its PacketResponder, indicating that the communication for this block was completed. There are no recorded errors, exceptions, or warnings associated with this block, and it appears to have undergone routine operations without any issues. The block is in a healthy state with no indications of being under-replicated, corrupted, or lost."
blk_-3482997549732691785,"The block blk_-3482997549732691785 was successfully received with a size of 67,108,864 bytes. There were no errors, exceptions, or warnings reported during the operation, indicating that the block was processed normally without any issues. The block is in a healthy state with no inconsistencies or failures noted."
blk_6417614801998326532,"The block blk_6417614801998326532 was successfully received without any errors or exceptions reported. The operation completed normally, indicating that the block is healthy and in a consistent state. No retries, failures, or unusual patterns were observed during this process."
blk_-1090213273274684471,"The block blk_-1090213273274684471 was successfully received with a size of 67,108,864 bytes. No errors, exceptions, or warnings were reported during the operation, indicating that the block was processed normally and is in a healthy state."
blk_-3738901473077208093,"The block blk_-3738901473077208093 was successfully received without any errors or exceptions reported. The operation completed normally, indicating that the block is healthy and in a consistent state. There were no retries, failures, or unusual patterns observed during this operation."
blk_-4312777901444596370,"The block with ID blk_-4312777901444596370 was successfully allocated without any errors or warnings. The operation completed normally, indicating that the block is healthy and in a consistent state. There were no retries, failures, or unusual patterns observed during this operation."
blk_6178964531181542074,"The block with ID blk_6178964531181542074 was successfully allocated without any errors or warnings. The operation completed normally, indicating that the block is healthy and in a consistent state. No retries or failures were recorded during this process."
blk_8550326614414622861,"The block blk_8550326614414622861 experienced a termination of its PacketResponder, which indicates that the communication for this block was interrupted. There are no indications of errors, exceptions, or warnings related to this block's operations, suggesting that it may have completed its tasks normally without any reported issues. The block appears to be in a healthy state with no signs of corruption, under-replication, or loss."
blk_-6525012344542022819,"The log indicates that the PacketResponder for block blk_-6525012344542022819 terminated, but there are no specific errors, exceptions, or warnings associated with this termination. There are no indications of retries, failures, or any unusual patterns. The block appears to be in a healthy state with routine operations completing normally."
blk_8861349372992394289,"The block with ID blk_8861349372992394289 was successfully allocated without any errors or exceptions. The operation completed normally, indicating that the block is healthy and in a consistent state. There were no retries, failures, or unusual patterns observed during this operation."
blk_-1049340855430710153,"The block blk_-1049340855430710153 experienced a termination of its PacketResponder, indicating that the block's data transfer or acknowledgment process was interrupted. There are no indications of errors, exceptions, or warnings related to this block, and it appears to have completed its operations without any reported issues. The block remains in a healthy state with no signs of under-replication, corruption, or loss."
blk_703049809255765647,"The block blk_703049809255765647 experienced a termination of the PacketResponder without any indication of errors, exceptions, or warnings. There were no retries or failures noted in the log lines, and the block appears to be in a healthy state with routine operations completing normally. No unusual patterns or inconsistencies were observed for this block."
blk_-7460532841070848624,"The block blk_-7460532841070848624 was successfully received without any errors or exceptions. The operation completed normally, indicating that the block was transferred from the source to the destination without issues. There were no retries, failures, or warnings logged, and the block remains in a healthy state."
blk_-7623732795385061487,"The block blk_-7623732795385061487 was successfully received without any reported errors or exceptions. The operation proceeded normally, indicating that the block is healthy and in a consistent state. There were no retries, failures, or unusual patterns noted during this operation."
blk_-7367386750462511488,"The block with ID blk_-7367386750462511488 was successfully allocated without any errors or warnings. The operation completed normally, indicating that the block is healthy and in a consistent state. There were no retries, failures, or unusual patterns noted during this operation."
blk_-1237539644269634790,"The block blk_-1237539644269634790 was successfully added to the blockMap with a size of 67,108,864 bytes. There were no errors, exceptions, or warnings reported during this operation, indicating that the block was handled normally and is in a healthy state. All operations completed successfully without any retries or failures."
blk_7713504868233504097,"The block blk_7713504868233504097 was successfully received without any errors or exceptions. The operation was completed normally, indicating that the block is healthy and in a consistent state. There were no retries, failures, or unusual patterns noted during this operation."
blk_8005746184358076390,"The block blk_8005746184358076390 was successfully added to the block map with a size of 67,108,864 bytes. There were no errors, exceptions, or warnings reported during the operation, indicating that the block is healthy and all operations completed normally."
blk_955083461510572332,"The block blk_955083461510572332 was successfully received from a datanode without any errors or exceptions. The operation completed normally, and the block is healthy with no indications of issues such as under-replication, corruption, or loss."
blk_283922378823540530,"The block blk_283922378823540530 experienced a termination of its PacketResponder, indicating that there may have been an issue with the communication or data transfer process. However, there are no specific errors, exceptions, or warnings indicating failures or retries associated with this block. As a result, it appears that the block did not end up in an inconsistent state, and no unusual patterns of repeated failures or cascading errors were noted. The operations related to this block may have completed normally, but the termination of the PacketResponder suggests a need for further investigation into the underlying cause."
blk_4471044334742081825,"The block with ID blk_4471044334742081825 was marked as invalid and added to the invalid set. There are no indications of errors, exceptions, or warnings related to this block's operations, but its status suggests it may have been deleted or is no longer accessible. There are no records of retries or failures associated with this block, and it does not appear to have been in an inconsistent state prior to being marked invalid."
blk_-3671953658029337449,"The block with ID blk_-3671953658029337449 was marked as invalid and added to the invalid set, indicating that it is no longer usable. There are no indications of errors, exceptions, or warnings related to this block's operations prior to its invalidation. As a result, the block is likely in an inconsistent state and cannot be recovered or accessed. No retries or additional operations were logged for this block, suggesting a straightforward invalidation process without complications."
blk_-75893538967225087,"The block with ID blk_-75893538967225087 was marked as invalid and added to the invalid set, indicating that it is no longer considered usable. There are no indications of errors, exceptions, or warnings related to this block's operations prior to its invalidation. The log does not provide details on retries or failures, but the block's status suggests it may have been lost or corrupted, resulting in its removal from the active data set. Overall, this block ended up in an inconsistent state, as it was deemed invalid without further context on the reasons for its invalidation."
blk_805187982300776163,"The block with ID blk_805187982300776163 was marked as invalid and added to the invalid set, indicating that it is no longer usable. There are no indications of errors, exceptions, or warnings related to this block's operations, nor were there any retries or failures noted. The block is likely in an inconsistent state due to its invalid status, but no further details about its previous state or operations are provided."
blk_4631777956354958682,"The block with ID blk_4631777956354958682 was marked as invalid and added to the invalid set, indicating that it is no longer considered valid within the HDFS. There are no indications of errors, exceptions, or warnings related to this block's operations prior to its invalidation. The log does not provide information about retries or failures, nor does it suggest that the block was in an inconsistent state prior to being marked invalid. Overall, this block appears to have been removed from the active set without any reported issues during its lifecycle."
blk_-7595375726951801956,"The block with ID blk_-7595375726951801956 was marked as invalid and added to the invalid set, indicating that it is no longer accessible or usable within the HDFS. There are no indications of errors, exceptions, or warnings related to this block's operations prior to its invalidation. The log does not show any retries or failures associated with this block, nor does it indicate any unusual patterns or states such as under-replication or corruption. The block's status is definitively inconsistent as it has been deemed invalid."
blk_-4681205519208992498,"The block with ID blk_-4681205519208992498 was marked as invalid and added to the invalid set, indicating that it is no longer accessible or usable within the HDFS. There are no indications of errors, exceptions, or warnings related to this block's operations prior to its invalidation. The block's status suggests it may have been deleted or corrupted, but no specific details about the cause of its invalidation or any retry attempts are provided in the log lines. As a result, the block is likely in an inconsistent state and is not recoverable."
blk_5702487846232575705,"The block with ID blk_5702487846232575705 was marked as invalid and added to the invalid set, indicating that it is no longer considered usable within the HDFS. There are no indications of errors, exceptions, or warnings related to this block's operations prior to its invalidation, nor are there any retries or failures noted. The block has ended up in an inconsistent state, as it is now classified as invalid."
blk_4834069779372284635,"The block blk_4834069779372284635 was marked as invalid and added to the invalid set, indicating that it is no longer considered a valid block in the system. There are no indications of errors, exceptions, or warnings related to this block's operations prior to its invalidation. The block's status suggests it may have been corrupted or lost, but no specific details about the cause of the invalidation or any retry attempts are provided in the log lines. As a result, the block is likely in an inconsistent state, and further investigation would be needed to determine the underlying issue."
blk_3735517274901501821,"The block with ID blk_3735517274901501821 was marked as invalid and added to the invalid set, indicating that it is no longer usable within the HDFS. There are no indications of errors or exceptions related to this block's operations, but its status suggests it may have been deleted or corrupted. The log does not provide information on retries or failures, but the block is now in an inconsistent state as it has been invalidated."
blk_5018797996887008111,"The block with ID blk_5018797996887008111 was marked as invalid and added to the invalid set, indicating that it is no longer usable. There are no indications of errors, exceptions, or warnings related to this block's operations prior to its invalidation. The block does not appear to have undergone any routine operations or successful completions, and its status suggests it may be lost or corrupted."
blk_-566178736644429906,"The block with ID blk_-566178736644429906 was marked as invalid and added to the invalid set. There are no indications of errors, exceptions, or warnings related to this block's operations, nor were there any retries or failures noted. The block appears to have ended up in an inconsistent state, as it has been deemed invalid, but no further details on the cause of this invalidation are provided. Overall, the log indicates a singular event of invalidation without additional context or operational details."
blk_-8121498678081035000,"The block with ID blk_-8121498678081035000 was marked as invalid and added to the invalid set, indicating that it is no longer accessible or usable within the HDFS. There are no indications of successful operations or routine handling; instead, the block appears to have been flagged for issues that rendered it invalid. No specific errors, exceptions, or warnings were detailed beyond its addition to the invalid set, suggesting a potential loss or corruption of the block without further context on the underlying cause."
blk_7996616083434301906,"The block blk_7996616083434301906 was successfully received without any errors or exceptions. The operation completed normally, indicating that the block is healthy and in a consistent state. There were no retries, failures, or unusual patterns noted during this operation."
blk_6888300867578983331,"The block blk_6888300867578983331 was deleted without any indication of errors or issues. There were no warnings, exceptions, or retries noted in the log lines. The operation completed normally, resulting in the block being removed from the file system without leaving it in an inconsistent state."
blk_7625391056418655045,"The block blk_7625391056418655045 experienced a termination of its PacketResponder, indicating that there may have been issues with the communication or data transfer related to this block. However, there are no specific errors, exceptions, or warnings indicating failures or inconsistencies with the block itself. As a result, the block appears to be in a healthy state, with no operations reported as retried or failed, and no indication of being under-replicated, corrupted, or lost."
blk_-8443921001690182522,"The block blk_-8443921001690182522 was deleted without any indication of errors or warnings. There were no retries or failures reported during this operation, and the block did not end up in an inconsistent state. The deletion appears to have been a routine operation, completing normally."
blk_706826531153199550,"The block blk_706826531153199550 was received successfully without any errors or warnings. The operation completed normally, indicating that the block is healthy and in a consistent state. There were no retries, failures, or unusual patterns observed during this operation."
blk_-7446091384471755694,"The block blk_-7446091384471755694 was deleted without any indication of errors or issues. There were no retries or failures logged, and the block did not end up in an inconsistent state. The operation was completed normally, resulting in the successful removal of the block from the filesystem."
blk_-4352313989800650828,"The block blk_-4352313989800650828 was deleted successfully without any errors or warnings reported. There were no indications of failures or retries, and the block did not end up in an inconsistent state. The operation was routine and completed normally."
blk_-6292499669518281202,"The block blk_-6292499669518281202 was deleted without any indication of errors or issues. There were no retries or failures reported during this operation, and the block did not end up in an inconsistent state. The deletion appears to have been a routine operation, with no unusual patterns or warnings noted in the log lines."
blk_-4582442491366282435,"The block blk_-4582442491366282435 experienced a termination of its PacketResponder, indicating that there may have been issues with data transmission or acknowledgment. However, there are no specific errors, exceptions, or warnings indicating failures or retries associated with this block. The log does not suggest that the block ended up in an inconsistent state, nor does it indicate any unusual patterns of repeated failures or cascading errors. Overall, the block appears to have completed its operations without notable issues, although the termination of the PacketResponder may warrant further monitoring."
blk_-6750694665033046901,"The block blk_-6750694665033046901 was deleted successfully without any errors or warnings reported in the log lines. There were no indications of failures, retries, or inconsistencies associated with this block, suggesting that it was removed as part of routine operations."
blk_-6131345369657245178,"The block blk_-6131345369657245178 was deleted without any indication of errors or issues in the log lines. There were no retries, failures, or warnings noted, suggesting that the deletion was a routine operation and the block was removed successfully. There is no evidence of the block being in an inconsistent state, as the log only reflects the deletion process."
blk_-3575718350717794894,"The block blk_-3575718350717794894 was deleted without any indication of errors or issues. There were no warnings, exceptions, or retries noted in the log lines. The operation completed normally, resulting in the block being removed from the system without leaving it in an inconsistent state."
blk_-4380385204018751771,"The block blk_-4380385204018751771 was deleted without any indication of errors or warnings in the log lines. There were no retries or failures reported, and the block did not end up in an inconsistent state. The operation was completed normally, resulting in the successful removal of the block from the filesystem."
blk_-3594701313167635091,"The block blk_-3594701313167635091 was deleted without any indication of errors or warnings. There were no retries or failures reported during this operation, and the block does not appear to have ended up in an inconsistent state. The deletion process was completed normally."
blk_-1693418636466747515,"The block blk_-1693418636466747515 was deleted without any indication of errors or issues. There were no retries or failures reported during this operation, and the block did not end up in an inconsistent state. The deletion appears to have been a routine operation, completing normally."
blk_5806397523737304814,"The block blk_5806397523737304814 was deleted successfully without any reported errors or exceptions. There were no indications of retries or failures during this operation, and the block did not end up in an inconsistent state. All operations related to the deletion were completed normally."
blk_-1345585044778938153,"The block with ID blk_-1345585044778938153 was deleted successfully without any errors or warnings. There were no indications of failures, retries, or issues related to replication or consistency. The operation completed normally, resulting in the block being removed from the file system."
blk_2489882700357182381,"The block blk_2489882700357182381 was deleted without any indication of errors or issues in the log lines. There were no warnings, exceptions, or retries noted, suggesting that the deletion was a routine operation and the block ended up in a consistent state as it was successfully removed from the filesystem."
blk_-1800458850981311953,"The block blk_-1800458850981311953 was deleted successfully without any reported errors or exceptions. There were no indications of failures, retries, or issues related to replication or consistency. The operation completed normally, resulting in the block being removed from the filesystem."
blk_6373260430960091026,"The block blk_6373260430960091026 was deleted without any indication of errors or warnings in the log lines. There were no retries or failures reported, and the block did not end up in an inconsistent state. The operation completed normally, resulting in the successful removal of the block from the file system."
blk_-1278725622357466169,"The block blk_-1278725622357466169 was deleted without any indication of errors or warnings in the log lines. There were no retries or failures reported, and the block did not end up in an inconsistent state. The operation completed normally, resulting in the successful deletion of the block."
blk_4513772639980123655,"The block blk_4513772639980123655 was deleted without any indication of errors or issues. There were no retries or failures reported in the log lines, and the block did not end up in an inconsistent state. The operation appears to have completed normally."
blk_1838564958520120941,"The block blk_1838564958520120941 was deleted successfully without any reported errors or exceptions. There were no indications of failures or retries, and the block did not end up in an inconsistent state. The operation completed normally."
blk_7985460426680885040,"The block blk_7985460426680885040 was deleted without any indication of errors or issues. There were no warnings, exceptions, or retries logged, suggesting that the deletion operation was routine and completed successfully. The block did not end up in an inconsistent state, as it was removed as intended."
blk_2215517976324634098,"The block blk_2215517976324634098 was deleted successfully without any reported errors or exceptions. There were no indications of failures, retries, or unusual behavior associated with this operation. The block did not end up in an inconsistent state, and all operations related to its deletion were completed normally."
blk_5453150794205420798,"The block blk_5453150794205420798 was deleted without any indication of errors or issues. There are no records of exceptions, warnings, or failed operations associated with this block. The deletion process appears to have completed normally, and the block is no longer present in the system. There are no signs of inconsistency, corruption, or loss related to this block."
blk_-7522572236891389139,"The block blk_-7522572236891389139 was successfully added to the block map with a size of 67,108,864 bytes. There were no errors, exceptions, or warnings reported during this operation, indicating that the block is healthy and all operations completed normally."
blk_6163400028286940197,"The block blk_6163400028286940197 was deleted without any indication of errors or warnings in the log lines. There were no retry attempts or failures reported, and the block did not end up in an inconsistent state. The operation was completed normally, indicating a routine deletion process."
blk_7583807825342916938,"The block blk_7583807825342916938 was deleted without any indication of errors or issues. There are no recorded exceptions, warnings, or failures associated with this operation, suggesting that the deletion was completed successfully and the block is no longer present in the system. The block did not end up in an inconsistent state, as there are no indications of under-replication, corruption, or loss."
blk_-5957060034695163774,"The block blk_-5957060034695163774 was successfully received without any reported errors or exceptions. The operation completed normally, indicating that the block is healthy and in a consistent state. There were no retries, failures, or unusual patterns observed during this operation."
blk_-2250942073136893488,"The block blk_-2250942073136893488 was successfully received without any errors or exceptions. The operation completed normally, indicating that the block is healthy and in a consistent state. There were no retries, failures, or unusual patterns observed during this operation."
blk_-3693786175267111588,"The block blk_-3693786175267111588 was successfully received with a size of 67,108,864 bytes. There were no errors, exceptions, or warnings noted in the log lines, indicating that the operation completed normally without any issues. The block is in a healthy state with no indications of being under-replicated, corrupted, or lost."
blk_8384967715738359346,"The block blk_8384967715738359346 was deleted successfully without any reported errors or exceptions. There were no indications of retries or failures, and the block did not end up in an inconsistent state. The operation completed normally, resulting in the block being removed from the filesystem."
blk_-1948505589144820414,"The block blk_-1948505589144820414 was successfully added to the block map with a size of 67,108,864 bytes. There were no errors, exceptions, or warnings reported during this operation, indicating that the block is healthy and all operations completed normally."
blk_-6224982681533811277,"The block blk_-6224982681533811277 was successfully added to the block map with a size of 67,108,864 bytes. There were no errors, exceptions, or warnings reported during this operation, indicating that the block is healthy and all operations completed normally."
blk_-2843780069100181052,"The block with ID blk_-2843780069100181052 was successfully added to the block map, indicating that it was stored correctly with a size of 67,108,864 bytes. There were no errors, exceptions, or warnings reported during this operation, and the block appears to be in a healthy state with no issues related to replication or consistency."
blk_8083872765147994327,"The block blk_8083872765147994327 was successfully received without any errors or warnings. The operation completed normally, indicating that the block is healthy and in a consistent state. There were no retries, failures, or unusual patterns observed during this operation."
blk_-6502143621885580798,"The block blk_-6502143621885580798 was successfully received with a size of 67,108,864 bytes. There were no errors, exceptions, or warnings reported during the operation, indicating that the block was processed normally without any issues. The block is in a healthy state with no inconsistencies or failures noted."
blk_-8323785930877970805,"The block blk_-8323785930877970805 was successfully received without any errors or exceptions. The operation completed normally, indicating that the block is healthy and in a consistent state. No retries, failures, or unusual patterns were noted during this operation."
blk_-7587189852169913514,"The block blk_-7587189852169913514 experienced a termination of the PacketResponder without any indication of successful completion or errors. There are no recorded exceptions, warnings, or failures related to this block, suggesting that it may not have undergone any significant operations or that the operations were not logged. As a result, the block's state remains unclear, but it does not appear to be in an inconsistent state based on the available log information."
blk_7439201509602018752,"The block blk_7439201509602018752 was successfully added to the block map with a size of 67,108,864 bytes. There were no errors, exceptions, or warnings reported during this operation, indicating that the block was handled normally and is in a healthy state. No retries or failures occurred, and the block is fully replicated and consistent."
blk_3224184805694764748,"The block blk_3224184805694764748 was successfully received with a size of 67,108,864 bytes. There were no errors, exceptions, or warnings reported during the operation, indicating that the block was processed normally and is in a healthy state. All operations related to this block completed successfully without any retries or failures."
blk_-7571492020523929240,"The block with ID blk_-7571492020523929240 underwent a replication request to a specific datanode. There are no indications of errors, exceptions, or warnings in the log lines provided. The operation appears to have been routine, with the block being successfully asked to replicate without any reported failures or inconsistencies. Therefore, the block remains in a healthy state following the operation."
blk_1119272693889755844,"The block blk_1119272693889755844 was successfully added to the block map with a size of 64 MB. There were no errors, exceptions, or warnings reported during the operation, indicating that the block was handled normally and is in a healthy state. All operations completed successfully without any retries or failures."
blk_1600228140214754078,"The block blk_1600228140214754078 was successfully received with a size of 67,108,864 bytes. There were no errors, exceptions, or warnings reported during the operation, indicating that the block was handled normally without any issues. The block is in a healthy state with no inconsistencies or unusual patterns observed."
blk_1473949624670719319,"The block blk_1473949624670719319 was successfully received with no errors or exceptions reported. The operation completed normally, and the block is in a healthy state with a size of 67,108,864 bytes. There were no retries or failures noted during this operation."
blk_-7227576651324043655,"The block blk_-7227576651324043655 was successfully received without any errors or exceptions. The operation completed normally, indicating that the block is healthy and in a consistent state. No retries, failures, or unusual patterns were observed during this operation."
blk_-7606467001548719462,"The block blk_-7606467001548719462 was deleted without any indication of errors or issues. There were no retries or failures reported during this operation, and the block did not end up in an inconsistent state. The deletion appears to have been routine and completed successfully."
blk_2771018387166611008,"The block blk_2771018387166611008 was successfully received with a size of 67,108,864 bytes. There were no errors, exceptions, or warnings reported during the operation, indicating that the block was processed normally without any issues. The block is in a healthy state with no inconsistencies or failures noted."
blk_-2852294661215451806,"The block with ID blk_-2852294661215451806 was successfully added to the block map, indicating that it was stored correctly with a size of 67,108,864 bytes. There were no errors, exceptions, or warnings reported during this operation, and the block appears to be in a healthy state with no indications of replication issues or inconsistencies."
blk_7891129742741763034,"The block blk_7891129742741763034 was successfully received without any errors or exceptions. The operation completed normally, indicating that the block is healthy and in a consistent state. No retries or failures were noted during the process."
blk_8512974147315737844,"The block blk_8512974147315737844 was successfully added to the block map with a size of 67,108,864 bytes. There were no errors, exceptions, or warnings reported during this operation, indicating that the block is healthy and all operations completed normally."
blk_427477290315080955,"The block blk_427477290315080955 was successfully received with a size of 67,108,864 bytes. There were no errors, exceptions, or warnings reported during the operation, indicating that the block was processed normally and is in a healthy state. All operations related to this block completed successfully without any retries or failures."
blk_-7630699912570186723,"The block blk_-7630699912570186723 was successfully received with a size of 67,108,864 bytes. There were no errors, exceptions, or warnings reported during the operation, indicating that the block was processed normally and is in a healthy state. All operations completed successfully without any retries or failures."
blk_1512136249403454074,"The block blk_1512136249403454074 was successfully received without any errors or exceptions. The operation completed normally, indicating that the block is healthy and in a consistent state. There were no retries, failures, or unusual patterns noted during this operation."
blk_8655748951361667770,"The block blk_8655748951361667770 was successfully received with a size of 67,108,864 bytes. There were no errors, exceptions, or warnings reported during the operation, indicating that the block was handled normally without any issues. The block is in a healthy state with no signs of under-replication, corruption, or loss."
blk_8487226415276391460,"The block blk_8487226415276391460 experienced a termination of its PacketResponder, indicating that there may have been issues with the communication or acknowledgment of data packets related to this block. However, there are no specific errors, exceptions, or warnings indicating failures or inconsistencies with the block itself. The log does not provide evidence of retries, failures, or any unusual patterns, suggesting that the block may be in a healthy state despite the termination of the PacketResponder."
blk_-8162657657061473938,"The block blk_-8162657657061473938 was successfully received without any errors or exceptions. The operation completed normally, indicating that the block is healthy and in a consistent state. No retries, failures, or unusual patterns were observed during this operation."
blk_-4970213618915792510,"The block blk_-4970213618915792510 was successfully added to the block map with a size of 67,108,864 bytes. There were no errors, exceptions, or warnings reported during this operation, indicating that the block was handled normally without any issues. The block appears to be in a healthy state with no inconsistencies or unusual patterns noted."
blk_9034824096129858680,"The block blk_9034824096129858680 was successfully received without any errors or exceptions. The operation completed normally, indicating that the block is healthy and in a consistent state. There were no retries, failures, or unusual patterns noted during this operation."
blk_-4775386099844009890,"The block blk_-4775386099844009890 was successfully received with a size of 67,108,864 bytes. There were no errors, exceptions, or warnings reported during the operation, indicating that the block was handled normally and completed without any issues. The block is in a healthy state with no signs of inconsistency or failure."
blk_-1533191386601391937,"The block with ID blk_-1533191386601391937 was successfully allocated without any errors or exceptions. The operation completed normally, indicating that the block is healthy and in a consistent state. There were no retries, failures, or unusual patterns observed during this operation."
blk_2096199637324483321,"The block blk_2096199637324483321 experienced a termination of its PacketResponder, indicating that there may have been issues with the communication or data transfer associated with this block. However, there are no specific errors, exceptions, or warnings indicating failures or inconsistencies related to this block. As a result, the block appears to be in a healthy state, with no operations reported as retried or failed."
blk_3433046099598424314,"The block blk_3433046099598424314 experienced a termination of the PacketResponder, but there are no indications of errors, exceptions, or warnings related to its operations. There were no retries or failures noted, and the block appears to be in a healthy state with routine operations completing normally."
blk_4170936278386288557,"The block blk_4170936278386288557 was successfully added to the block map, indicating that it was stored without any errors. The operation completed normally, and the block size is reported as 67,108,864 bytes. There were no errors, exceptions, or warnings noted in the log lines, and the block is in a healthy state."
blk_-3023983271692989109,"The block blk_-3023983271692989109 was successfully received with a size of 67,108,864 bytes. There were no errors, exceptions, or warnings reported during the operation, indicating that the block was processed normally without any issues. The block is in a healthy state with no inconsistencies or failures noted."
blk_469126362137371425,"The block blk_469126362137371425 was successfully received without any errors or exceptions. The operation completed normally, indicating that the block is healthy and in a consistent state. There were no retries, failures, or unusual patterns noted during the operation."
blk_3922791077126964673,"The block blk_3922791077126964673 experienced a termination of its PacketResponder, indicating that the block was likely involved in a data transfer operation that has completed or failed. However, there are no specific errors, exceptions, or warnings noted in the log lines, suggesting that the block did not encounter any significant issues during its operations. The block appears to be in a healthy state with no indications of replication problems, corruption, or loss."
blk_5813923864071791162,"The block blk_5813923864071791162 was successfully received with a size of 67,108,864 bytes. There were no errors, exceptions, or warnings reported during the operation, indicating that the block was processed normally without any issues. The block is in a healthy state with no indications of under-replication, corruption, or loss."
blk_7412933088374169877,"The block blk_7412933088374169877 experienced a termination of its PacketResponder, indicating that the communication for this block was interrupted. There are no indications of errors, exceptions, or warnings related to this block, and it appears to have completed its operations normally without any retries or failures. The block remains in a healthy state with no signs of being under-replicated, corrupted, or lost."
blk_-3888538223380979891,"The block blk_-3888538223380979891 was successfully added to the block map with a size of 67,108,864 bytes. There were no errors, exceptions, or warnings reported during this operation, indicating that the block is healthy and all operations completed normally."
blk_-5970165518655489569,"The block blk_-5970165518655489569 was successfully received with a size of 67,108,864 bytes. There were no errors, exceptions, or warnings reported during this operation, indicating that the block was handled normally without any issues. The block is in a healthy state with no indications of under-replication, corruption, or loss."
blk_-7319442762668598889,"The log indicates that the PacketResponder for block blk_-7319442762668598889 has terminated, but there are no specific errors, exceptions, or warnings noted. There are no indications of retries, failures, or any unusual behavior associated with this block. The block appears to be in a healthy state with routine operations completing normally."
blk_5844313985011885282,"The block blk_5844313985011885282 was successfully allocated without any errors or exceptions. The operation completed normally, indicating that the block is healthy and in a consistent state. There were no retries, failures, or unusual patterns observed during this operation."
blk_4531288786306744275,"The block blk_4531288786306744275 was successfully allocated without any errors or warnings. The operation completed normally, indicating that the block is healthy and in a consistent state. There were no retries or failures noted during this operation."
blk_-3845286823494684378,"The block blk_-3845286823494684378 was successfully received with a size of 67,108,864 bytes. There were no errors, exceptions, or warnings reported during this operation, indicating that the block was handled normally without any issues. The block is in a healthy state with no indications of being under-replicated, corrupted, or lost."
blk_6170586659371027531,"The block blk_6170586659371027531 was successfully added to the block map with a size of 67,108,864 bytes. There were no errors, exceptions, or warnings reported during this operation, indicating that the block was handled normally and is in a healthy state."
blk_-808401720390253471,"The block blk_-808401720390253471 experienced a termination of the PacketResponder, indicating that the block was likely not fully processed or acknowledged by the DataNodes. There are no specific errors, exceptions, or warnings noted in the log lines, suggesting that while the block may not have completed its operations normally, it does not show signs of critical failures or inconsistencies such as under-replication or corruption. Further investigation may be needed to determine the final state of the block, but based on the provided log, it appears to be in an uncertain state due to the termination of the PacketResponder."
blk_1447281351164457761,"The block blk_1447281351164457761 was successfully added to the block map with a size of 67,108,864 bytes. There were no errors, exceptions, or warnings reported during this operation, indicating that the block was handled normally and is in a healthy state."
blk_-7911408976820434495,"The block blk_-7911408976820434495 was successfully received without any errors or exceptions. The operation completed normally, indicating that the block is healthy and in a consistent state. There were no retries, failures, or unusual patterns observed during this operation."
blk_-5455316994110506037,"The block blk_-5455316994110506037 was successfully added to the block map with a size of 67,108,864 bytes. There were no errors, exceptions, or warnings reported during this operation, indicating that the block is healthy and all operations completed normally."
blk_-917268749136585019,"The block blk_-917268749136585019 encountered an issue with the PacketResponder, which terminated unexpectedly. There are no indications of successful operations or retries in the log lines, suggesting that the block may not have completed its intended operations. The lack of further details implies that the block could be left in an inconsistent state, potentially under-replicated or lost, but no specific errors or warnings regarding its integrity or replication status were provided."
blk_1122812501843755360,"The block blk_1122812501843755360 was successfully received without any errors or exceptions. The operation completed normally, indicating that the block is healthy and in a consistent state. There were no retries, failures, or unusual patterns observed during this operation."
blk_5983149244832683042,"The block blk_5983149244832683042 was successfully received without any errors or exceptions. The operation completed normally, indicating that the block is healthy and in a consistent state. There were no retries, failures, or unusual patterns observed during this operation."
blk_-5263787695149681326,"The block blk_-5263787695149681326 experienced a termination of its PacketResponder, indicating that the block's data transfer operations were completed normally without any reported errors or exceptions. There were no indications of retries, failures, or inconsistencies, suggesting that the block is healthy and in a consistent state."
blk_5781019224640206392,"The block blk_5781019224640206392 was successfully received without any errors or warnings. The operation completed normally, indicating that the block is healthy and in a consistent state. There were no retries, failures, or unusual patterns observed during this operation."
blk_4786794545180705888,"The block blk_4786794545180705888 experienced a termination of its PacketResponder, indicating that there may have been issues with the communication or data transfer process. However, there are no specific errors, exceptions, or warnings indicating failures or inconsistencies with the block itself. The log does not provide evidence of retries, failures, or an inconsistent state for this block. Overall, the operations related to this block appear to have completed without notable issues, but the termination of the PacketResponder suggests that further monitoring may be warranted to ensure ongoing stability."
blk_1303107722036031233,"The block blk_1303107722036031233 was successfully added to the block map with a size of 67,108,864 bytes. There were no errors, exceptions, or warnings reported during this operation, indicating that the block was handled normally and is in a healthy state."
blk_4539833452749813987,"The block blk_4539833452749813987 was successfully received with a size of 67,108,864 bytes. No errors, exceptions, or warnings were reported during the operation, indicating that the block was handled normally and is in a healthy state."
blk_703387617548630438,"The block blk_703387617548630438 experienced a termination of the PacketResponder, indicating that the process responsible for managing data packet responses for this block has stopped. There are no indications of errors, exceptions, or warnings related to this block, nor are there any retries or failures noted. The block appears to be in a healthy state with no signs of being under-replicated, corrupted, or lost. All operations related to this block completed normally."
blk_5689516499354445029,"The block blk_5689516499354445029 experienced a termination of its PacketResponder, indicating that the block's data transfer operations were completed normally without any reported errors or exceptions. There were no indications of retries, failures, or inconsistencies, suggesting that the block remains healthy and in a consistent state."
blk_-4595094649363595358,"The block blk_-4595094649363595358 was successfully added to the block map, indicating that it was stored correctly with a size of 67,108,864 bytes. There were no errors, exceptions, or warnings reported during this operation, and the block appears to be in a healthy state with no issues related to replication or consistency."
blk_-1733026139299872187,"The block blk_-1733026139299872187 was successfully received without any errors or exceptions. The operation completed normally, indicating that the block is healthy and in a consistent state. There were no retries, failures, or unusual patterns noted during this operation."
blk_-1910608563003942187,"The log indicates that the PacketResponder for block blk_-1910608563003942187 terminated, but there are no specific errors, exceptions, or warnings mentioned. There are no indications of retries, failures, or any unusual patterns. The block appears to be in a healthy state with routine operations, as no issues were reported that would suggest it is under-replicated, corrupted, or lost."
blk_-1101091099241306483,"The block with ID blk_-1101091099241306483 was successfully allocated without any errors or warnings. The operation completed normally, indicating that the block is healthy and in a consistent state. There were no retries or failures recorded during this process."
blk_7901008236334420364,"The block blk_7901008236334420364 experienced a termination of the PacketResponder, indicating that the block's data transfer operations were completed without any reported errors or exceptions. There were no indications of retries, failures, or inconsistencies, suggesting that the block is healthy and all operations were performed normally."
blk_2119401975697524206,"The block blk_2119401975697524206 was successfully added to the block map with a size of 67,108,864 bytes. There were no errors, exceptions, or warnings reported during this operation, indicating that the block is healthy and all operations completed normally."
blk_6204056282927975796,"The block blk_6204056282927975796 experienced a termination of its PacketResponder, indicating that the communication for this block was interrupted. There are no specific errors, exceptions, or warnings noted beyond this termination, suggesting that the block did not encounter any critical failures or issues during its operations. The block appears to be in a healthy state, as no replication issues, inconsistencies, or errors were reported."
blk_215466486430758887,"The block blk_215466486430758887 experienced a termination of its PacketResponder, indicating that there may have been an issue with the communication or acknowledgment process for this block. However, there are no specific errors, exceptions, or warnings indicating failures or inconsistencies related to this block. As a result, the block appears to be in a healthy state, with routine operations likely completing normally despite the termination of the PacketResponder."
blk_-3055230140330616860,"The block with ID blk_-3055230140330616860 was successfully allocated without any errors or warnings. The operation completed normally, indicating that the block is healthy and in a consistent state. No retries or failures were recorded during this process."
blk_4473390551542202999,"The block blk_4473390551542202999 was successfully added to the block map with a size of 67,108,864 bytes. There were no errors, exceptions, or warnings reported during this operation, indicating that the block was handled normally and is in a healthy state. No retries or failures occurred, and the block is fully replicated and consistent."
blk_-5581540863377925517,"The block with ID blk_-5581540863377925517 was successfully allocated without any errors or warnings. The operation completed normally, indicating that the block is healthy and in a consistent state. There were no retries, failures, or unusual patterns observed during this operation."
blk_7864850143895703065,"The block blk_7864850143895703065 was successfully received with a size of 67,108,864 bytes. There were no errors, exceptions, or warnings reported during the operation, indicating that the block was handled normally without any issues. The block is in a healthy state with no indications of under-replication, corruption, or loss."
blk_423916008836295480,"The block blk_423916008836295480 was successfully added to the block map with a size of 67,108,864 bytes. There were no errors, exceptions, or warnings reported during this operation, indicating that the block was handled normally without any issues. The block is in a healthy state with no inconsistencies or unusual patterns observed."
blk_2166777223671724319,"The block blk_2166777223671724319 was received successfully without any reported errors or exceptions. The operation completed normally, indicating that the block is healthy and in a consistent state. There were no retries, failures, or unusual patterns noted during this operation."
blk_4031738712701565209,"The block blk_4031738712701565209 was successfully received with a size of 67,108,864 bytes. There were no errors, exceptions, or warnings reported during the operation, indicating that the block was handled normally without any issues. The block is in a healthy state with no inconsistencies or failures noted."
blk_1910319264393500537,"The block with ID blk_1910319264393500537 was successfully allocated without any errors or exceptions. The operation completed normally, indicating that the block is healthy and in a consistent state. There were no retries, failures, or unusual patterns observed during this operation."
blk_-8789402864074203800,"The block blk_-8789402864074203800 was successfully received with a size of 67,108,864 bytes. There were no errors, exceptions, or warnings reported during the operation, indicating that the block was handled normally without any issues. The block is in a healthy state with no indications of under-replication, corruption, or loss."
blk_5733038550092620376,"The block blk_5733038550092620376 was successfully added to the block map with a size of 67,108,864 bytes. There were no errors, exceptions, or warnings reported during the operation, indicating that the block was stored normally without any issues. The block is in a healthy state with no signs of under-replication, corruption, or loss."
blk_8215843708467112607,"The block blk_8215843708467112607 was allocated successfully without any errors or exceptions. The operation completed normally, indicating that the block is healthy and in a consistent state. There were no retries, failures, or unusual patterns observed during this operation."
blk_-954856062493437881,"The block blk_-954856062493437881 was successfully received with a size of 67,108,864 bytes. There were no errors, exceptions, or warnings reported during the operation, indicating that the block was processed normally and is in a healthy state. All operations related to this block completed successfully without any retries or failures."
blk_241585185788373386,"The block blk_241585185788373386 was successfully received with a size of 67,108,864 bytes from a datanode. There were no errors, exceptions, or warnings reported during this operation, indicating that the block was handled normally without any issues. The block is in a healthy state with no indications of under-replication, corruption, or loss."
blk_3808164640986377400,"The block blk_3808164640986377400 was successfully received without any errors or exceptions. The operation completed normally, indicating that the block is healthy and in a consistent state. There were no retries, failures, or unusual patterns observed during this operation."
blk_-6719337521981113643,"The block blk_-6719337521981113643 was successfully received from a datanode with a size of 3,538,321 bytes. There were no errors, exceptions, or warnings reported during this operation, indicating that the block was handled normally without any issues. The block is in a healthy state, and all operations related to its reception completed successfully."
blk_-23492739449820023,"The block blk_-23492739449820023 was successfully added to the block map, indicating that it was stored correctly with a size of 64 MB. There were no errors, exceptions, or warnings reported during this operation, and the block appears to be in a healthy state with no issues related to replication or consistency."
blk_-8969188698416564850,"The block blk_-8969188698416564850 experienced a termination of its PacketResponder, indicating that the communication for this block was interrupted. There are no indications of errors, exceptions, or warnings related to this block, and it appears to have completed its operations normally without any retries or failures. The block remains in a consistent state with no signs of being under-replicated, corrupted, or lost."
blk_-5144548163293169177,"The block blk_-5144548163293169177 experienced a termination of the PacketResponder, indicating that the process responsible for sending data packets related to this block has completed its operation. There are no specific errors, exceptions, or warnings noted in the log lines, suggesting that the operations for this block were routine and completed normally without any issues. The block appears to be in a healthy state with no indications of under-replication, corruption, or loss."
blk_-2895171018912807248,"The block blk_-2895171018912807248 was successfully added to the block map with a size of 64 MB. There were no errors, exceptions, or warnings reported during the operation, indicating that the block was stored normally without any issues. The block is in a healthy state with no indications of under-replication, corruption, or loss."
blk_-5892603381347650390,"The block blk_-5892603381347650390 was successfully received without any errors, exceptions, or warnings. The operation completed normally, indicating that the block is healthy and in a consistent state. There were no retries or failures noted during this operation."
blk_7908524857056299716,"The block with ID blk_7908524857056299716 was successfully allocated without any errors or warnings. The operation completed normally, indicating that the block is healthy and in a consistent state. There were no retries, failures, or unusual patterns observed during this process."
blk_3492869167398569662,"The block with ID blk_3492869167398569662 was marked as invalid and added to the invalid set, indicating that it is no longer usable within the HDFS. There are no indications of errors, exceptions, or warnings related to this block's operations prior to its invalidation. The log does not provide information about retries or failures, nor does it suggest that the block was in an inconsistent state prior to being marked invalid. Overall, the block appears to have been removed from service without any notable operational issues leading up to its invalidation."
blk_-3894803026385053344,"The block with ID blk_-3894803026385053344 was marked as invalid and added to the invalid set. There are no indications of errors, exceptions, or warnings related to this block's operations prior to its invalidation. As a result, the block is likely in an inconsistent state, and further investigation may be required to determine the cause of its invalidation. No operations were retried or failed, and there are no unusual patterns noted in the log lines provided."
blk_-7873581794069372986,"The block with ID blk_-7873581794069372986 was marked as invalid and added to the invalid set, indicating that it is no longer usable. There are no indications of errors, exceptions, or warnings related to this block's operations prior to its invalidation. The block does not appear to have undergone any routine operations or successful completions, and its status suggests it may be lost or corrupted without further context on its previous state."
blk_2060553104861908174,"The block with ID blk_2060553104861908174 was marked as invalid and added to the invalid set, indicating that it is no longer considered usable by the NameNode. There are no indications of errors, exceptions, or warnings related to this block's operations prior to its invalidation. The block did not experience any retries or failures during its lifecycle, but it has ended up in an inconsistent state as it is now invalid. There are no unusual patterns or cascading errors noted in the log lines provided."
blk_-6783506473540833076,"The block with ID blk_-6783506473540833076 was marked as invalid and added to the invalid set, indicating that it is no longer considered a valid block within the HDFS. There are no indications of errors, exceptions, or warnings related to this block's operations, nor are there any retries or failures noted. The block appears to have been removed from the active set without any further details on its previous state or operations, suggesting a potential issue that led to its invalidation."
blk_-8863130543753323383,"The block with ID blk_-8863130543753323383 was marked as invalid and added to the invalid set, indicating that it is no longer usable within the HDFS. There are no indications of errors, exceptions, or warnings related to this block's operations prior to its invalidation. The log does not provide information about retries or failures, suggesting that the block was directly marked invalid without preceding issues. Consequently, the block is now in an inconsistent state and cannot be accessed or replicated further."
blk_-8769398708439834546,"The block with ID blk_-8769398708439834546 was marked as invalid and added to the invalid set, indicating that it is no longer usable. There are no indications of errors, exceptions, or warnings related to this block's operations prior to its invalidation. The log does not show any retries or failures associated with this block, nor does it indicate that the block was ever in a healthy state. As a result, the block is likely in an inconsistent state and is considered lost."
blk_-3316519570098743145,"The block with ID blk_-3316519570098743145 was marked as invalid and added to the invalid set, indicating that it is no longer considered usable within the HDFS. There are no indications of errors, exceptions, or warnings related to this block's operations prior to its invalidation. As a result, the block is likely in an inconsistent state and cannot be accessed or replicated further."
blk_-6068451475575444798,"The block with ID blk_-6068451475575444798 was marked as invalid and added to the invalid set, indicating that it is no longer accessible or usable within the HDFS. There are no indications of errors, exceptions, or warnings related to this block's operations prior to its invalidation, suggesting that it may have been deleted or corrupted without prior notification of issues. The block's status is now inconsistent, as it has been rendered invalid."
blk_-7709713535298137702,"The block with ID blk_-7709713535298137702 was marked as invalid and added to the invalid set, indicating that it is no longer usable. There are no indications of errors, exceptions, or warnings related to this block's operations prior to its invalidation. The log does not mention any retries or failures in operations, suggesting that the block was not in a healthy state and has been rendered unusable without further context on its previous status."
blk_-1030832046197982436,"The block with ID blk_-1030832046197982436 was marked as invalid and added to the invalid set, indicating that it is no longer considered a valid block in the system. There are no indications of errors, exceptions, or warnings related to this block's operations, nor are there any retries or failures mentioned. The block appears to have been removed from the active dataset, but the log does not provide details on whether it was previously corrupted or lost. Overall, the block is now in an inconsistent state as it has been invalidated."
blk_4738781172941319823,"The block with ID blk_4738781172941319823 was marked as invalid and added to the invalid set, indicating that it is no longer considered a valid block within the HDFS. There are no indications of errors, exceptions, or warnings related to this block's operations prior to its invalidation. As a result, the block is likely in an inconsistent state, and its data is no longer accessible or usable. No retries or additional operations were noted in the log lines provided."
blk_2869833078504290822,"The block with ID blk_2869833078504290822 was marked as invalid and added to the invalid set, indicating that it is no longer accessible or usable within the HDFS. There are no indications of errors, exceptions, or warnings related to this block's operations prior to its invalidation. The log does not provide information about retries or failures, suggesting that the block's status change was a direct action rather than a result of cascading issues. Consequently, the block is now in an inconsistent state and is considered lost."
blk_-6261136177206340449,"The block with ID blk_-6261136177206340449 was marked as invalid and added to the invalid set. There are no indications of errors, exceptions, or warnings related to this block's operations, and it appears to have been removed from the active block list without any reported failures or retries. The block is now in an inconsistent state as it has been deemed invalid."
blk_-1755309160709170318,"The block with ID blk_-1755309160709170318 was marked as invalid and added to the invalid set, indicating that it is no longer considered a valid block within the HDFS. There are no indications of errors, exceptions, or warnings related to this block's operations, nor are there any retries or failures noted. The block's status suggests it may be lost or corrupted, but further details on the cause of invalidation are not provided in the log lines."
blk_-8312238797251504127,"The block with ID blk_-8312238797251504127 was marked as invalid and added to the invalid set, indicating that it is no longer considered a valid block within the system. There are no indications of errors, exceptions, or warnings related to this block's operations, nor are there any retries or failures noted. The block appears to have been removed from active use without any reported issues during its lifecycle, resulting in no inconsistent state, under-replication, or corruption."
blk_2713941272199175167,"The block with ID blk_2713941272199175167 was marked as invalid and added to the invalid set, indicating that it is no longer usable. There are no indications of errors, exceptions, or warnings related to this block's operations prior to its invalidation. The log does not show any retries or failures associated with this block, nor does it indicate that the block is in an inconsistent state such as being under-replicated, corrupted, or lost. Overall, the block appears to have been invalidated without any prior operational issues noted in the logs."
blk_-7846283874350947646,"The block with ID blk_-7846283874350947646 was marked as invalid and added to the invalid set, indicating that it is no longer usable. There are no indications of errors, exceptions, or warnings related to this block's operations prior to its invalidation. The log does not show any retries or failures associated with this block, nor does it indicate that the block was ever in a healthy state before being marked invalid. As a result, the block is now considered lost and is not in a consistent state."
blk_-793506372912437289,"The block with ID blk_-793506372912437289 was marked as invalid and added to the invalid set, indicating that it is no longer usable within the HDFS. There are no indications of errors, exceptions, or warnings related to this block's operations prior to its invalidation. The log does not mention any retries or failures associated with this block, nor does it indicate that the block was in an inconsistent state prior to being marked invalid. Overall, the block appears to have been removed from service without any detailed operational issues noted in the logs."
blk_-5293091556505218722,"The block with ID blk_-5293091556505218722 was marked as invalid and added to the invalid set, indicating that it is no longer usable. There are no indications of errors, exceptions, or warnings related to this block's operations prior to its invalidation. The log does not provide details on any retries or failures, suggesting that the block's status change was a direct action rather than a result of cascading errors or operational issues. The block is now in an inconsistent state, as it has been deemed invalid."
blk_4516306414837452219,"The block blk_4516306414837452219 was marked as invalid and added to the invalid set, indicating that it is no longer considered a valid block in the system. There are no indications of errors, exceptions, or warnings related to this block's operations prior to its invalidation. As a result, the block is likely in an inconsistent state and may need to be addressed for potential data loss or recovery."
blk_-8792837405349224102,"The block blk_-8792837405349224102 was deleted without any indication of errors or warnings. There were no retries or failures reported during this operation, and the block did not end up in an inconsistent state. The deletion appears to have been a routine operation."
blk_-8131422413299851907,"The block blk_-8131422413299851907 was deleted without any indication of errors or issues. There are no records of operations failing, retries, or warnings associated with this block. The block appears to have been removed successfully, indicating a routine operation without any unusual behavior or inconsistencies."
blk_-2268477281422551537,"The block blk_-2268477281422551537 experienced a termination of its PacketResponder, indicating that there may have been issues with data transmission or acknowledgment from the datanodes. However, there are no specific errors, exceptions, or warnings indicating that the block is in an inconsistent state or that any operations failed. The log does not provide evidence of retries or failures, suggesting that the block may still be healthy despite the termination of the PacketResponder. Further monitoring may be needed to ensure that no underlying issues arise."
blk_-6177194341369822651,"The block blk_-6177194341369822651 was deleted without any indication of errors or issues. There were no retries, failures, or warnings logged during this operation. The block appears to have been removed successfully, suggesting it was in a healthy state prior to deletion."
blk_1369784431092292099,"The block blk_1369784431092292099 was deleted without any indication of errors or warnings. There were no retries or failures reported during this operation, and the block did not end up in an inconsistent state. The deletion appears to have been a routine operation, with no unusual patterns or issues noted."
blk_-8060252929692927663,"The block blk_-8060252929692927663 was deleted without any indication of errors or issues. There were no retries, failures, or warnings logged during this operation, suggesting that the deletion process was routine and completed successfully. The block did not end up in an inconsistent state, as there were no indications of under-replication, corruption, or loss."
blk_-5344266425789048231,"The block blk_-5344266425789048231 was deleted without any indication of errors or issues. There were no exceptions, warnings, or retries noted in the log lines. The operation completed normally, and the block is no longer present in the system. There are no indications of the block being in an inconsistent state prior to deletion."
blk_-2518425063392446785,"The block blk_-2518425063392446785 was deleted without any indication of errors or warnings in the log lines. There were no retries or failures noted, and the block did not end up in an inconsistent state. The operation completed normally, resulting in the successful deletion of the block."
blk_-5598693099021996971,"The block blk_-5598693099021996971 was deleted without any indication of errors or issues. There were no retries or failures reported during this operation, and the block did not end up in an inconsistent state. The deletion appears to have been a routine operation, completing normally."
blk_901963876338651405,"The block blk_901963876338651405 was deleted without any indication of errors or issues. There were no retries, failures, or warnings logged during this operation. The block appears to have been removed successfully, indicating that it was in a healthy state prior to deletion."
blk_-2722768686407017386,"The block with ID blk_-2722768686407017386 was deleted successfully. There are no indications of errors, exceptions, or warnings associated with this operation. The block did not experience any retries or failures, and it ended in a consistent state as it was removed without issues. No unusual patterns or behaviors were noted during this process."
blk_92946806844541836,"The block blk_92946806844541836 was deleted without any indication of errors or issues. There were no retries or failures reported during this operation, and the block did not end up in an inconsistent state. The deletion process completed normally, suggesting that the block was healthy prior to its removal."
blk_1824928871191121429,"The block blk_1824928871191121429 was deleted successfully from the HDFS. There are no indications of errors, exceptions, or warnings associated with this operation, and the block did not end up in an inconsistent state. The deletion appears to have been routine with no retries or failures noted."
blk_-4301178988618507084,"The block blk_-4301178988618507084 was deleted without any indication of errors or issues. There are no recorded exceptions, warnings, or failures associated with this operation, suggesting that the deletion was routine and completed successfully. The block did not end up in an inconsistent state, as there are no indications of under-replication, corruption, or loss."
blk_-2098161025946048013,"The block blk_-2098161025946048013 was deleted without any indication of errors or issues in the log lines. There are no recorded exceptions, warnings, or failures associated with this operation. The block appears to have been removed successfully, and there are no signs of it being in an inconsistent state prior to deletion."
blk_-1451819169209310732,"The block blk_-1451819169209310732 was deleted successfully. There are no indications of errors, exceptions, or warnings related to this operation, and the block did not end up in an inconsistent state. The deletion appears to have been routine with no retries or failures reported."
blk_2403370969415186087,"The block blk_2403370969415186087 was deleted without any indication of errors or issues. There were no retries or failures noted in the log lines, and the block did not end up in an inconsistent state. The operation was completed normally, indicating that the block was successfully removed from the filesystem."
blk_5701964561533648583,"The block blk_5701964561533648583 was deleted successfully without any reported errors or exceptions. There were no indications of failures, retries, or unusual behavior associated with this operation. The block did not end up in an inconsistent state, and there were no issues with replication or data integrity noted in the log lines."
blk_4007982883396598426,"The block blk_4007982883396598426 was deleted successfully without any reported errors or exceptions. There were no indications of failures, retries, or unusual behavior associated with this operation. The block is no longer present in the system, and its deletion appears to have been routine."
blk_-3724350946705225881,"The block with ID blk_-3724350946705225881 was successfully added to the block map, indicating that it was stored correctly without any errors or warnings. The operation completed normally, and the block size is 67,108,864 bytes. There were no indications of retries, failures, or any inconsistent states associated with this block."
blk_6051144263842600010,"The block blk_6051144263842600010 was deleted without any indication of errors or issues. There are no records of operations failing or being retried, and the block does not appear to have ended up in an inconsistent state. The deletion process was completed normally."
blk_8436095180790908547,"The block blk_8436095180790908547 was deleted successfully without any reported errors or exceptions. There were no indications of failures, retries, or inconsistencies associated with this block. The operation appears to have completed normally."
blk_5100975846124291571,"The block blk_5100975846124291571 was deleted successfully without any errors or warnings reported. There were no indications of failures, retries, or inconsistencies related to this block. The operation completed normally, resulting in the block being removed from the filesystem."
blk_-4941547144875557718,"The block blk_-4941547144875557718 was deleted without any indication of errors or issues. There are no records of retries, failures, or warnings associated with this operation. The block appears to have been removed successfully, and there are no signs of it being in an inconsistent state prior to deletion."
blk_6791628131402590260,"The block blk_6791628131402590260 experienced a termination of its PacketResponder, indicating that the block was likely involved in a data transfer operation that was completed or interrupted. There are no specific errors, exceptions, or warnings noted in the log lines, suggesting that the operations related to this block were routine and completed normally without any failures or inconsistencies. The block appears to be in a healthy state with no indications of under-replication, corruption, or loss."
blk_-6308508598639278892,"The block with ID blk_-6308508598639278892 was successfully added to the block map, indicating that it was stored correctly without any errors or exceptions. The operation completed normally, and the block size is reported as 67,108,864 bytes. There are no indications of errors, warnings, or unusual behavior associated with this block."
blk_6585429064641693815,"The block blk_6585429064641693815 was successfully received without any errors or warnings. The operation completed normally, indicating that the block is healthy and in a consistent state. There were no retries, failures, or unusual patterns observed during this operation."
blk_6000837850922531821,"The block blk_6000837850922531821 was successfully received with a size of 67,108,864 bytes. There were no errors, exceptions, or warnings noted in the log lines, indicating that the operations completed normally without any issues. The block is in a healthy state with no inconsistencies or unusual patterns observed."
blk_7330803663603700184,"The block blk_7330803663603700184 was successfully received with a size of 67,108,864 bytes. There were no errors, exceptions, or warnings reported during this operation, indicating that the block was processed normally without any issues. The block is in a healthy state with no inconsistencies or failures noted."
blk_-5613694521084380933,"The block with ID blk_-5613694521084380933 was successfully allocated by the NameNode for the specified file path. There were no errors, exceptions, or warnings reported during the allocation process, indicating that the block was handled normally without any issues. The block is in a healthy state and ready for further operations."
blk_-4967783186426171722,"The block blk_-4967783186426171722 was successfully received without any reported errors or exceptions. The operation completed normally, indicating that the block is healthy and in a consistent state. There were no retries, failures, or unusual patterns observed during this operation."
blk_-1970947032352756307,"The block blk_-1970947032352756307 was successfully added to the block map with a size of 64 MB. There were no errors, exceptions, or warnings reported during this operation, indicating that the block is healthy and all operations completed normally."
blk_5894088883762961800,"The block with ID blk_5894088883762961800 was successfully allocated without any errors or warnings. The operation completed normally, indicating that the block is healthy and in a consistent state. There were no retries, failures, or unusual patterns observed during this operation."
blk_-4861262918414696307,"The block blk_-4861262918414696307 was successfully received without any errors or exceptions noted in the log lines. The operation was routine, indicating that the block was transferred from the source to the destination without issues. There were no retries, failures, or warnings, and the block remains in a healthy state."
blk_2583600095045026513,"The block blk_2583600095045026513 was successfully received without any reported errors or exceptions. The operation completed normally, indicating that the block is healthy and in a consistent state. There were no retries, failures, or unusual patterns noted during this operation."
blk_7872746846750105239,"The block blk_7872746846750105239 was successfully received with a size of 67,108,864 bytes. There were no errors, exceptions, or warnings reported during the operation, indicating that the block was handled normally without any issues. The block is in a healthy state, and all operations related to its reception completed successfully."
blk_-3510473878877779134,"The block blk_-3510473878877779134 was successfully added to the block map with a size of 64 MB. There were no errors, exceptions, or warnings reported during the operation, indicating that the block is healthy and in a consistent state. All operations completed normally without any retries or failures."
blk_5202581916713319258,"The block with ID blk_5202581916713319258 was involved in a deletion request along with several other blocks. There are no indications of errors, exceptions, or warnings in the log lines, suggesting that the deletion operation was routine and completed normally. The block does not appear to be in an inconsistent state, as there are no reported issues such as under-replication or corruption. Overall, the operations related to this block were executed without any notable problems."
blk_-2808875502459981198,"The block blk_-2808875502459981198 was deleted without any indication of errors or issues. There were no retries or failures reported during this operation, and the block did not end up in an inconsistent state. The deletion appears to have been a routine operation."
blk_34905976850091068,"The block blk_34905976850091068 experienced a termination of the PacketResponder without any indication of errors, exceptions, or warnings. There were no retries or failures reported, and the block appears to be in a healthy state with all operations completing normally. No unusual patterns or inconsistencies were noted for this block."
blk_4774383661473695119,"The block blk_4774383661473695119 was successfully received with a size of 67,108,864 bytes. There were no errors, exceptions, or warnings reported during the operation, indicating that the block was processed normally and is in a healthy state."
blk_465845235850106928,"The block blk_465845235850106928 was successfully received without any errors or exceptions. The operation completed normally, indicating that the block is healthy and in a consistent state. No retries or failures were recorded during this operation."
blk_8882415653769775762,"The log indicates that the PacketResponder for block blk_8882415653769775762 terminated without any errors or exceptions. There are no indications of retries, failures, or unusual behavior associated with this block. The block appears to be in a healthy state, with all operations completing normally."
blk_4207359722112667226,"The block blk_4207359722112667226 experienced a termination of its PacketResponder, indicating that the block's data transfer process was completed without any reported errors or exceptions. There were no indications of retries, failures, or inconsistencies, suggesting that the block is in a healthy state with normal operations concluded successfully."
blk_-3152434225121092058,"The block with ID blk_-3152434225121092058 was successfully allocated without any errors or warnings. The operation completed normally, indicating that the block is healthy and in a consistent state. There were no retries, failures, or unusual patterns noted during this process."
blk_4820650745157199554,"The block blk_4820650745157199554 was successfully received without any errors or warnings. The operation was completed normally, indicating that the block is healthy and in a consistent state. There were no retries or failures noted during this operation."
blk_-6390296685077811803,"The block blk_-6390296685077811803 was successfully added to the blockMap with a size of 3,546,314 bytes. There were no errors, exceptions, or warnings reported during this operation, indicating that the block is healthy and all operations completed normally."
blk_9173199815015538212,"The block blk_9173199815015538212 was deleted successfully without any reported errors, exceptions, or warnings. There were no indications of retries or failures during this operation, and the block did not end up in an inconsistent state. The deletion process completed normally."
blk_-8948316319329891645,"The block with ID blk_-8948316319329891645 was successfully allocated without any errors or warnings. The operation completed normally, indicating that the block is healthy and in a consistent state. There were no retries, failures, or unusual patterns observed during this operation."
blk_-6314365697827006048,"The block with ID blk_-6314365697827006048 was successfully added to the block map, indicating that it was stored correctly with a size of 67,108,864 bytes. There were no errors, exceptions, or warnings reported during this operation, and the block appears to be in a healthy state with no issues related to replication or consistency."
blk_-3522956055443924791,"The block with ID blk_-3522956055443924791 was successfully allocated without any errors or exceptions. The operation completed normally, indicating that the block is healthy and in a consistent state. There were no retries, failures, or unusual patterns noted during this operation."
blk_5454423648092670683,"The block blk_5454423648092670683 experienced a termination of its PacketResponder, indicating that the data transfer process was completed without any reported errors or issues. There were no indications of failures, retries, or inconsistencies, suggesting that the block is in a healthy state with all operations having been successfully executed."
blk_4565822428702518889,"The block blk_4565822428702518889 experienced a termination of its PacketResponder, indicating that the data transfer process for this block was completed. There were no errors, exceptions, or warnings reported, and the block appears to have undergone routine operations without any issues. The block is in a healthy state, with no indications of under-replication, corruption, or loss."
blk_-409558225151784282,"The block blk_-409558225151784282 was successfully added to the block map with a size of 67,108,864 bytes. There were no errors, exceptions, or warnings reported during this operation, indicating that the block was handled normally and is in a healthy state."
blk_-3967261531426400230,"The log indicates that the PacketResponder for block blk_-3967261531426400230 has terminated, but there are no specific errors, exceptions, or warnings reported. There are no indications of retries, failures, or any unusual patterns. The block appears to be in a healthy state with routine operations completing normally."
blk_-4655280636272058732,"The block blk_-4655280636272058732 was successfully received without any errors or exceptions. The operation completed normally, indicating that the block is healthy and in a consistent state. There were no retries, failures, or unusual patterns noted during this operation."
blk_-5799866343936729403,"The block blk_-5799866343936729403 experienced a termination of its PacketResponder 2, indicating that there may have been issues with the data transfer or communication related to this block. However, there are no specific errors, exceptions, or warnings indicating failures or inconsistencies in the block's state. The log does not provide evidence of retries, failures, or any unusual patterns, suggesting that the block may have completed its operations without significant issues. Overall, the block appears to be in a healthy state following the termination of the PacketResponder."
blk_4214952053910973364,"The block with ID blk_4214952053910973364 was successfully allocated without any errors or warnings. The operation completed normally, indicating that the block is healthy and in a consistent state. There were no retries, failures, or unusual patterns observed during this operation."
blk_-6135061626100136978,"The block blk_-6135061626100136978 was successfully received without any errors or exceptions. The operation completed normally, indicating that the block is healthy and in a consistent state. There were no retries, failures, or unusual patterns noted during this operation."
blk_-5057534532247887258,"The block blk_-5057534532247887258 was successfully received without any reported errors or exceptions. The operation completed normally, indicating that the block is healthy and in a consistent state. There were no retries, failures, or unusual patterns observed during this operation."
blk_9103049989653819836,"The block blk_9103049989653819836 was successfully received with a size of 67,108,864 bytes. There were no errors, exceptions, or warnings reported during the operation, and the block completed normally without any issues. It is in a healthy state with no indications of under-replication, corruption, or loss."
blk_-4365612131648152536,"The block blk_-4365612131648152536 was successfully received without any errors or exceptions. The operation completed normally, indicating that the block is healthy and in a consistent state. There were no retries, failures, or unusual patterns observed during this operation."
blk_3598226258881465924,"The block blk_3598226258881465924 was received successfully without any errors or exceptions. The operation completed normally, indicating that the block is healthy and in a consistent state. There were no retries, failures, or unusual patterns observed during this operation."
blk_3378157549705391333,"The block blk_3378157549705391333 experienced a termination of its PacketResponder without any indication of errors, exceptions, or warnings. There were no retries or failures noted in the log lines. The block appears to be in a healthy state, with no signs of being under-replicated, corrupted, or lost. All operations related to this block completed normally."
blk_-8347949825960763812,"The block blk_-8347949825960763812 underwent a verification process that completed successfully, indicating that the block is healthy and consistent with no errors or warnings reported. There were no retries or failures associated with this block, and it remains in a stable state without any issues such as under-replication or corruption."
blk_-2934265883100282310,"The block blk_-2934265883100282310 was successfully received with a size of 67,108,864 bytes. There were no errors, exceptions, or warnings reported during the operation, indicating that the block was handled normally without any issues. The block is in a healthy state with no inconsistencies or failures noted."
blk_1259893634804870815,"The block blk_1259893634804870815 experienced a termination of its PacketResponder, indicating that the data transfer process for this block was completed without any reported errors or exceptions. There were no retries, failures, or warnings logged, suggesting that the block remained in a healthy state throughout its operations. All necessary operations were successfully executed, and the block is consistent and fully replicated."
blk_412956398445037066,"The block blk_412956398445037066 experienced a termination of its PacketResponder, indicating that the communication for this block was completed without any reported errors or issues. There were no indications of retries, failures, or inconsistencies, suggesting that the block is in a healthy state with all operations having completed normally."
blk_-9167880724995702718,"The block blk_-9167880724995702718 was successfully received with a size of 67,108,864 bytes. There were no errors, exceptions, or warnings reported during the operation, indicating that the block was processed normally without any issues. The block is in a healthy state with no inconsistencies or unusual patterns noted."
blk_-7764040409370932316,"The block blk_-7764040409370932316 was received successfully without any reported errors or exceptions. The operation completed normally, indicating that the block is healthy and in a consistent state. There were no retries, failures, or unusual patterns noted during this operation."
blk_931297048899943584,"The block blk_931297048899943584 was successfully received without any errors or exceptions. The operation was completed normally, indicating that the block is healthy and in a consistent state. There were no retries, failures, or unusual patterns observed during this operation."
blk_2833019093942278701,"The log indicates that the PacketResponder for block blk_2833019093942278701 has terminated, but there are no specific errors, exceptions, or warnings reported. There is no indication of retries, failures, or any unusual behavior associated with this block. Therefore, it appears that the operations related to this block completed normally without any issues, and the block remains in a healthy state."
blk_-5785220384376578831,"The block blk_-5785220384376578831 was successfully received with a size of 67,108,864 bytes. There were no errors, exceptions, or warnings reported during this operation, indicating that the block was processed normally and is in a healthy state."
blk_3386670145292909259,"The block blk_3386670145292909259 was successfully received from a datanode, indicating that the block transfer operation completed normally without any errors, exceptions, or warnings. The block is healthy and in a consistent state."
blk_1859772752119590543,"The block blk_1859772752119590543 was successfully received without any errors or exceptions. The operation completed normally, indicating that the block is healthy and in a consistent state. There were no retries, failures, or unusual patterns observed during this operation."
blk_2630223487595425525,"The block blk_2630223487595425525 was successfully allocated without any errors or warnings. The operation completed normally, indicating that the block is healthy and in a consistent state. There were no retries, failures, or unusual patterns observed during this operation."
blk_-5385105076403314787,"The block blk_-5385105076403314787 was successfully received with a size of 67,108,864 bytes. There were no errors, exceptions, or warnings reported during the operation, indicating that the block was processed normally without any issues. The block is in a healthy state with no signs of inconsistency, corruption, or loss."
blk_-5343533992609553091,"The block with ID blk_-5343533992609553091 was successfully allocated without any errors or warnings. The operation completed normally, indicating that the block is healthy and in a consistent state. No retries or failures were recorded during this process."
blk_-4390972361898978900,"The block with ID blk_-4390972361898978900 was successfully allocated without any errors or exceptions. The operation completed normally, indicating that the block is healthy and in a consistent state. There were no retries, failures, or unusual patterns observed during this operation."
blk_1190791818440776717,"The block blk_1190791818440776717 was successfully received with a size of 67,108,864 bytes. There were no errors, exceptions, or warnings reported during the operation, indicating that the block was processed normally and is in a healthy state."
blk_-7202857144668308473,"The block blk_-7202857144668308473 was successfully received with a size of 67,108,864 bytes. There were no errors, exceptions, or warnings reported during this operation, indicating that the block was handled normally and is in a healthy state. All operations related to this block completed successfully without any retries or failures."
blk_5565611615515783341,"The block blk_5565611615515783341 was successfully received without any errors or exceptions. The operation completed normally, indicating that the block is healthy and in a consistent state. No retries, failures, or unusual patterns were noted during this operation."
blk_-3283153974358895314,"The block blk_-3283153974358895314 was successfully received with a size of 67,108,864 bytes. There were no errors, exceptions, or warnings reported during the operation, indicating that the block was handled normally and completed without any issues. The block is in a healthy state with no indication of under-replication, corruption, or loss."
blk_-1484647023667047838,"The log indicates that the PacketResponder for block blk_-1484647023667047838 has terminated, but there are no specific errors, exceptions, or warnings noted. There are no indications of retries, failures, or any unusual behavior associated with this block. The block appears to be in a healthy state with routine operations completing normally."
blk_7474737521119026445,"The block blk_7474737521119026445 was successfully added to the block map with a size of 67,108,864 bytes. There were no errors, exceptions, or warnings reported during this operation, indicating that the block was handled normally and is in a healthy state."
blk_-8571819028995448536,"The block blk_-8571819028995448536 was successfully received without any errors or exceptions. The operation was routine, with no indications of retries, failures, or inconsistencies. The block appears to be in a healthy state following the completion of the receiving operation."
blk_-8428590803682810851,"The block blk_-8428590803682810851 was successfully added to the blockMap with a size of 67,108,864 bytes. There were no errors, exceptions, or warnings reported during the operation, indicating that the block is healthy and all operations completed normally without any issues."
blk_8716294289715825928,"The block with ID blk_8716294289715825928 was successfully allocated without any errors or warnings. The operation completed normally, indicating that the block is healthy and in a consistent state. There were no retries, failures, or unusual patterns observed during this operation."
blk_8527475857502481768,"The block blk_8527475857502481768 was successfully added to the block map with a size of 64 MB. There were no errors, exceptions, or warnings reported during this operation, indicating that the block was handled normally and is in a healthy state. All operations completed successfully without any retries or failures."
blk_406835586147450451,"The block blk_406835586147450451 experienced a termination of the PacketResponder, which indicates that there may have been issues with data transmission or acknowledgment. However, there are no specific errors, exceptions, or warnings indicating that the block is in an inconsistent state, under-replicated, or corrupted. The log does not provide information on retries or failures, suggesting that the operations related to this block may have completed without significant issues. Overall, the block appears to be in a healthy state despite the termination of the PacketResponder."
blk_7294821275446427348,"The block blk_7294821275446427348 was successfully received with a size of 67,108,864 bytes. There were no errors, exceptions, or warnings reported during the operation, indicating that the block was handled normally without any issues. The block is in a healthy state with no indications of under-replication, corruption, or loss."
blk_1793140687921032046,"The block blk_1793140687921032046 was successfully added to the block map with a size of 67,108,864 bytes. There were no errors, exceptions, or warnings reported during this operation, indicating that the block is healthy and all operations completed normally."
blk_4361294871479973840,"The block blk_4361294871479973840 was successfully added to the block map with a size of 67,108,864 bytes. There were no errors, exceptions, or warnings reported during the operation, indicating that the block is healthy and all operations completed normally without any retries or failures. The block is in a consistent state with no issues related to replication or corruption."
blk_-6945615463687647586,"The block with ID blk_-6945615463687647586 was successfully added to the block map, indicating that it was stored correctly without any errors or exceptions. The operation completed normally, and the block is healthy with a size of 67,108,864 bytes. There were no indications of retries, failures, or inconsistent states associated with this block."
blk_1216611589160220108,"The log indicates that the PacketResponder for block blk_1216611589160220108 has terminated, but there are no specific errors, exceptions, or warnings reported. There are no indications of retries, failures, or any unusual behavior associated with this block. The block appears to be in a healthy state with routine operations completing normally."
blk_-3265479347842446682,"The block blk_-3265479347842446682 was successfully received with no errors or exceptions reported. The operation completed normally, indicating that the block is healthy and in a consistent state. There were no retries, failures, or unusual patterns observed during this operation."
blk_8527562124953828227,"The block blk_8527562124953828227 was successfully added to the block map with a size of 67,108,864 bytes. There were no errors, exceptions, or warnings reported during this operation, indicating that the block was handled normally and is in a healthy state."
blk_2749066163012162435,"The block blk_2749066163012162435 was successfully added to the blockMap with a size of 67,108,864 bytes. There were no errors, exceptions, or warnings reported during the operation, indicating that the block was handled normally and is in a healthy state."
blk_-1305222006484630743,"The block blk_-1305222006484630743 was successfully added to the block map with a size of 67,108,864 bytes. There were no errors, exceptions, or warnings reported during this operation, indicating that the block was handled normally and is in a healthy state."
blk_-3702595599317472079,"The block blk_-3702595599317472079 was successfully received with a size of 67,108,864 bytes. There were no errors, exceptions, or warnings reported during the operation, indicating that the block was processed normally without any issues. The block is in a healthy state with no indications of under-replication, corruption, or loss."
blk_6446927133528675675,"The block blk_6446927133528675675 was successfully received with a size of 67,108,864 bytes. There were no errors, exceptions, or warnings reported during the operation, indicating that the block was processed normally and is in a healthy state. All operations related to this block completed without any issues."
blk_2015610615789582788,"The block blk_2015610615789582788 was successfully added to the block map with a size of 67,108,864 bytes. There were no errors, exceptions, or warnings reported during the operation, indicating that the block was handled normally and is in a healthy state. No retries or failures occurred, and the block is fully replicated without any inconsistencies."
blk_-2959268996938658555,"The block blk_-2959268996938658555 was successfully added to the block map with a size of 15,715,490 bytes. There are no errors, exceptions, or warnings noted in the log lines, indicating that the operations completed normally without any issues. The block appears to be healthy and in a consistent state."
blk_-1082541280306680938,"The block blk_-1082541280306680938 was deleted without any indication of errors or issues. There were no retries, failures, or warnings logged during this operation. The block appears to have been removed successfully, and there are no signs of it being in an inconsistent state prior to deletion."
blk_-191333338640084691,"The block blk_-191333338640084691 experienced a termination of its PacketResponder, indicating that the data transfer process for this block was completed. There are no errors, exceptions, or warnings reported, and no operations were retried or failed. The block appears to be in a healthy state with all operations completing normally."
blk_3972778210951456006,"The block blk_3972778210951456006 was received successfully without any reported errors or exceptions. The operation completed normally, indicating that the block is healthy and in a consistent state. There were no retries, failures, or unusual patterns noted during this operation."
blk_1408672604432845193,"The block blk_1408672604432845193 experienced a termination of the PacketResponder without any indication of errors, exceptions, or warnings. There were no retries or failures reported, and the block appears to be in a healthy state with no signs of being under-replicated, corrupted, or lost. All operations related to this block completed normally."
blk_7679838117000095334,"The block blk_7679838117000095334 was successfully received with a size of 67,108,864 bytes. There were no errors, exceptions, or warnings reported during the operation, indicating that the block was handled normally without any issues. The block is in a healthy state with no indications of under-replication, corruption, or loss."
blk_2593937801738981947,"The block blk_2593937801738981947 was successfully added to the block map with a size of 67,108,864 bytes. There were no errors, exceptions, or warnings reported during this operation, indicating that the block is healthy and all operations completed normally."
blk_5489815612272797790,"The block with ID blk_5489815612272797790 was successfully added to the block map, indicating that it has been stored correctly with a size of 67,108,864 bytes. There are no errors, exceptions, or warnings reported in the log lines, and the block appears to be in a healthy state with no indications of replication issues or inconsistencies. All operations related to this block completed normally."
blk_6451403582950672007,"The block blk_6451403582950672007 was successfully added to the block map with a size of 67,108,864 bytes. There were no errors, exceptions, or warnings reported during this operation, indicating that the block was handled normally and is in a healthy state. All operations related to this block completed successfully without any retries or failures."
blk_-7048088870427586736,"The block blk_-7048088870427586736 was received successfully without any errors or warnings. The operation completed normally, indicating that the block is healthy and in a consistent state. No retries, failures, or unusual patterns were observed during this operation."
blk_7589872946955471867,"The block blk_7589872946955471867 was successfully received with a size of 67,108,864 bytes. There were no errors, exceptions, or warnings reported during the operation, indicating that the block was processed normally without any issues. The block is healthy and in a consistent state."
blk_-178934379749864379,"The block blk_-178934379749864379 was successfully received without any errors or exceptions. The operation completed normally, indicating that the block is healthy and in a consistent state. There were no retries, failures, or unusual patterns noted during this operation."
blk_2026200052147887341,"The block blk_2026200052147887341 experienced a termination of its PacketResponder, indicating that the process responsible for managing data packet responses for this block has stopped. There are no indications of errors, exceptions, or warnings related to this block, and no operations were reported as failed or retried. The block appears to be in a healthy state with no signs of being under-replicated, corrupted, or lost. All operations related to this block completed normally."
blk_8303284829424905326,"The block blk_8303284829424905326 was successfully received without any errors or exceptions. The operation completed normally, indicating that the block is healthy and in a consistent state. There were no retries, failures, or unusual patterns noted during this operation."
blk_5646792755154529338,"The block blk_5646792755154529338 was successfully added to the block map with a size of 67,108,864 bytes. There were no errors, exceptions, or warnings reported during the operation, indicating that the block was handled normally and is in a healthy state."
blk_712730845180531820,"The block blk_712730845180531820 experienced a termination of the PacketResponder without any indication of errors or exceptions. There were no retries or failures reported, and the block appears to have completed its operations normally without entering an inconsistent state. No unusual patterns or issues were noted in the log lines."
blk_8418106412701718933,"The block blk_8418106412701718933 experienced a termination of its PacketResponder, indicating that the block's data transfer operations were completed without any errors or issues. There were no reported exceptions, warnings, or failures associated with this block, and it appears to be in a healthy state with all operations concluding normally."
blk_-6325232815283133921,"The block blk_-6325232815283133921 was successfully added to the block map with a size of 67,108,864 bytes. There were no errors, exceptions, or warnings reported during this operation, indicating that the block is healthy and all operations completed normally."
blk_-800664075087524591,"The block blk_-800664075087524591 experienced a termination of its PacketResponder, indicating that the communication process responsible for sending data packets to the datanodes has concluded. There are no indications of errors, exceptions, or warnings in the log lines provided, suggesting that the block operations were completed normally without any issues. The block appears to be in a healthy state with no signs of inconsistency or failure."
blk_6516880861186877710,"The block blk_6516880861186877710 was successfully received with a size of 67,108,864 bytes. There were no errors, exceptions, or warnings reported during the operation, indicating that the block was processed normally and is in a healthy state. All operations related to this block completed successfully without any retries or failures."
blk_-3228470001178394592,"The block blk_-3228470001178394592 experienced a termination of the PacketResponder, indicating that the block was likely not fully processed or acknowledged by the data nodes. There are no specific errors, exceptions, or warnings indicating failures or issues with replication, but the termination of the PacketResponder suggests that the block may not have completed its intended operations successfully. The block's final state is unclear, but the termination raises concerns about potential inconsistencies or incomplete processing."
blk_-8426741581316629266,"The block with ID blk_-8426741581316629266 was successfully allocated without any errors or warnings. The operation completed normally, indicating that the block is healthy and in a consistent state. There were no retries, failures, or unusual patterns observed during this operation."
blk_-762982068597249045,"The block blk_-762982068597249045 was successfully added to the block map with a size of 67,108,864 bytes. There were no errors, exceptions, or warnings reported during this operation, indicating that the block is healthy and all operations completed normally."
blk_-5224756755359850354,"The block blk_-5224756755359850354 was successfully received without any errors or exceptions. The operation completed normally, indicating that the block is healthy and in a consistent state. There were no retries, failures, or unusual patterns noted during this operation."
blk_-1440254020029439248,"The block blk_-1440254020029439248 was successfully received with a size of 67,108,864 bytes. There were no errors, exceptions, or warnings reported during the operation, indicating that the block was handled normally without any issues. The block is in a healthy state with no indications of under-replication, corruption, or loss."
blk_1441315972355360459,"The block blk_1441315972355360459 was successfully added to the block map with a size of 67,108,864 bytes. There were no errors, exceptions, or warnings reported during this operation, indicating that the block was handled normally and is in a healthy state. No retries or failures occurred, and the block is not under-replicated, corrupted, or lost."
blk_-9001895211102825241,"The block blk_-9001895211102825241 experienced a termination of its PacketResponder, indicating that there may have been issues with the communication or data transfer related to this block. However, there are no specific errors, exceptions, or warnings indicating failures or inconsistencies with the block itself. The log does not suggest any retries or failures, nor does it indicate that the block ended up in an inconsistent state. Overall, the block appears to be healthy, but the termination of the PacketResponder may warrant further monitoring to ensure no underlying issues arise."
blk_-2025617675484194470,"The block blk_-2025617675484194470 experienced a termination of its PacketResponder, which typically indicates that the block was not fully processed or acknowledged by the datanodes. There are no specific errors, exceptions, or warnings indicating failures or inconsistencies with this block, but the termination of the PacketResponder suggests that the block may not have completed its intended operations successfully. Further investigation would be needed to determine the final state of the block, as the log does not provide conclusive evidence of its health or integrity."
blk_-1592043549272047369,"The block blk_-1592043549272047369 was successfully received with a size of 67,108,864 bytes from a datanode. No errors, exceptions, or warnings were reported during the operation, indicating that the block was handled normally and is in a healthy state. All operations related to this block completed successfully without any retries or failures."
blk_2583125615128303019,"The block blk_2583125615128303019 was successfully received without any errors or warnings. The operation completed normally, indicating that the block is healthy and in a consistent state. There were no retries, failures, or unusual patterns noted during the operation."
blk_4198733391373026104,"The block blk_4198733391373026104 was successfully received without any errors or exceptions. The operation completed normally, indicating that the block is healthy and in a consistent state. There were no retries, failures, or unusual patterns noted during this operation."
blk_-5815145248455404269,"The block blk_-5815145248455404269 was successfully received with a size of 67,108,864 bytes. There were no errors, exceptions, or warnings reported during the operation, indicating that the block was handled normally without any issues. The block is in a healthy state with no indications of being under-replicated, corrupted, or lost."
blk_-295306975763175640,"The block blk_-295306975763175640 was received successfully with no errors or warnings reported. The operation was completed normally, indicating that the block is healthy and in a consistent state. There were no retries, failures, or unusual patterns observed during this operation."
blk_5225719677049010638,"The block blk_5225719677049010638 experienced a termination of its PacketResponder, indicating that there may have been an issue with the communication or response handling for this block. However, no specific errors, exceptions, or warnings were detailed in the log lines, and there is no indication of retries, failures, or an inconsistent state for the block. The log suggests that the operations related to this block were not completed normally, but without additional context, it is unclear if this resulted in any lasting impact on the block's integrity or availability."
blk_4343207286455274569,"The block blk_4343207286455274569 was successfully received without any errors or exceptions. The operation completed normally, indicating that the block is healthy and in a consistent state. There were no retries, failures, or unusual patterns noted during the operation."
